structure,robot,dataset,scene_id,r_filter,n_points,solved,time_secs,construction_secs,n_samples,n_nodes
primitive,panda,bookshelf_small,1,0.048,2366,true,0.000055935,0.000000451,50,6
mvtable,panda,bookshelf_small,1,0.048,2366,true,0.000074741,0.000048782,1,5
mvtable_mutable,panda,bookshelf_small,1,0.048,2366,true,0.000068418,0.000070863,1,5
mvtable_cpp,panda,bookshelf_small,1,0.048,2366,true,0.000088516,0.000026089,1,5
capt,panda,bookshelf_small,1,0.048,2366,true,0.00011703,0.002063207,1,5
kiddo,panda,bookshelf_small,1,0.048,2366,true,0.000294473,0.000067597,1,5
mvtable_simd,panda,bookshelf_small,1,0.048,2366,true,0.000075933,0.000049102,1,5
mvtable_mutable_simd,panda,bookshelf_small,1,0.048,2366,true,0.000062197,0.000062979,1,5
mvt_cpp_simd,panda,bookshelf_small,1,0.048,2366,true,0.000066475,0.000028694,1,5
capt_simd,panda,bookshelf_small,1,0.048,2366,true,0.000070082,0.002249116,1,5
primitive,panda,bookshelf_small,2,0.048,2368,true,0.000096792,0.000000231,121,9
mvtable,panda,bookshelf_small,2,0.048,2368,true,0.00018677,0.000048201,116,7
mvtable_mutable,panda,bookshelf_small,2,0.048,2368,true,0.000185568,0.00006382,116,7
mvtable_cpp,panda,bookshelf_small,2,0.048,2368,true,0.000212599,0.000024947,116,7
capt,panda,bookshelf_small,2,0.048,2368,true,0.000528774,0.001956566,116,7
kiddo,panda,bookshelf_small,2,0.048,2368,true,0.000562817,0.000084258,116,7
mvtable_simd,panda,bookshelf_small,2,0.048,2368,true,0.000171362,0.000049332,116,7
mvtable_mutable_simd,panda,bookshelf_small,2,0.048,2368,true,0.000163727,0.00006881,116,7
mvt_cpp_simd,panda,bookshelf_small,2,0.048,2368,true,0.000166252,0.00003211,116,7
capt_simd,panda,bookshelf_small,2,0.048,2368,true,0.000220965,0.002286376,116,7
primitive,panda,bookshelf_small,3,0.048,2309,true,0.000044133,0.000000331,21,7
mvtable,panda,bookshelf_small,3,0.048,2309,true,0.000051748,0.000043923,1,6
mvtable_mutable,panda,bookshelf_small,3,0.048,2309,true,0.000049613,0.000060113,1,6
mvtable_cpp,panda,bookshelf_small,3,0.048,2309,true,0.000055634,0.000023143,1,6
capt,panda,bookshelf_small,3,0.048,2309,true,0.000100819,0.0016759,1,6
kiddo,panda,bookshelf_small,3,0.048,2309,true,0.000298851,0.000057718,1,6
mvtable_simd,panda,bookshelf_small,3,0.048,2309,true,0.00004276,0.000043712,1,6
mvtable_mutable_simd,panda,bookshelf_small,3,0.048,2309,true,0.000041538,0.000058119,1,6
mvt_cpp_simd,panda,bookshelf_small,3,0.048,2309,true,0.000040306,0.000023334,1,6
capt_simd,panda,bookshelf_small,3,0.048,2309,true,0.000056416,0.001905841,1,6
primitive,panda,bookshelf_small,4,0.048,2262,true,0.000061326,0.000000161,105,5
mvtable,panda,bookshelf_small,4,0.048,2262,true,0.000043362,0.000040636,15,5
mvtable_mutable,panda,bookshelf_small,4,0.048,2262,true,0.000043341,0.000053681,15,5
mvtable_cpp,panda,bookshelf_small,4,0.048,2262,true,0.000043792,0.000024466,15,5
capt,panda,bookshelf_small,4,0.048,2262,true,0.000104667,0.001692019,15,5
kiddo,panda,bookshelf_small,4,0.048,2262,true,0.000251182,0.000057198,15,5
mvtable_simd,panda,bookshelf_small,4,0.048,2262,true,0.000039284,0.000040706,15,5
mvtable_mutable_simd,panda,bookshelf_small,4,0.048,2262,true,0.00003745,0.000055123,15,5
mvt_cpp_simd,panda,bookshelf_small,4,0.048,2262,true,0.000038342,0.000023454,15,5
capt_simd,panda,bookshelf_small,4,0.048,2262,true,0.000063709,0.001929736,15,5
primitive,panda,bookshelf_small,5,0.048,2326,true,0.000083918,0.000000161,152,9
mvtable,panda,bookshelf_small,5,0.048,2326,true,0.000136998,0.000044083,152,9
mvtable_mutable,panda,bookshelf_small,5,0.048,2326,true,0.000136907,0.000058961,152,9
mvtable_cpp,panda,bookshelf_small,5,0.048,2326,true,0.000160511,0.000023524,152,9
capt,panda,bookshelf_small,5,0.048,2326,true,0.000673466,0.001705615,152,9
kiddo,panda,bookshelf_small,5,0.048,2326,true,0.000536458,0.00005839,152,9
mvtable_simd,panda,bookshelf_small,5,0.048,2326,true,0.000134633,0.000045004,152,9
mvtable_mutable_simd,panda,bookshelf_small,5,0.048,2326,true,0.000131317,0.00005858,152,9
mvt_cpp_simd,panda,bookshelf_small,5,0.048,2326,true,0.000139602,0.000023354,152,9
capt_simd,panda,bookshelf_small,5,0.048,2326,true,0.000210445,0.002041335,152,9
primitive,panda,bookshelf_small,6,0.048,2364,true,0.000668115,0.00000018,2124,13
mvtable,panda,bookshelf_small,6,0.048,2364,true,0.000996553,0.000045586,2124,13
mvtable_mutable,panda,bookshelf_small,6,0.048,2364,true,0.001009046,0.000061255,2124,13
mvtable_cpp,panda,bookshelf_small,6,0.048,2364,true,0.00114438,0.000023474,2124,13
capt,panda,bookshelf_small,6,0.048,2364,true,0.001777319,0.001690446,2124,13
kiddo,panda,bookshelf_small,6,0.048,2364,true,0.002835357,0.000063209,2124,13
mvtable_simd,panda,bookshelf_small,6,0.048,2364,true,0.000996622,0.000045987,2124,13
mvtable_mutable_simd,panda,bookshelf_small,6,0.048,2364,true,0.000993607,0.000066304,2124,13
mvt_cpp_simd,panda,bookshelf_small,6,0.048,2364,true,0.001017242,0.000025317,2124,13
capt_simd,panda,bookshelf_small,6,0.048,2364,true,0.00136752,0.00212374,2124,13
primitive,panda,bookshelf_small,7,0.048,2402,true,0.000034265,0.00000018,21,6
mvtable,panda,bookshelf_small,7,0.048,2402,true,0.000046768,0.000055064,10,6
mvtable_mutable,panda,bookshelf_small,7,0.048,2402,true,0.000043161,0.000062968,10,6
mvtable_cpp,panda,bookshelf_small,7,0.048,2402,true,0.000045596,0.000027522,10,6
capt,panda,bookshelf_small,7,0.048,2402,true,0.000083708,0.001704673,10,6
kiddo,panda,bookshelf_small,7,0.048,2402,true,0.000200967,0.000060413,10,6
mvtable_simd,panda,bookshelf_small,7,0.048,2402,true,0.000039414,0.000047529,10,6
mvtable_mutable_simd,panda,bookshelf_small,7,0.048,2402,true,0.000038252,0.000062207,10,6
mvt_cpp_simd,panda,bookshelf_small,7,0.048,2402,true,0.000040977,0.000024436,10,6
capt_simd,panda,bookshelf_small,7,0.048,2402,true,0.000060253,0.001968128,10,6
primitive,panda,bookshelf_small,8,0.048,2386,true,0.00002679,0.000000161,7,5
mvtable,panda,bookshelf_small,8,0.048,2386,true,0.000064851,0.000046387,5,6
mvtable_mutable,panda,bookshelf_small,8,0.048,2386,true,0.000069601,0.000060574,5,6
mvtable_cpp,panda,bookshelf_small,8,0.048,2386,true,0.000075161,0.000025608,5,6
capt,panda,bookshelf_small,8,0.048,2386,true,0.000233449,0.001702209,5,6
kiddo,panda,bookshelf_small,8,0.048,2386,true,0.000263775,0.000061606,5,6
mvtable_simd,panda,bookshelf_small,8,0.048,2386,true,0.000059021,0.000045736,5,6
mvtable_mutable_simd,panda,bookshelf_small,8,0.048,2386,true,0.00005849,0.000060414,5,6
mvt_cpp_simd,panda,bookshelf_small,8,0.048,2386,true,0.000064331,0.000023223,5,6
capt_simd,panda,bookshelf_small,8,0.048,2386,true,0.000081754,0.001961826,5,6
primitive,panda,bookshelf_small,9,0.048,2383,true,0.00023992,0.00000019,883,7
mvtable,panda,bookshelf_small,9,0.048,2383,true,0.000303189,0.000046297,255,12
mvtable_mutable,panda,bookshelf_small,9,0.048,2383,true,0.00030842,0.000060875,255,12
mvtable_cpp,panda,bookshelf_small,9,0.048,2383,true,0.000432753,0.000023264,255,12
capt,panda,bookshelf_small,9,0.048,2383,true,0.000968449,0.001704443,255,12
kiddo,panda,bookshelf_small,9,0.048,2383,true,0.000980131,0.000060544,255,12
mvtable_simd,panda,bookshelf_small,9,0.048,2383,true,0.000291568,0.000046858,255,12
mvtable_mutable_simd,panda,bookshelf_small,9,0.048,2383,true,0.000284144,0.000060945,255,12
mvt_cpp_simd,panda,bookshelf_small,9,0.048,2383,true,0.000322265,0.000023514,255,12
capt_simd,panda,bookshelf_small,9,0.048,2383,true,0.000388089,0.001985861,255,12
primitive,panda,bookshelf_small,10,0.048,2277,true,0.000049032,0.000000171,9,11
mvtable,panda,bookshelf_small,10,0.048,2277,true,0.000065183,0.000045245,9,11
mvtable_mutable,panda,bookshelf_small,10,0.048,2277,true,0.000064561,0.0000583,9,11
mvtable_cpp,panda,bookshelf_small,10,0.048,2277,true,0.000073709,0.000023684,9,11
capt,panda,bookshelf_small,10,0.048,2277,true,0.000151325,0.001667643,9,11
kiddo,panda,bookshelf_small,10,0.048,2277,true,0.000332044,0.000061405,9,11
mvtable_simd,panda,bookshelf_small,10,0.048,2277,true,0.000055925,0.000049213,9,11
mvtable_mutable_simd,panda,bookshelf_small,10,0.048,2277,true,0.000055915,0.000059001,9,11
mvt_cpp_simd,panda,bookshelf_small,10,0.048,2277,true,0.000061396,0.000026169,9,11
capt_simd,panda,bookshelf_small,10,0.048,2277,true,0.000103524,0.001923655,9,11
primitive,panda,bookshelf_small,11,0.048,2277,true,0.000052168,0.000000161,62,7
mvtable,panda,bookshelf_small,11,0.048,2277,true,0.000032672,0.000041087,2,6
mvtable_mutable,panda,bookshelf_small,11,0.048,2277,true,0.00003206,0.000054392,2,6
mvtable_cpp,panda,bookshelf_small,11,0.048,2277,true,0.000037831,0.000027352,2,6
capt,panda,bookshelf_small,11,0.048,2277,true,0.000094748,0.001714441,2,6
kiddo,panda,bookshelf_small,11,0.048,2277,true,0.000185719,0.000097463,2,6
mvtable_simd,panda,bookshelf_small,11,0.048,2277,true,0.000028554,0.000041067,2,6
mvtable_mutable_simd,panda,bookshelf_small,11,0.048,2277,true,0.000032001,0.000055134,2,6
mvt_cpp_simd,panda,bookshelf_small,11,0.048,2277,true,0.000028654,0.000027561,2,6
capt_simd,panda,bookshelf_small,11,0.048,2277,true,0.000048652,0.001996281,2,6
primitive,panda,bookshelf_small,12,0.048,2390,true,0.000038863,0.00000018,35,5
mvtable,panda,bookshelf_small,12,0.048,2390,true,0.000088136,0.00004761,16,7
mvtable_mutable,panda,bookshelf_small,12,0.048,2390,true,0.000088256,0.000063209,16,7
mvtable_cpp,panda,bookshelf_small,12,0.048,2390,true,0.000096842,0.000024486,16,7
capt,panda,bookshelf_small,12,0.048,2390,true,0.000182452,0.001698592,16,7
kiddo,panda,bookshelf_small,12,0.048,2390,true,0.000313349,0.000067697,16,7
mvtable_simd,panda,bookshelf_small,12,0.048,2390,true,0.000081433,0.000047229,16,7
mvtable_mutable_simd,panda,bookshelf_small,12,0.048,2390,true,0.000080822,0.000062898,16,7
mvt_cpp_simd,panda,bookshelf_small,12,0.048,2390,true,0.000076344,0.00002703,16,7
capt_simd,panda,bookshelf_small,12,0.048,2390,true,0.000109055,0.002111577,16,7
primitive,panda,bookshelf_small,13,0.048,2349,true,0.001722657,0.000000441,19600,6
mvtable,panda,bookshelf_small,13,0.048,2349,true,0.000091862,0.000048561,126,5
mvtable_mutable,panda,bookshelf_small,13,0.048,2349,true,0.000096491,0.000065322,126,5
mvtable_cpp,panda,bookshelf_small,13,0.048,2349,true,0.000100639,0.000029376,126,5
capt,panda,bookshelf_small,13,0.048,2349,true,0.000481995,0.001772891,126,5
kiddo,panda,bookshelf_small,13,0.048,2349,true,0.000388891,0.000065924,126,5
mvtable_simd,panda,bookshelf_small,13,0.048,2349,true,0.000086503,0.000048982,126,5
mvtable_mutable_simd,panda,bookshelf_small,13,0.048,2349,true,0.000086142,0.00006406,126,5
mvt_cpp_simd,panda,bookshelf_small,13,0.048,2349,true,0.000089899,0.000023704,126,5
capt_simd,panda,bookshelf_small,13,0.048,2349,true,0.000155833,0.002060362,126,5
primitive,panda,bookshelf_small,14,0.048,2365,true,0.000040777,0.00000022,25,7
mvtable,panda,bookshelf_small,14,0.048,2365,true,0.0000477,0.000046287,10,6
mvtable_mutable,panda,bookshelf_small,14,0.048,2365,true,0.000046618,0.000062798,10,6
mvtable_cpp,panda,bookshelf_small,14,0.048,2365,true,0.000056175,0.000027893,10,6
capt,panda,bookshelf_small,14,0.048,2365,true,0.000083617,0.001743807,10,6
kiddo,panda,bookshelf_small,14,0.048,2365,true,0.000174207,0.000064471,10,6
mvtable_simd,panda,bookshelf_small,14,0.048,2365,true,0.000041738,0.000046498,10,6
mvtable_mutable_simd,panda,bookshelf_small,14,0.048,2365,true,0.000040987,0.000061926,10,6
mvt_cpp_simd,panda,bookshelf_small,14,0.048,2365,true,0.000047369,0.000026099,10,6
capt_simd,panda,bookshelf_small,14,0.048,2365,true,0.000062357,0.002016319,10,6
primitive,panda,bookshelf_small,15,0.048,2297,true,0.001186219,0.00000015,3745,9
mvtable,panda,bookshelf_small,15,0.048,2297,true,0.001090199,0.000046037,2292,10
mvtable_mutable,panda,bookshelf_small,15,0.048,2297,true,0.001093624,0.000059962,2292,10
mvtable_cpp,panda,bookshelf_small,15,0.048,2297,true,0.001222056,0.000027462,2292,10
capt,panda,bookshelf_small,15,0.048,2297,true,0.001731413,0.001755429,2292,10
kiddo,panda,bookshelf_small,15,0.048,2297,true,0.002915217,0.000062707,2292,10
mvtable_simd,panda,bookshelf_small,15,0.048,2297,true,0.001047278,0.000046106,2292,10
mvtable_mutable_simd,panda,bookshelf_small,15,0.048,2297,true,0.001044263,0.000060644,2292,10
mvt_cpp_simd,panda,bookshelf_small,15,0.048,2297,true,0.001058759,0.000025568,2292,10
capt_simd,panda,bookshelf_small,15,0.048,2297,true,0.001516359,0.002030856,2292,10
primitive,panda,bookshelf_small,16,0.048,2340,true,0.000125936,0.00000017,155,4
mvtable,panda,bookshelf_small,16,0.048,2340,true,0.000035016,0.000045976,7,3
mvtable_mutable,panda,bookshelf_small,16,0.048,2340,true,0.000034846,0.00006365,7,3
mvtable_cpp,panda,bookshelf_small,16,0.048,2340,true,0.000040957,0.000024255,7,3
capt,panda,bookshelf_small,16,0.048,2340,true,0.000066885,0.001752843,7,3
kiddo,panda,bookshelf_small,16,0.048,2340,true,0.000215645,0.000061966,7,3
mvtable_simd,panda,bookshelf_small,16,0.048,2340,true,0.000030437,0.000044824,7,3
mvtable_mutable_simd,panda,bookshelf_small,16,0.048,2340,true,0.000029615,0.000058981,7,3
mvt_cpp_simd,panda,bookshelf_small,16,0.048,2340,true,0.000035026,0.000023274,7,3
capt_simd,panda,bookshelf_small,16,0.048,2340,true,0.000049012,0.001958009,7,3
primitive,panda,bookshelf_small,17,0.048,2313,true,0.00006383,0.00000018,105,5
mvtable,panda,bookshelf_small,17,0.048,2313,true,0.00004251,0.000044684,10,5
mvtable_mutable,panda,bookshelf_small,17,0.048,2313,true,0.000041969,0.000059371,10,5
mvtable_cpp,panda,bookshelf_small,17,0.048,2313,true,0.000050455,0.000023775,10,5
capt,panda,bookshelf_small,17,0.048,2313,true,0.000088997,0.00172993,10,5
kiddo,panda,bookshelf_small,17,0.048,2313,true,0.000285115,0.000059142,10,5
mvtable_simd,panda,bookshelf_small,17,0.048,2313,true,0.00004238,0.000045725,10,5
mvtable_mutable_simd,panda,bookshelf_small,17,0.048,2313,true,0.00003713,0.000059572,10,5
mvt_cpp_simd,panda,bookshelf_small,17,0.048,2313,true,0.00004287,0.000023243,10,5
capt_simd,panda,bookshelf_small,17,0.048,2313,true,0.000063099,0.001972998,10,5
primitive,panda,bookshelf_small,18,0.048,2346,true,0.000075221,0.00000018,169,6
mvtable,panda,bookshelf_small,18,0.048,2346,true,0.00004249,0.000045967,9,6
mvtable_mutable,panda,bookshelf_small,18,0.048,2346,true,0.000041878,0.000061666,9,6
mvtable_cpp,panda,bookshelf_small,18,0.048,2346,true,0.000046207,0.000034505,9,6
capt,panda,bookshelf_small,18,0.048,2346,true,0.000075692,0.0017296,9,6
kiddo,panda,bookshelf_small,18,0.048,2346,true,0.000321975,0.000063218,9,6
mvtable_simd,panda,bookshelf_small,18,0.048,2346,true,0.000043672,0.000046257,9,6
mvtable_mutable_simd,panda,bookshelf_small,18,0.048,2346,true,0.000035647,0.000061375,9,6
mvt_cpp_simd,panda,bookshelf_small,18,0.048,2346,true,0.00004249,0.00002646,9,6
capt_simd,panda,bookshelf_small,18,0.048,2346,true,0.000061054,0.001998856,9,6
primitive,panda,bookshelf_small,19,0.048,2383,true,0.001461406,0.00000017,12992,9
mvtable,panda,bookshelf_small,19,0.048,2383,true,0.001025968,0.00004805,2730,7
mvtable_mutable,panda,bookshelf_small,19,0.048,2383,true,0.001019996,0.000061966,2730,7
mvtable_cpp,panda,bookshelf_small,19,0.048,2383,true,0.001093926,0.000031309,2730,7
capt,panda,bookshelf_small,19,0.048,2383,true,0.001780335,0.001716125,2730,7
kiddo,panda,bookshelf_small,19,0.048,2383,true,0.002779763,0.00006941,2730,7
mvtable_simd,panda,bookshelf_small,19,0.048,2383,true,0.001013434,0.000048491,2730,7
mvtable_mutable_simd,panda,bookshelf_small,19,0.048,2383,true,0.000990361,0.000062798,2730,7
mvt_cpp_simd,panda,bookshelf_small,19,0.048,2383,true,0.001023854,0.00003196,2730,7
capt_simd,panda,bookshelf_small,19,0.048,2383,true,0.001382097,0.002003825,2730,7
primitive,panda,bookshelf_small,20,0.048,2265,true,0.000027121,0.000000171,7,4
mvtable,panda,bookshelf_small,20,0.048,2265,true,0.000038973,0.000048992,7,4
mvtable_mutable,panda,bookshelf_small,20,0.048,2265,true,0.000038893,0.000054964,7,4
mvtable_cpp,panda,bookshelf_small,20,0.048,2265,true,0.000041898,0.000024777,7,4
capt,panda,bookshelf_small,20,0.048,2265,true,0.000071455,0.001716515,7,4
kiddo,panda,bookshelf_small,20,0.048,2265,true,0.00024997,0.000063079,7,4
mvtable_simd,panda,bookshelf_small,20,0.048,2265,true,0.000033884,0.000041768,7,4
mvtable_mutable_simd,panda,bookshelf_small,20,0.048,2265,true,0.000032611,0.000056487,7,4
mvt_cpp_simd,panda,bookshelf_small,20,0.048,2265,true,0.000035116,0.000023955,7,4
capt_simd,panda,bookshelf_small,20,0.048,2265,true,0.000054513,0.002001811,7,4
primitive,panda,bookshelf_small,21,0.048,2334,true,0.000051207,0.000000181,59,6
mvtable,panda,bookshelf_small,21,0.048,2334,true,0.000078598,0.000046778,50,6
mvtable_mutable,panda,bookshelf_small,21,0.048,2334,true,0.000077956,0.000061987,50,6
mvtable_cpp,panda,bookshelf_small,21,0.048,2334,true,0.000092464,0.000023825,50,6
capt,panda,bookshelf_small,21,0.048,2334,true,0.000183314,0.001727687,50,6
kiddo,panda,bookshelf_small,21,0.048,2334,true,0.000379944,0.000064241,50,6
mvtable_simd,panda,bookshelf_small,21,0.048,2334,true,0.000076063,0.000046888,50,6
mvtable_mutable_simd,panda,bookshelf_small,21,0.048,2334,true,0.000071554,0.000061095,50,6
mvt_cpp_simd,panda,bookshelf_small,21,0.048,2334,true,0.000075812,0.000023515,50,6
capt_simd,panda,bookshelf_small,21,0.048,2334,true,0.000103054,0.001996531,50,6
primitive,panda,bookshelf_small,22,0.048,2293,true,0.000066596,0.00000018,113,6
mvtable,panda,bookshelf_small,22,0.048,2293,true,0.000105348,0.000044584,113,6
mvtable_mutable,panda,bookshelf_small,22,0.048,2293,true,0.000118943,0.000063219,113,6
mvtable_cpp,panda,bookshelf_small,22,0.048,2293,true,0.000124224,0.00003163,113,6
capt,panda,bookshelf_small,22,0.048,2293,true,0.000243157,0.001691949,113,6
kiddo,panda,bookshelf_small,22,0.048,2293,true,0.00047369,0.000063609,113,6
mvtable_simd,panda,bookshelf_small,22,0.048,2293,true,0.000097172,0.000044534,113,6
mvtable_mutable_simd,panda,bookshelf_small,22,0.048,2293,true,0.000096481,0.000059953,113,6
mvt_cpp_simd,panda,bookshelf_small,22,0.048,2293,true,0.000103484,0.000024135,113,6
capt_simd,panda,bookshelf_small,22,0.048,2293,true,0.000155462,0.002056694,113,6
primitive,panda,bookshelf_small,23,0.048,2394,true,0.000202441,0.000000371,477,5
mvtable,panda,bookshelf_small,23,0.048,2394,true,0.00011717,0.000052408,28,6
mvtable_mutable,panda,bookshelf_small,23,0.048,2394,true,0.000117971,0.000066284,28,6
mvtable_cpp,panda,bookshelf_small,23,0.048,2394,true,0.000127449,0.000030497,28,6
capt,panda,bookshelf_small,23,0.048,2394,true,0.000349577,0.001786597,28,6
kiddo,panda,bookshelf_small,23,0.048,2394,true,0.000361209,0.000068479,28,6
mvtable_simd,panda,bookshelf_small,23,0.048,2394,true,0.000108664,0.000048051,28,6
mvtable_mutable_simd,panda,bookshelf_small,23,0.048,2394,true,0.000108013,0.000067997,28,6
mvt_cpp_simd,panda,bookshelf_small,23,0.048,2394,true,0.000101681,0.000027993,28,6
capt_simd,panda,bookshelf_small,23,0.048,2394,true,0.000134583,0.00205975,28,6
primitive,panda,bookshelf_small,24,0.048,2350,true,0.000025148,0.00000021,1,5
mvtable,panda,bookshelf_small,24,0.048,2350,true,0.000035406,0.000053321,1,5
mvtable_mutable,panda,bookshelf_small,24,0.048,2350,true,0.000033533,0.000063569,1,5
mvtable_cpp,panda,bookshelf_small,24,0.048,2350,true,0.000040125,0.000029506,1,5
capt,panda,bookshelf_small,24,0.048,2350,true,0.00007445,0.001785805,1,5
kiddo,panda,bookshelf_small,24,0.048,2350,true,0.000194817,0.000062598,1,5
mvtable_simd,panda,bookshelf_small,24,0.048,2350,true,0.000029926,0.000047759,1,5
mvtable_mutable_simd,panda,bookshelf_small,24,0.048,2350,true,0.000030377,0.000062868,1,5
mvt_cpp_simd,panda,bookshelf_small,24,0.048,2350,true,0.000032691,0.000029184,1,5
capt_simd,panda,bookshelf_small,24,0.048,2350,true,0.000045977,0.002063137,1,5
primitive,panda,bookshelf_small,25,0.048,2393,true,0.000026029,0.000000171,7,4
mvtable,panda,bookshelf_small,25,0.048,2393,true,0.000045856,0.000048211,7,4
mvtable_mutable,panda,bookshelf_small,25,0.048,2393,true,0.000040365,0.000062678,7,4
mvtable_cpp,panda,bookshelf_small,25,0.048,2393,true,0.000043612,0.000029496,7,4
capt,panda,bookshelf_small,25,0.048,2393,true,0.000061525,0.001698592,7,4
kiddo,panda,bookshelf_small,25,0.048,2393,true,0.000140003,0.000062558,7,4
mvtable_simd,panda,bookshelf_small,25,0.048,2393,true,0.000036369,0.000048471,7,4
mvtable_mutable_simd,panda,bookshelf_small,25,0.048,2393,true,0.000036348,0.000068047,7,4
mvt_cpp_simd,panda,bookshelf_small,25,0.048,2393,true,0.000035997,0.000029736,7,4
capt_simd,panda,bookshelf_small,25,0.048,2393,true,0.00004761,0.001945124,7,4
primitive,panda,bookshelf_small,26,0.048,2291,true,0.000080411,0.000000161,68,13
mvtable,panda,bookshelf_small,26,0.048,2291,true,0.000065262,0.000045726,22,5
mvtable_mutable,panda,bookshelf_small,26,0.048,2291,true,0.000065714,0.000060113,22,5
mvtable_cpp,panda,bookshelf_small,26,0.048,2291,true,0.000113424,0.000030067,22,5
capt,panda,bookshelf_small,26,0.048,2291,true,0.000166312,0.001728328,22,5
kiddo,panda,bookshelf_small,26,0.048,2291,true,0.000328798,0.000060594,22,5
mvtable_simd,panda,bookshelf_small,26,0.048,2291,true,0.000060845,0.000045766,22,5
mvtable_mutable_simd,panda,bookshelf_small,26,0.048,2291,true,0.000060383,0.000059452,22,5
mvt_cpp_simd,panda,bookshelf_small,26,0.048,2291,true,0.000075612,0.000027882,22,5
capt_simd,panda,bookshelf_small,26,0.048,2291,true,0.00008503,0.001944894,22,5
primitive,panda,bookshelf_small,27,0.048,2401,true,0.000025699,0.00000017,8,5
mvtable,panda,bookshelf_small,27,0.048,2401,true,0.000044062,0.000049703,8,5
mvtable_mutable,panda,bookshelf_small,27,0.048,2401,true,0.000043031,0.000067907,8,5
mvtable_cpp,panda,bookshelf_small,27,0.048,2401,true,0.000046047,0.000027342,8,5
capt,panda,bookshelf_small,27,0.048,2401,true,0.000083006,0.001727346,8,5
kiddo,panda,bookshelf_small,27,0.048,2401,true,0.000188264,0.000068128,8,5
mvtable_simd,panda,bookshelf_small,27,0.048,2401,true,0.000043131,0.000052298,8,5
mvtable_mutable_simd,panda,bookshelf_small,27,0.048,2401,true,0.000042109,0.000064461,8,5
mvt_cpp_simd,panda,bookshelf_small,27,0.048,2401,true,0.000041888,0.000029726,8,5
capt_simd,panda,bookshelf_small,27,0.048,2401,true,0.000055955,0.002040273,8,5
primitive,panda,bookshelf_small,28,0.048,2324,true,0.000129163,0.000000331,274,7
mvtable,panda,bookshelf_small,28,0.048,2324,true,0.000047719,0.000045876,9,5
mvtable_mutable,panda,bookshelf_small,28,0.048,2324,true,0.000043843,0.000060885,9,5
mvtable_cpp,panda,bookshelf_small,28,0.048,2324,true,0.000048571,0.000029055,9,5
capt,panda,bookshelf_small,28,0.048,2324,true,0.000089028,0.001753715,9,5
kiddo,panda,bookshelf_small,28,0.048,2324,true,0.000256331,0.000066825,9,5
mvtable_simd,panda,bookshelf_small,28,0.048,2324,true,0.000038893,0.000046056,9,5
mvtable_mutable_simd,panda,bookshelf_small,28,0.048,2324,true,0.000038342,0.000060574,9,5
mvt_cpp_simd,panda,bookshelf_small,28,0.048,2324,true,0.000040777,0.000028213,9,5
capt_simd,panda,bookshelf_small,28,0.048,2324,true,0.000062607,0.002028721,9,5
primitive,panda,bookshelf_small,29,0.048,2399,true,0.000076865,0.00000017,141,5
mvtable,panda,bookshelf_small,29,0.048,2399,true,0.000169569,0.000050284,84,6
mvtable_mutable,panda,bookshelf_small,29,0.048,2399,true,0.000185358,0.000064752,84,6
mvtable_cpp,panda,bookshelf_small,29,0.048,2399,true,0.000150984,0.000038943,84,6
capt,panda,bookshelf_small,29,0.048,2399,true,0.000396245,0.001754396,84,6
kiddo,panda,bookshelf_small,29,0.048,2399,true,0.000471256,0.000072577,84,6
mvtable_simd,panda,bookshelf_small,29,0.048,2399,true,0.000158288,0.000050135,84,6
mvtable_mutable_simd,panda,bookshelf_small,29,0.048,2399,true,0.000154831,0.000065503,84,6
mvt_cpp_simd,panda,bookshelf_small,29,0.048,2399,true,0.000136386,0.000030838,84,6
capt_simd,panda,bookshelf_small,29,0.048,2399,true,0.000178947,0.002005709,84,6
primitive,panda,bookshelf_small,30,0.048,2374,true,0.000050425,0.00000016,57,4
mvtable,panda,bookshelf_small,30,0.048,2374,true,0.000104957,0.00004799,21,7
mvtable_mutable,panda,bookshelf_small,30,0.048,2374,true,0.000105448,0.000063349,21,7
mvtable_cpp,panda,bookshelf_small,30,0.048,2374,true,0.000104597,0.000030397,21,7
capt,panda,bookshelf_small,30,0.048,2374,true,0.000323508,0.00170351,21,7
kiddo,panda,bookshelf_small,30,0.048,2374,true,0.000288261,0.000066104,21,7
mvtable_simd,panda,bookshelf_small,30,0.048,2374,true,0.000099396,0.000048391,21,7
mvtable_mutable_simd,panda,bookshelf_small,30,0.048,2374,true,0.000098325,0.00006386,21,7
mvt_cpp_simd,panda,bookshelf_small,30,0.048,2374,true,0.000088787,0.000030387,21,7
capt_simd,panda,bookshelf_small,30,0.048,2374,true,0.000130515,0.001989759,21,7
primitive,panda,bookshelf_small,31,0.048,2384,true,0.000032822,0.00000017,28,5
mvtable,panda,bookshelf_small,31,0.048,2384,true,0.000032841,0.000053591,1,5
mvtable_mutable,panda,bookshelf_small,31,0.048,2384,true,0.000032662,0.00006386,1,5
mvtable_cpp,panda,bookshelf_small,31,0.048,2384,true,0.000033202,0.000031019,1,5
capt,panda,bookshelf_small,31,0.048,2384,true,0.000060203,0.00171334,1,5
kiddo,panda,bookshelf_small,31,0.048,2384,true,0.000157355,0.000065784,1,5
mvtable_simd,panda,bookshelf_small,31,0.048,2384,true,0.000029476,0.000049483,1,5
mvtable_mutable_simd,panda,bookshelf_small,31,0.048,2384,true,0.000028894,0.000064271,1,5
mvt_cpp_simd,panda,bookshelf_small,31,0.048,2384,true,0.000029275,0.000030798,1,5
capt_simd,panda,bookshelf_small,31,0.048,2384,true,0.000044133,0.00203266,1,5
primitive,panda,bookshelf_small,32,0.048,2146,true,0.000660661,0.000000181,2667,9
mvtable,panda,bookshelf_small,32,0.048,2146,true,0.000463812,0.000041869,982,10
mvtable_mutable,panda,bookshelf_small,32,0.048,2146,true,0.000470874,0.000054953,982,10
mvtable_cpp,panda,bookshelf_small,32,0.048,2146,true,0.000498637,0.000028143,982,10
capt,panda,bookshelf_small,32,0.048,2146,true,0.000844166,0.001637126,982,10
kiddo,panda,bookshelf_small,32,0.048,2146,true,0.001712579,0.000060062,982,10
mvtable_simd,panda,bookshelf_small,32,0.048,2146,true,0.000441119,0.000042029,982,10
mvtable_mutable_simd,panda,bookshelf_small,32,0.048,2146,true,0.000433114,0.000055655,982,10
mvt_cpp_simd,panda,bookshelf_small,32,0.048,2146,true,0.000449695,0.000028654,982,10
capt_simd,panda,bookshelf_small,32,0.048,2146,true,0.000688324,0.001864514,982,10
primitive,panda,bookshelf_small,33,0.048,2383,true,0.000036729,0.00000017,8,6
mvtable,panda,bookshelf_small,33,0.048,2383,true,0.000075863,0.00004819,7,9
mvtable_mutable,panda,bookshelf_small,33,0.048,2383,true,0.000075121,0.000063579,7,9
mvtable_cpp,panda,bookshelf_small,33,0.048,2383,true,0.000086993,0.000028403,7,9
capt,panda,bookshelf_small,33,0.048,2383,true,0.000136497,0.00170849,7,9
kiddo,panda,bookshelf_small,33,0.048,2383,true,0.000345409,0.000065433,7,9
mvtable_simd,panda,bookshelf_small,33,0.048,2383,true,0.000067808,0.000048321,7,9
mvtable_mutable_simd,panda,bookshelf_small,33,0.048,2383,true,0.00006949,0.000067748,7,9
mvt_cpp_simd,panda,bookshelf_small,33,0.048,2383,true,0.000068769,0.000028163,7,9
capt_simd,panda,bookshelf_small,33,0.048,2383,true,0.000100278,0.001966996,7,9
primitive,panda,bookshelf_small,34,0.048,2403,true,0.000034495,0.0000002,22,4
mvtable,panda,bookshelf_small,34,0.048,2403,true,0.000052028,0.000049764,7,4
mvtable_mutable,panda,bookshelf_small,34,0.048,2403,true,0.000043332,0.00006916,7,4
mvtable_cpp,panda,bookshelf_small,34,0.048,2403,true,0.000047149,0.000025057,7,4
capt,panda,bookshelf_small,34,0.048,2403,true,0.000141766,0.001702038,7,4
kiddo,panda,bookshelf_small,34,0.048,2403,true,0.000140104,0.000061175,7,4
mvtable_simd,panda,bookshelf_small,34,0.048,2403,true,0.000040416,0.000047659,7,4
mvtable_mutable_simd,panda,bookshelf_small,34,0.048,2403,true,0.000039715,0.000070672,7,4
mvt_cpp_simd,panda,bookshelf_small,34,0.048,2403,true,0.000039574,0.000024806,7,4
capt_simd,panda,bookshelf_small,34,0.048,2403,true,0.000060494,0.001977927,7,4
primitive,panda,bookshelf_small,35,0.048,2345,true,0.000027242,0.000000171,16,4
mvtable,panda,bookshelf_small,35,0.048,2345,true,0.000050685,0.000047258,10,5
mvtable_mutable,panda,bookshelf_small,35,0.048,2345,true,0.000050494,0.000061405,10,5
mvtable_cpp,panda,bookshelf_small,35,0.048,2345,true,0.000059512,0.000022953,10,5
capt,panda,bookshelf_small,35,0.048,2345,true,0.000102633,0.001730021,10,5
kiddo,panda,bookshelf_small,35,0.048,2345,true,0.00034579,0.000064251,10,5
mvtable_simd,panda,bookshelf_small,35,0.048,2345,true,0.000045596,0.000047499,10,5
mvtable_mutable_simd,panda,bookshelf_small,35,0.048,2345,true,0.000044453,0.000066815,10,5
mvt_cpp_simd,panda,bookshelf_small,35,0.048,2345,true,0.000050184,0.000027853,10,5
capt_simd,panda,bookshelf_small,35,0.048,2345,true,0.00006884,0.001981964,10,5
primitive,panda,bookshelf_small,36,0.048,2362,true,0.000355929,0.00000016,1373,6
mvtable,panda,bookshelf_small,36,0.048,2362,true,0.000128912,0.000047178,107,6
mvtable_mutable,panda,bookshelf_small,36,0.048,2362,true,0.000135675,0.000061235,107,6
mvtable_cpp,panda,bookshelf_small,36,0.048,2362,true,0.000163828,0.000024005,107,6
capt,panda,bookshelf_small,36,0.048,2362,true,0.000243858,0.001701878,107,6
kiddo,panda,bookshelf_small,36,0.048,2362,true,0.000445127,0.00005835,107,6
mvtable_simd,panda,bookshelf_small,36,0.048,2362,true,0.00012234,0.000046828,107,6
mvtable_mutable_simd,panda,bookshelf_small,36,0.048,2362,true,0.000119625,0.000066204,107,6
mvt_cpp_simd,panda,bookshelf_small,36,0.048,2362,true,0.00012788,0.000023615,107,6
capt_simd,panda,bookshelf_small,36,0.048,2362,true,0.000163347,0.001960825,107,6
primitive,panda,bookshelf_small,37,0.048,2367,true,0.000041167,0.000000161,37,6
mvtable,panda,bookshelf_small,37,0.048,2367,true,0.000041849,0.000045877,7,4
mvtable_mutable,panda,bookshelf_small,37,0.048,2367,true,0.000041548,0.000060614,7,4
mvtable_cpp,panda,bookshelf_small,37,0.048,2367,true,0.000055384,0.000023184,7,4
capt,panda,bookshelf_small,37,0.048,2367,true,0.0001064,0.001745189,7,4
kiddo,panda,bookshelf_small,37,0.048,2367,true,0.000207039,0.00006366,7,4
mvtable_simd,panda,bookshelf_small,37,0.048,2367,true,0.000037631,0.000046166,7,4
mvtable_mutable_simd,panda,bookshelf_small,37,0.048,2367,true,0.000036859,0.000060494,7,4
mvt_cpp_simd,panda,bookshelf_small,37,0.048,2367,true,0.000040636,0.000023374,7,4
capt_simd,panda,bookshelf_small,37,0.048,2367,true,0.000057377,0.00201148,7,4
primitive,panda,bookshelf_small,38,0.048,2374,true,0.000028032,0.000000211,8,5
mvtable,panda,bookshelf_small,38,0.048,2374,true,0.000050675,0.000047028,1,5
mvtable_mutable,panda,bookshelf_small,38,0.048,2374,true,0.000049373,0.000062287,1,5
mvtable_cpp,panda,bookshelf_small,38,0.048,2374,true,0.000049533,0.000025739,1,5
capt,panda,bookshelf_small,38,0.048,2374,true,0.000120717,0.001743867,1,5
kiddo,panda,bookshelf_small,38,0.048,2374,true,0.000165621,0.000062748,1,5
mvtable_simd,panda,bookshelf_small,38,0.048,2374,true,0.000049333,0.000048101,1,5
mvtable_mutable_simd,panda,bookshelf_small,38,0.048,2374,true,0.000047269,0.000061816,1,5
mvt_cpp_simd,panda,bookshelf_small,38,0.048,2374,true,0.00004262,0.000025598,1,5
capt_simd,panda,bookshelf_small,38,0.048,2374,true,0.000058951,0.001989939,1,5
primitive,panda,bookshelf_small,39,0.048,2276,true,0.000043202,0.000000201,23,6
mvtable,panda,bookshelf_small,39,0.048,2276,true,0.000030417,0.000045836,1,5
mvtable_mutable,panda,bookshelf_small,39,0.048,2276,true,0.000028944,0.000059392,1,5
mvtable_cpp,panda,bookshelf_small,39,0.048,2276,true,0.000031539,0.000023233,1,5
capt,panda,bookshelf_small,39,0.048,2276,true,0.000053591,0.001720242,1,5
kiddo,panda,bookshelf_small,39,0.048,2276,true,0.00017018,0.000057498,1,5
mvtable_simd,panda,bookshelf_small,39,0.048,2276,true,0.000023905,0.000045105,1,5
mvtable_mutable_simd,panda,bookshelf_small,39,0.048,2276,true,0.000024145,0.000058991,1,5
mvt_cpp_simd,panda,bookshelf_small,39,0.048,2276,true,0.00002664,0.000025318,1,5
capt_simd,panda,bookshelf_small,39,0.048,2276,true,0.00004275,0.002028,1,5
primitive,panda,bookshelf_small,40,0.048,2295,true,0.000040305,0.00000024,36,6
mvtable,panda,bookshelf_small,40,0.048,2295,true,0.000078187,0.000045014,36,6
mvtable_mutable,panda,bookshelf_small,40,0.048,2295,true,0.000078587,0.000059211,36,6
mvtable_cpp,panda,bookshelf_small,40,0.048,2295,true,0.000100088,0.000024426,36,6
capt,panda,bookshelf_small,40,0.048,2295,true,0.000171702,0.001697269,36,6
kiddo,panda,bookshelf_small,40,0.048,2295,true,0.000341331,0.000056777,36,6
mvtable_simd,panda,bookshelf_small,40,0.048,2295,true,0.000076423,0.000045055,36,6
mvtable_mutable_simd,panda,bookshelf_small,40,0.048,2295,true,0.000070863,0.000059132,36,6
mvt_cpp_simd,panda,bookshelf_small,40,0.048,2295,true,0.000076724,0.000024837,36,6
capt_simd,panda,bookshelf_small,40,0.048,2295,true,0.000097022,0.001945586,36,6
primitive,panda,bookshelf_small,41,0.048,2381,true,0.000025998,0.00000016,7,4
mvtable,panda,bookshelf_small,41,0.048,2381,true,0.000085961,0.000047439,7,7
mvtable_mutable,panda,bookshelf_small,41,0.048,2381,true,0.000086843,0.000061776,7,7
mvtable_cpp,panda,bookshelf_small,41,0.048,2381,true,0.000086763,0.00002632,7,7
capt,panda,bookshelf_small,41,0.048,2381,true,0.000167775,0.001703802,7,7
kiddo,panda,bookshelf_small,41,0.048,2381,true,0.00030338,0.000059091,7,7
mvtable_simd,panda,bookshelf_small,41,0.048,2381,true,0.00007996,0.000046828,7,7
mvtable_mutable_simd,panda,bookshelf_small,41,0.048,2381,true,0.000078087,0.000062017,7,7
mvt_cpp_simd,panda,bookshelf_small,41,0.048,2381,true,0.000071364,0.00002659,7,7
capt_simd,panda,bookshelf_small,41,0.048,2381,true,0.000095058,0.001954883,7,7
primitive,panda,bookshelf_small,42,0.048,2290,true,0.000018875,0.00000017,1,4
mvtable,panda,bookshelf_small,42,0.048,2290,true,0.000024216,0.000045195,1,4
mvtable_mutable,panda,bookshelf_small,42,0.048,2290,true,0.000023885,0.000060394,1,4
mvtable_cpp,panda,bookshelf_small,42,0.048,2290,true,0.000026911,0.000030757,1,4
capt,panda,bookshelf_small,42,0.048,2290,true,0.000045565,0.001732806,1,4
kiddo,panda,bookshelf_small,42,0.048,2290,true,0.000159429,0.000055504,1,4
mvtable_simd,panda,bookshelf_small,42,0.048,2290,true,0.000021159,0.000045084,1,4
mvtable_mutable_simd,panda,bookshelf_small,42,0.048,2290,true,0.000020238,0.000060384,1,4
mvt_cpp_simd,panda,bookshelf_small,42,0.048,2290,true,0.000019636,0.000031048,1,4
capt_simd,panda,bookshelf_small,42,0.048,2290,true,0.000036519,0.001976223,1,4
primitive,panda,bookshelf_small,43,0.048,2374,true,0.000039173,0.00000017,29,6
mvtable,panda,bookshelf_small,43,0.048,2374,true,0.000082024,0.000045876,23,7
mvtable_mutable,panda,bookshelf_small,43,0.048,2374,true,0.000082575,0.000061165,23,7
mvtable_cpp,panda,bookshelf_small,43,0.048,2374,true,0.000098946,0.000026359,23,7
capt,panda,bookshelf_small,43,0.048,2374,true,0.000153178,0.00171892,23,7
kiddo,panda,bookshelf_small,43,0.048,2374,true,0.000315543,0.000061035,23,7
mvtable_simd,panda,bookshelf_small,43,0.048,2374,true,0.00007424,0.000051166,23,7
mvtable_mutable_simd,panda,bookshelf_small,43,0.048,2374,true,0.000073759,0.000060534,23,7
mvt_cpp_simd,panda,bookshelf_small,43,0.048,2374,true,0.000082725,0.000025919,23,7
capt_simd,panda,bookshelf_small,43,0.048,2374,true,0.000092614,0.00200657,23,7
primitive,panda,bookshelf_small,44,0.048,2393,true,0.000678905,0.00000017,3032,14
mvtable,panda,bookshelf_small,44,0.048,2393,true,0.000979831,0.00004791,1859,14
mvtable_mutable,panda,bookshelf_small,44,0.048,2393,true,0.000971004,0.000062968,1859,14
mvtable_cpp,panda,bookshelf_small,44,0.048,2393,true,0.001006371,0.000027261,1859,14
capt,panda,bookshelf_small,44,0.048,2393,true,0.00170811,0.001736372,1859,14
kiddo,panda,bookshelf_small,44,0.048,2393,true,0.002732875,0.000067056,1859,14
mvtable_simd,panda,bookshelf_small,44,0.048,2393,true,0.00093656,0.00004795,1859,14
mvtable_mutable_simd,panda,bookshelf_small,44,0.048,2393,true,0.000936129,0.000064592,1859,14
mvt_cpp_simd,panda,bookshelf_small,44,0.048,2393,true,0.000945326,0.000027912,1859,14
capt_simd,panda,bookshelf_small,44,0.048,2393,true,0.001333415,0.002003634,1859,14
primitive,panda,bookshelf_small,45,0.048,2383,true,0.000031469,0.00000018,10,6
mvtable,panda,bookshelf_small,45,0.048,2383,true,0.000066244,0.000047259,10,6
mvtable_mutable,panda,bookshelf_small,45,0.048,2383,true,0.000065723,0.000062988,10,6
mvtable_cpp,panda,bookshelf_small,45,0.048,2383,true,0.000073638,0.00002656,10,6
capt,panda,bookshelf_small,45,0.048,2383,true,0.000149851,0.001747123,10,6
kiddo,panda,bookshelf_small,45,0.048,2383,true,0.00023935,0.000060244,10,6
mvtable_simd,panda,bookshelf_small,45,0.048,2383,true,0.000060133,0.000047419,10,6
mvtable_mutable_simd,panda,bookshelf_small,45,0.048,2383,true,0.000059612,0.000062948,10,6
mvt_cpp_simd,panda,bookshelf_small,45,0.048,2383,true,0.000061265,0.000032351,10,6
capt_simd,panda,bookshelf_small,45,0.048,2383,true,0.000078278,0.002031648,10,6
primitive,panda,bookshelf_small,46,0.048,2333,true,0.000027081,0.00000026,8,5
mvtable,panda,bookshelf_small,46,0.048,2333,true,0.000042189,0.000045756,8,5
mvtable_mutable,panda,bookshelf_small,46,0.048,2333,true,0.00004233,0.000060794,8,5
mvtable_cpp,panda,bookshelf_small,46,0.048,2333,true,0.000048331,0.000025367,8,5
capt,panda,bookshelf_small,46,0.048,2333,true,0.000084849,0.001723568,8,5
kiddo,panda,bookshelf_small,46,0.048,2333,true,0.00021802,0.00005847,8,5
mvtable_simd,panda,bookshelf_small,46,0.048,2333,true,0.000037059,0.000045957,8,5
mvtable_mutable_simd,panda,bookshelf_small,46,0.048,2333,true,0.000040325,0.000061345,8,5
mvt_cpp_simd,panda,bookshelf_small,46,0.048,2333,true,0.000044784,0.000025568,8,5
capt_simd,panda,bookshelf_small,46,0.048,2333,true,0.00006394,0.001962077,8,5
primitive,panda,bookshelf_small,47,0.048,2374,true,0.000043832,0.000000181,29,5
mvtable,panda,bookshelf_small,47,0.048,2374,true,0.000092955,0.000047189,23,7
mvtable_mutable,panda,bookshelf_small,47,0.048,2374,true,0.000092914,0.000062617,23,7
mvtable_cpp,panda,bookshelf_small,47,0.048,2374,true,0.000103765,0.00002652,23,7
capt,panda,bookshelf_small,47,0.048,2374,true,0.000229932,0.001732896,23,7
kiddo,panda,bookshelf_small,47,0.048,2374,true,0.000336342,0.000059191,23,7
mvtable_simd,panda,bookshelf_small,47,0.048,2374,true,0.000085801,0.000047148,23,7
mvtable_mutable_simd,panda,bookshelf_small,47,0.048,2374,true,0.000083887,0.000062518,23,7
mvt_cpp_simd,panda,bookshelf_small,47,0.048,2374,true,0.000085631,0.000028804,23,7
capt_simd,panda,bookshelf_small,47,0.048,2374,true,0.000116709,0.001980361,23,7
primitive,panda,bookshelf_small,48,0.048,2338,true,0.000018465,0.00000017,3,4
mvtable,panda,bookshelf_small,48,0.048,2338,true,0.000026029,0.000045706,3,4
mvtable_mutable,panda,bookshelf_small,48,0.048,2338,true,0.000025869,0.000060504,3,4
mvtable_cpp,panda,bookshelf_small,48,0.048,2338,true,0.000029005,0.00002657,3,4
capt,panda,bookshelf_small,48,0.048,2338,true,0.000049964,0.001720342,3,4
kiddo,panda,bookshelf_small,48,0.048,2338,true,0.000118593,0.000059502,3,4
mvtable_simd,panda,bookshelf_small,48,0.048,2338,true,0.000022663,0.000046217,3,4
mvtable_mutable_simd,panda,bookshelf_small,48,0.048,2338,true,0.000022683,0.000066114,3,4
mvt_cpp_simd,panda,bookshelf_small,48,0.048,2338,true,0.000026871,0.000025408,3,4
capt_simd,panda,bookshelf_small,48,0.048,2338,true,0.000037741,0.001976173,3,4
primitive,panda,bookshelf_small,49,0.048,2259,true,0.00002687,0.000000171,1,6
mvtable,panda,bookshelf_small,49,0.048,2259,true,0.000031199,0.000042119,1,6
mvtable_mutable,panda,bookshelf_small,49,0.048,2259,true,0.000030457,0.000055594,1,6
mvtable_cpp,panda,bookshelf_small,49,0.048,2259,true,0.000033393,0.000025458,1,6
capt,panda,bookshelf_small,49,0.048,2259,true,0.000064802,0.001732746,1,6
kiddo,panda,bookshelf_small,49,0.048,2259,true,0.000200166,0.000057207,1,6
mvtable_simd,panda,bookshelf_small,49,0.048,2259,true,0.000025508,0.000041528,1,6
mvtable_mutable_simd,panda,bookshelf_small,49,0.048,2259,true,0.000025488,0.000056125,1,6
mvt_cpp_simd,panda,bookshelf_small,49,0.048,2259,true,0.000029234,0.000025278,1,6
capt_simd,panda,bookshelf_small,49,0.048,2259,true,0.000052318,0.001967667,1,6
primitive,panda,bookshelf_small,50,0.048,2290,true,0.000047289,0.00000018,31,8
mvtable,panda,bookshelf_small,50,0.048,2290,true,0.000035356,0.000050324,7,3
mvtable_mutable,panda,bookshelf_small,50,0.048,2290,true,0.000036028,0.000065172,7,3
mvtable_cpp,panda,bookshelf_small,50,0.048,2290,true,0.000038021,0.000033674,7,3
capt,panda,bookshelf_small,50,0.048,2290,true,0.000074359,0.001716746,7,3
kiddo,panda,bookshelf_small,50,0.048,2290,true,0.000170801,0.000061826,7,3
mvtable_simd,panda,bookshelf_small,50,0.048,2290,true,0.00003235,0.000046167,7,3
mvtable_mutable_simd,panda,bookshelf_small,50,0.048,2290,true,0.00003168,0.000061265,7,3
mvt_cpp_simd,panda,bookshelf_small,50,0.048,2290,true,0.000033473,0.000033052,7,3
capt_simd,panda,bookshelf_small,50,0.048,2290,true,0.000047299,0.001970622,7,3
primitive,panda,bookshelf_tall,1,0.048,7585,true,0.000149812,0.000000461,400,6
mvtable,panda,bookshelf_tall,1,0.048,7585,true,0.000046788,0.00014896,1,5
mvtable_mutable,panda,bookshelf_tall,1,0.048,7585,true,0.000046637,0.000189375,1,5
mvtable_cpp,panda,bookshelf_tall,1,0.048,7585,true,0.000048661,0.000075392,1,5
capt,panda,bookshelf_tall,1,0.048,7585,true,0.000080551,0.005595423,1,5
kiddo,panda,bookshelf_tall,1,0.048,7585,true,0.000264908,0.000190859,1,5
mvtable_simd,panda,bookshelf_tall,1,0.048,7585,true,0.000044945,0.000156634,1,5
mvtable_mutable_simd,panda,bookshelf_tall,1,0.048,7585,true,0.000043622,0.000190589,1,5
mvt_cpp_simd,panda,bookshelf_tall,1,0.048,7585,true,0.000044053,0.000075422,1,5
capt_simd,panda,bookshelf_tall,1,0.048,7585,true,0.000056927,0.00672203,1,5
primitive,panda,bookshelf_tall,2,0.048,7619,true,0.000712639,0.000000311,2577,10
mvtable,panda,bookshelf_tall,2,0.048,7619,true,0.001333024,0.000151284,2501,14
mvtable_mutable,panda,bookshelf_tall,2,0.048,7619,true,0.001345879,0.000194716,2501,14
mvtable_cpp,panda,bookshelf_tall,2,0.048,7619,true,0.001576242,0.000076845,2501,14
capt,panda,bookshelf_tall,2,0.048,7619,true,0.002548729,0.005128426,2501,14
kiddo,panda,bookshelf_tall,2,0.048,7619,true,0.003799579,0.000187112,2501,14
mvtable_simd,panda,bookshelf_tall,2,0.048,7619,true,0.001481945,0.00015438,2501,14
mvtable_mutable_simd,panda,bookshelf_tall,2,0.048,7619,true,0.001320681,0.000195948,2501,14
mvt_cpp_simd,panda,bookshelf_tall,2,0.048,7619,true,0.001389732,0.000099436,2501,14
capt_simd,panda,bookshelf_tall,2,0.048,7619,true,0.001803338,0.006575545,2501,14
primitive,panda,bookshelf_tall,3,0.048,7702,true,0.000041638,0.000000391,8,5
mvtable,panda,bookshelf_tall,3,0.048,7702,true,0.000054893,0.000155122,8,5
mvtable_mutable,panda,bookshelf_tall,3,0.048,7702,true,0.000055585,0.000193143,8,5
mvtable_cpp,panda,bookshelf_tall,3,0.048,7702,true,0.000060123,0.00007468,8,5
capt,panda,bookshelf_tall,3,0.048,7702,true,0.000112792,0.005273329,8,5
kiddo,panda,bookshelf_tall,3,0.048,7702,true,0.000272432,0.000193343,8,5
mvtable_simd,panda,bookshelf_tall,3,0.048,7702,true,0.000049683,0.000156073,8,5
mvtable_mutable_simd,panda,bookshelf_tall,3,0.048,7702,true,0.000048482,0.000201599,8,5
mvt_cpp_simd,panda,bookshelf_tall,3,0.048,7702,true,0.000049052,0.00009076,8,5
capt_simd,panda,bookshelf_tall,3,0.048,7702,true,0.000064712,0.00637583,8,5
primitive,panda,bookshelf_tall,4,0.048,7233,true,0.000046367,0.00000024,22,6
mvtable,panda,bookshelf_tall,4,0.048,7233,true,0.00003704,0.000144792,2,5
mvtable_mutable,panda,bookshelf_tall,4,0.048,7233,true,0.000036088,0.000182322,2,5
mvtable_cpp,panda,bookshelf_tall,4,0.048,7233,true,0.000039274,0.000070132,2,5
capt,panda,bookshelf_tall,4,0.048,7233,true,0.000084418,0.005186355,2,5
kiddo,panda,bookshelf_tall,4,0.048,7233,true,0.000269246,0.000195868,2,5
mvtable_simd,panda,bookshelf_tall,4,0.048,7233,true,0.000034264,0.000153729,2,5
mvtable_mutable_simd,panda,bookshelf_tall,4,0.048,7233,true,0.000034765,0.000183425,2,5
mvt_cpp_simd,panda,bookshelf_tall,4,0.048,7233,true,0.000034935,0.00008508,2,5
capt_simd,panda,bookshelf_tall,4,0.048,7233,true,0.000052459,0.006686724,2,5
primitive,panda,bookshelf_tall,5,0.048,7642,true,0.000096682,0.00000023,224,7
mvtable,panda,bookshelf_tall,5,0.048,7642,true,0.000049734,0.00014366,1,6
mvtable_mutable,panda,bookshelf_tall,5,0.048,7642,true,0.00005326,0.000188083,1,6
mvtable_cpp,panda,bookshelf_tall,5,0.048,7642,true,0.000054974,0.000071524,1,6
capt,panda,bookshelf_tall,5,0.048,7642,true,0.000110859,0.005201614,1,6
kiddo,panda,bookshelf_tall,5,0.048,7642,true,0.00037288,0.000184406,1,6
mvtable_simd,panda,bookshelf_tall,5,0.048,7642,true,0.000046438,0.000149781,1,6
mvtable_mutable_simd,panda,bookshelf_tall,5,0.048,7642,true,0.000044944,0.000187382,1,6
mvt_cpp_simd,panda,bookshelf_tall,5,0.048,7642,true,0.000046407,0.000092914,1,6
capt_simd,panda,bookshelf_tall,5,0.048,7642,true,0.000067737,0.006366873,1,6
primitive,panda,bookshelf_tall,6,0.048,7711,true,0.000067016,0.00000031,112,5
mvtable,panda,bookshelf_tall,6,0.048,7711,true,0.000051517,0.00016506,8,5
mvtable_mutable,panda,bookshelf_tall,6,0.048,7711,true,0.000050826,0.000189156,8,5
mvtable_cpp,panda,bookshelf_tall,6,0.048,7711,true,0.000065453,0.000071043,8,5
capt,panda,bookshelf_tall,6,0.048,7711,true,0.000102483,0.005421937,8,5
kiddo,panda,bookshelf_tall,6,0.048,7711,true,0.000183234,0.000185659,8,5
mvtable_simd,panda,bookshelf_tall,6,0.048,7711,true,0.000053099,0.000151365,8,5
mvtable_mutable_simd,panda,bookshelf_tall,6,0.048,7711,true,0.000055835,0.000203051,8,5
mvt_cpp_simd,panda,bookshelf_tall,6,0.048,7711,true,0.000056536,0.000099718,8,5
capt_simd,panda,bookshelf_tall,6,0.048,7711,true,0.000061075,0.00670613,8,5
primitive,panda,bookshelf_tall,7,0.048,7554,true,0.000131197,0.000000471,141,7
mvtable,panda,bookshelf_tall,7,0.048,7554,true,0.000082916,0.000151164,5,6
mvtable_mutable,panda,bookshelf_tall,7,0.048,7554,true,0.000083276,0.000186641,5,6
mvtable_cpp,panda,bookshelf_tall,7,0.048,7554,true,0.000081894,0.000071645,5,6
capt,panda,bookshelf_tall,7,0.048,7554,true,0.000129894,0.005347577,5,6
kiddo,panda,bookshelf_tall,7,0.048,7554,true,0.000328938,0.000185108,5,6
mvtable_simd,panda,bookshelf_tall,7,0.048,7554,true,0.000077726,0.000147677,5,6
mvtable_mutable_simd,panda,bookshelf_tall,7,0.048,7554,true,0.000076284,0.000192041,5,6
mvt_cpp_simd,panda,bookshelf_tall,7,0.048,7554,true,0.000066144,0.000083547,5,6
capt_simd,panda,bookshelf_tall,7,0.048,7554,true,0.000084579,0.006547213,5,6
primitive,panda,bookshelf_tall,8,0.048,7450,true,0.000401154,0.000000221,1639,7
mvtable,panda,bookshelf_tall,8,0.048,7450,true,0.000078588,0.000146856,28,6
mvtable_mutable,panda,bookshelf_tall,8,0.048,7450,true,0.000072847,0.00018594,28,6
mvtable_cpp,panda,bookshelf_tall,8,0.048,7450,true,0.000081944,0.000070292,28,6
capt,panda,bookshelf_tall,8,0.048,7450,true,0.000141767,0.005290752,28,6
kiddo,panda,bookshelf_tall,8,0.048,7450,true,0.000449845,0.000180058,28,6
mvtable_simd,panda,bookshelf_tall,8,0.048,7450,true,0.000076374,0.000146085,28,6
mvtable_mutable_simd,panda,bookshelf_tall,8,0.048,7450,true,0.000067086,0.000182854,28,6
mvt_cpp_simd,panda,bookshelf_tall,8,0.048,7450,true,0.000057227,0.00009017,28,6
capt_simd,panda,bookshelf_tall,8,0.048,7450,true,0.000102402,0.006419823,28,6
primitive,panda,bookshelf_tall,9,0.048,7646,true,0.000071634,0.000000501,120,6
mvtable,panda,bookshelf_tall,9,0.048,7646,true,0.000061345,0.000151194,21,6
mvtable_mutable,panda,bookshelf_tall,9,0.048,7646,true,0.000062277,0.0001864,21,6
mvtable_cpp,panda,bookshelf_tall,9,0.048,7646,true,0.000067106,0.000073308,21,6
capt,panda,bookshelf_tall,9,0.048,7646,true,0.000117341,0.005268419,21,6
kiddo,panda,bookshelf_tall,9,0.048,7646,true,0.000350849,0.000187613,21,6
mvtable_simd,panda,bookshelf_tall,9,0.048,7646,true,0.000072747,0.000148669,21,6
mvtable_mutable_simd,panda,bookshelf_tall,9,0.048,7646,true,0.000057347,0.000187542,21,6
mvt_cpp_simd,panda,bookshelf_tall,9,0.048,7646,true,0.000059863,0.000092273,21,6
capt_simd,panda,bookshelf_tall,9,0.048,7646,true,0.000086081,0.006452314,21,6
primitive,panda,bookshelf_tall,10,0.048,7596,true,0.000202921,0.00000043,400,5
mvtable,panda,bookshelf_tall,10,0.048,7596,true,0.000045545,0.000148479,2,5
mvtable_mutable,panda,bookshelf_tall,10,0.048,7596,true,0.000045646,0.000185709,2,5
mvtable_cpp,panda,bookshelf_tall,10,0.048,7596,true,0.00005325,0.000071805,2,5
capt,panda,bookshelf_tall,10,0.048,7596,true,0.000097313,0.005216651,2,5
kiddo,panda,bookshelf_tall,10,0.048,7596,true,0.000278443,0.000183325,2,5
mvtable_simd,panda,bookshelf_tall,10,0.048,7596,true,0.000041498,0.000148579,2,5
mvtable_mutable_simd,panda,bookshelf_tall,10,0.048,7596,true,0.000040155,0.000192181,2,5
mvt_cpp_simd,panda,bookshelf_tall,10,0.048,7596,true,0.000045606,0.000091081,2,5
capt_simd,panda,bookshelf_tall,10,0.048,7596,true,0.000060153,0.006337437,2,5
primitive,panda,bookshelf_tall,11,0.048,7754,true,0.00005355,0.000000241,59,5
mvtable,panda,bookshelf_tall,11,0.048,7754,true,0.000073227,0.0001494,23,6
mvtable_mutable,panda,bookshelf_tall,11,0.048,7754,true,0.00007448,0.00019185,23,6
mvtable_cpp,panda,bookshelf_tall,11,0.048,7754,true,0.000075622,0.000073358,23,6
capt,panda,bookshelf_tall,11,0.048,7754,true,0.00010651,0.005307022,23,6
kiddo,panda,bookshelf_tall,11,0.048,7754,true,0.000285176,0.000194185,23,6
mvtable_simd,panda,bookshelf_tall,11,0.048,7754,true,0.000071454,0.000150442,23,6
mvtable_mutable_simd,panda,bookshelf_tall,11,0.048,7754,true,0.000068899,0.000189155,23,6
mvt_cpp_simd,panda,bookshelf_tall,11,0.048,7754,true,0.000066655,0.000097003,23,6
capt_simd,panda,bookshelf_tall,11,0.048,7754,true,0.000080571,0.006380619,23,6
primitive,panda,bookshelf_tall,12,0.048,7135,true,0.000056316,0.00000028,42,5
mvtable,panda,bookshelf_tall,12,0.048,7135,true,0.000035287,0.000133431,3,5
mvtable_mutable,panda,bookshelf_tall,12,0.048,7135,true,0.000035567,0.000168808,3,5
mvtable_cpp,panda,bookshelf_tall,12,0.048,7135,true,0.000041739,0.000070252,3,5
capt,panda,bookshelf_tall,12,0.048,7135,true,0.000082706,0.005330406,3,5
kiddo,panda,bookshelf_tall,12,0.048,7135,true,0.000314291,0.000192021,3,5
mvtable_simd,panda,bookshelf_tall,12,0.048,7135,true,0.000035136,0.000139351,3,5
mvtable_mutable_simd,panda,bookshelf_tall,12,0.048,7135,true,0.000034455,0.000171111,3,5
mvt_cpp_simd,panda,bookshelf_tall,12,0.048,7135,true,0.000039675,0.000090851,3,5
capt_simd,panda,bookshelf_tall,12,0.048,7135,true,0.000057227,0.006495675,3,5
primitive,panda,bookshelf_tall,13,0.048,7561,true,0.000037951,0.000000431,4,5
mvtable,panda,bookshelf_tall,13,0.048,7561,true,0.000038072,0.000150352,3,5
mvtable_mutable,panda,bookshelf_tall,13,0.048,7561,true,0.00003698,0.000187633,3,5
mvtable_cpp,panda,bookshelf_tall,13,0.048,7561,true,0.000050655,0.000070723,3,5
capt,panda,bookshelf_tall,13,0.048,7561,true,0.000066876,0.005308915,3,5
kiddo,panda,bookshelf_tall,13,0.048,7561,true,0.000252735,0.000182493,3,5
mvtable_simd,panda,bookshelf_tall,13,0.048,7561,true,0.000033643,0.000150723,3,5
mvtable_mutable_simd,panda,bookshelf_tall,13,0.048,7561,true,0.000032441,0.000191941,3,5
mvt_cpp_simd,panda,bookshelf_tall,13,0.048,7561,true,0.000033964,0.000087224,3,5
capt_simd,panda,bookshelf_tall,13,0.048,7561,true,0.000051657,0.006457463,3,5
primitive,panda,bookshelf_tall,14,0.048,7664,true,0.000051938,0.000000471,29,5
mvtable,panda,bookshelf_tall,14,0.048,7664,true,0.000073268,0.00014883,23,6
mvtable_mutable,panda,bookshelf_tall,14,0.048,7664,true,0.000073448,0.000187363,23,6
mvtable_cpp,panda,bookshelf_tall,14,0.048,7664,true,0.000081433,0.000070974,23,6
capt,panda,bookshelf_tall,14,0.048,7664,true,0.000126047,0.005246327,23,6
kiddo,panda,bookshelf_tall,14,0.048,7664,true,0.000389442,0.000185669,23,6
mvtable_simd,panda,bookshelf_tall,14,0.048,7664,true,0.000068629,0.000152316,23,6
mvtable_mutable_simd,panda,bookshelf_tall,14,0.048,7664,true,0.000065573,0.000205547,23,6
mvt_cpp_simd,panda,bookshelf_tall,14,0.048,7664,true,0.000070803,0.000094508,23,6
capt_simd,panda,bookshelf_tall,14,0.048,7664,true,0.000086112,0.006335634,23,6
primitive,panda,bookshelf_tall,15,0.048,7620,true,0.000034214,0.00000037,1,5
mvtable,panda,bookshelf_tall,15,0.048,7620,true,0.000038603,0.000147768,1,5
mvtable_mutable,panda,bookshelf_tall,15,0.048,7620,true,0.000038953,0.000184827,1,5
mvtable_cpp,panda,bookshelf_tall,15,0.048,7620,true,0.000050525,0.000070212,1,5
capt,panda,bookshelf_tall,15,0.048,7620,true,0.000098475,0.005420736,1,5
kiddo,panda,bookshelf_tall,15,0.048,7620,true,0.000202721,0.000183665,1,5
mvtable_simd,panda,bookshelf_tall,15,0.048,7620,true,0.000036349,0.000149912,1,5
mvtable_mutable_simd,panda,bookshelf_tall,15,0.048,7620,true,0.000036148,0.000204434,1,5
mvt_cpp_simd,panda,bookshelf_tall,15,0.048,7620,true,0.000038813,0.00009045,1,5
capt_simd,panda,bookshelf_tall,15,0.048,7620,true,0.000060193,0.006623675,1,5
primitive,panda,bookshelf_tall,16,0.048,7516,true,0.000168767,0.00000023,246,4
mvtable,panda,bookshelf_tall,16,0.048,7516,true,0.000077846,0.000146305,17,5
mvtable_mutable,panda,bookshelf_tall,16,0.048,7516,true,0.000078628,0.000185649,17,5
mvtable_cpp,panda,bookshelf_tall,16,0.048,7516,true,0.000092143,0.000070923,17,5
capt,panda,bookshelf_tall,16,0.048,7516,true,0.000141506,0.005283177,17,5
kiddo,panda,bookshelf_tall,16,0.048,7516,true,0.000399691,0.000181912,17,5
mvtable_simd,panda,bookshelf_tall,16,0.048,7516,true,0.000073408,0.000147277,17,5
mvtable_mutable_simd,panda,bookshelf_tall,16,0.048,7516,true,0.000075361,0.000187172,17,5
mvt_cpp_simd,panda,bookshelf_tall,16,0.048,7516,true,0.000077465,0.000089879,17,5
capt_simd,panda,bookshelf_tall,16,0.048,7516,true,0.000088797,0.006416947,17,5
primitive,panda,bookshelf_tall,17,0.048,7746,true,0.000036108,0.000000241,17,6
mvtable,panda,bookshelf_tall,17,0.048,7746,true,0.00004837,0.00014897,1,5
mvtable_mutable,panda,bookshelf_tall,17,0.048,7746,true,0.000048471,0.000189356,1,5
mvtable_cpp,panda,bookshelf_tall,17,0.048,7746,true,0.000074771,0.000072356,1,5
capt,panda,bookshelf_tall,17,0.048,7746,true,0.00009556,0.005328562,1,5
kiddo,panda,bookshelf_tall,17,0.048,7746,true,0.000235032,0.000190248,1,5
mvtable_simd,panda,bookshelf_tall,17,0.048,7746,true,0.000043992,0.000156884,1,5
mvtable_mutable_simd,panda,bookshelf_tall,17,0.048,7746,true,0.000042771,0.000192141,1,5
mvt_cpp_simd,panda,bookshelf_tall,17,0.048,7746,true,0.000052899,0.000094447,1,5
capt_simd,panda,bookshelf_tall,17,0.048,7746,true,0.000057398,0.006407179,1,5
primitive,panda,bookshelf_tall,18,0.048,7555,true,0.000024296,0.000000321,1,4
mvtable,panda,bookshelf_tall,18,0.048,7555,true,0.000033272,0.000163066,1,4
mvtable_mutable,panda,bookshelf_tall,18,0.048,7555,true,0.000033252,0.000228489,1,4
mvtable_cpp,panda,bookshelf_tall,18,0.048,7555,true,0.000045526,0.000071414,1,4
capt,panda,bookshelf_tall,18,0.048,7555,true,0.00007472,0.005322862,1,4
kiddo,panda,bookshelf_tall,18,0.048,7555,true,0.000195788,0.000190177,1,4
mvtable_simd,panda,bookshelf_tall,18,0.048,7555,true,0.000035457,0.000153398,1,4
mvtable_mutable_simd,panda,bookshelf_tall,18,0.048,7555,true,0.000035517,0.000248938,1,4
mvt_cpp_simd,panda,bookshelf_tall,18,0.048,7555,true,0.000037711,0.000092854,1,4
capt_simd,panda,bookshelf_tall,18,0.048,7555,true,0.000045706,0.006502338,1,4
primitive,panda,bookshelf_tall,19,0.048,7513,true,0.000036198,0.000000401,7,4
mvtable,panda,bookshelf_tall,19,0.048,7513,true,0.000056276,0.000150332,7,4
mvtable_mutable,panda,bookshelf_tall,19,0.048,7513,true,0.000054012,0.000188544,7,4
mvtable_cpp,panda,bookshelf_tall,19,0.048,7513,true,0.000054042,0.000070713,7,4
capt,panda,bookshelf_tall,19,0.048,7513,true,0.000097954,0.005367837,7,4
kiddo,panda,bookshelf_tall,19,0.048,7513,true,0.000247465,0.000180479,7,4
mvtable_simd,panda,bookshelf_tall,19,0.048,7513,true,0.000046608,0.000157917,7,4
mvtable_mutable_simd,panda,bookshelf_tall,19,0.048,7513,true,0.000046257,0.000206798,7,4
mvt_cpp_simd,panda,bookshelf_tall,19,0.048,7513,true,0.000046167,0.000084849,7,4
capt_simd,panda,bookshelf_tall,19,0.048,7513,true,0.000062387,0.00648224,7,4
primitive,panda,bookshelf_tall,20,0.048,7451,true,0.00003705,0.00000034,2,6
mvtable,panda,bookshelf_tall,20,0.048,7451,true,0.000032631,0.000145554,1,4
mvtable_mutable,panda,bookshelf_tall,20,0.048,7451,true,0.000032681,0.000196479,1,4
mvtable_cpp,panda,bookshelf_tall,20,0.048,7451,true,0.00004253,0.000068539,1,4
capt,panda,bookshelf_tall,20,0.048,7451,true,0.000067577,0.005238813,1,4
kiddo,panda,bookshelf_tall,20,0.048,7451,true,0.000214553,0.000177894,1,4
mvtable_simd,panda,bookshelf_tall,20,0.048,7451,true,0.000028443,0.000147206,1,4
mvtable_mutable_simd,panda,bookshelf_tall,20,0.048,7451,true,0.000028133,0.000185899,1,4
mvt_cpp_simd,panda,bookshelf_tall,20,0.048,7451,true,0.000035306,0.000087745,1,4
capt_simd,panda,bookshelf_tall,20,0.048,7451,true,0.000040867,0.006350192,1,4
primitive,panda,bookshelf_tall,21,0.048,7621,true,0.000119214,0.00000023,239,7
mvtable,panda,bookshelf_tall,21,0.048,7621,true,0.000067046,0.000149561,23,6
mvtable_mutable,panda,bookshelf_tall,21,0.048,7621,true,0.000067166,0.00018666,23,6
mvtable_cpp,panda,bookshelf_tall,21,0.048,7621,true,0.000078378,0.000071685,23,6
capt,panda,bookshelf_tall,21,0.048,7621,true,0.00009602,0.00531665,23,6
kiddo,panda,bookshelf_tall,21,0.048,7621,true,0.000301106,0.000185148,23,6
mvtable_simd,panda,bookshelf_tall,21,0.048,7621,true,0.000063248,0.000158187,23,6
mvtable_mutable_simd,panda,bookshelf_tall,21,0.048,7621,true,0.000062177,0.000190398,23,6
mvt_cpp_simd,panda,bookshelf_tall,21,0.048,7621,true,0.000067788,0.000091652,23,6
capt_simd,panda,bookshelf_tall,21,0.048,7621,true,0.000080902,0.006555367,23,6
primitive,panda,bookshelf_tall,22,0.048,7499,true,0.000035977,0.000000301,8,5
mvtable,panda,bookshelf_tall,22,0.048,7499,true,0.000060243,0.000147768,8,5
mvtable_mutable,panda,bookshelf_tall,22,0.048,7499,true,0.000061406,0.000184847,8,5
mvtable_cpp,panda,bookshelf_tall,22,0.048,7499,true,0.000067026,0.000070763,8,5
capt,panda,bookshelf_tall,22,0.048,7499,true,0.000134072,0.005369569,8,5
kiddo,panda,bookshelf_tall,22,0.048,7499,true,0.000352172,0.000180128,8,5
mvtable_simd,panda,bookshelf_tall,22,0.048,7499,true,0.00005851,0.000149111,8,5
mvtable_mutable_simd,panda,bookshelf_tall,22,0.048,7499,true,0.000056867,0.000185028,8,5
mvt_cpp_simd,panda,bookshelf_tall,22,0.048,7499,true,0.000059903,0.000084418,8,5
capt_simd,panda,bookshelf_tall,22,0.048,7499,true,0.000082054,0.006569534,8,5
primitive,panda,bookshelf_tall,23,0.048,7725,true,0.000031479,0.000000591,3,4
mvtable,panda,bookshelf_tall,23,0.048,7725,true,0.000043501,0.000150573,3,4
mvtable_mutable,panda,bookshelf_tall,23,0.048,7725,true,0.000042881,0.000192372,3,4
mvtable_cpp,panda,bookshelf_tall,23,0.048,7725,true,0.000052749,0.00007423,3,4
capt,panda,bookshelf_tall,23,0.048,7725,true,0.000072145,0.005414674,3,4
kiddo,panda,bookshelf_tall,23,0.048,7725,true,0.000206117,0.000205987,3,4
mvtable_simd,panda,bookshelf_tall,23,0.048,7725,true,0.000042349,0.000150803,3,4
mvtable_mutable_simd,panda,bookshelf_tall,23,0.048,7725,true,0.000042039,0.000188945,3,4
mvt_cpp_simd,panda,bookshelf_tall,23,0.048,7725,true,0.000044293,0.000096692,3,4
capt_simd,panda,bookshelf_tall,23,0.048,7725,true,0.000052138,0.006686204,3,4
primitive,panda,bookshelf_tall,24,0.048,7712,true,0.00007402,0.00000043,105,5
mvtable,panda,bookshelf_tall,24,0.048,7712,true,0.000155432,0.000154811,33,9
mvtable_mutable,panda,bookshelf_tall,24,0.048,7712,true,0.000136226,0.000187653,33,9
mvtable_cpp,panda,bookshelf_tall,24,0.048,7712,true,0.000141856,0.000071915,33,9
capt,panda,bookshelf_tall,24,0.048,7712,true,0.00022852,0.005905836,33,9
kiddo,panda,bookshelf_tall,24,0.048,7712,true,0.000492927,0.000193293,33,9
mvtable_simd,panda,bookshelf_tall,24,0.048,7712,true,0.000130345,0.000160481,33,9
mvtable_mutable_simd,panda,bookshelf_tall,24,0.048,7712,true,0.000127679,0.000193103,33,9
mvt_cpp_simd,panda,bookshelf_tall,24,0.048,7712,true,0.000129203,0.000099506,33,9
capt_simd,panda,bookshelf_tall,24,0.048,7712,true,0.000149491,0.006847085,33,9
primitive,panda,bookshelf_tall,25,0.048,7593,true,0.000036759,0.000000601,1,5
mvtable,panda,bookshelf_tall,25,0.048,7593,true,0.000041468,0.000158959,1,5
mvtable_mutable,panda,bookshelf_tall,25,0.048,7593,true,0.000041298,0.000194065,1,5
mvtable_cpp,panda,bookshelf_tall,25,0.048,7593,true,0.000049653,0.000074971,1,5
capt,panda,bookshelf_tall,25,0.048,7593,true,0.000068589,0.005517777,1,5
kiddo,panda,bookshelf_tall,25,0.048,7593,true,0.000253266,0.000192762,1,5
mvtable_simd,panda,bookshelf_tall,25,0.048,7593,true,0.000039003,0.000154601,1,5
mvtable_mutable_simd,panda,bookshelf_tall,25,0.048,7593,true,0.00003695,0.000188103,1,5
mvt_cpp_simd,panda,bookshelf_tall,25,0.048,7593,true,0.000040576,0.000096752,1,5
capt_simd,panda,bookshelf_tall,25,0.048,7593,true,0.000052018,0.006544417,1,5
primitive,panda,bookshelf_tall,26,0.048,7702,true,0.000047379,0.00000031,14,5
mvtable,panda,bookshelf_tall,26,0.048,7702,true,0.000060503,0.000152246,14,5
mvtable_mutable,panda,bookshelf_tall,26,0.048,7702,true,0.000059532,0.000190067,14,5
mvtable_cpp,panda,bookshelf_tall,26,0.048,7702,true,0.000066695,0.000071674,14,5
capt,panda,bookshelf_tall,26,0.048,7702,true,0.000118844,0.005231159,14,5
kiddo,panda,bookshelf_tall,26,0.048,7702,true,0.000305935,0.000186852,14,5
mvtable_simd,panda,bookshelf_tall,26,0.048,7702,true,0.000061605,0.000156044,14,5
mvtable_mutable_simd,panda,bookshelf_tall,26,0.048,7702,true,0.000054833,0.000195938,14,5
mvt_cpp_simd,panda,bookshelf_tall,26,0.048,7702,true,0.000056206,0.000092063,14,5
capt_simd,panda,bookshelf_tall,26,0.048,7702,true,0.000076785,0.006451412,14,5
primitive,panda,bookshelf_tall,27,0.048,7694,true,0.000102533,0.00000038,159,9
mvtable,panda,bookshelf_tall,27,0.048,7694,true,0.000120636,0.000158117,84,6
mvtable_mutable,panda,bookshelf_tall,27,0.048,7694,true,0.000121137,0.000192111,84,6
mvtable_cpp,panda,bookshelf_tall,27,0.048,7694,true,0.000134814,0.000073338,84,6
capt,panda,bookshelf_tall,27,0.048,7694,true,0.000190438,0.005284008,84,6
kiddo,panda,bookshelf_tall,27,0.048,7694,true,0.000496523,0.000196209,84,6
mvtable_simd,panda,bookshelf_tall,27,0.048,7694,true,0.000118943,0.000156634,84,6
mvtable_mutable_simd,panda,bookshelf_tall,27,0.048,7694,true,0.000116769,0.000221186,84,6
mvt_cpp_simd,panda,bookshelf_tall,27,0.048,7694,true,0.000119424,0.000105929,84,6
capt_simd,panda,bookshelf_tall,27,0.048,7694,true,0.000140885,0.006536071,84,6
primitive,panda,bookshelf_tall,28,0.048,7519,true,0.000038442,0.000000411,5,6
mvtable,panda,bookshelf_tall,28,0.048,7519,true,0.000048481,0.000146836,2,6
mvtable_mutable,panda,bookshelf_tall,28,0.048,7519,true,0.000042139,0.000184727,2,6
mvtable_cpp,panda,bookshelf_tall,28,0.048,7519,true,0.000060053,0.000070973,2,6
capt,panda,bookshelf_tall,28,0.048,7519,true,0.00009578,0.00538066,2,6
kiddo,panda,bookshelf_tall,28,0.048,7519,true,0.000369795,0.000197101,2,6
mvtable_simd,panda,bookshelf_tall,28,0.048,7519,true,0.000037941,0.000152917,2,6
mvtable_mutable_simd,panda,bookshelf_tall,28,0.048,7519,true,0.000036589,0.000220064,2,6
mvt_cpp_simd,panda,bookshelf_tall,28,0.048,7519,true,0.000042981,0.000092183,2,6
capt_simd,panda,bookshelf_tall,28,0.048,7519,true,0.00006386,0.006531412,2,6
primitive,panda,bookshelf_tall,29,0.048,7381,true,0.000041849,0.000000241,15,5
mvtable,panda,bookshelf_tall,29,0.048,7381,true,0.000043061,0.000152927,3,5
mvtable_mutable,panda,bookshelf_tall,29,0.048,7381,true,0.00004236,0.000182362,3,5
mvtable_cpp,panda,bookshelf_tall,29,0.048,7381,true,0.00005359,0.00006915,3,5
capt,panda,bookshelf_tall,29,0.048,7381,true,0.000094708,0.005287676,3,5
kiddo,panda,bookshelf_tall,29,0.048,7381,true,0.000229792,0.000190428,3,5
mvtable_simd,panda,bookshelf_tall,29,0.048,7381,true,0.00004262,0.000146245,3,5
mvtable_mutable_simd,panda,bookshelf_tall,29,0.048,7381,true,0.000050455,0.000184937,3,5
mvt_cpp_simd,panda,bookshelf_tall,29,0.048,7381,true,0.000045626,0.000094668,3,5
capt_simd,panda,bookshelf_tall,29,0.048,7381,true,0.000057358,0.006516805,3,5
primitive,panda,bookshelf_tall,30,0.048,7540,true,0.000060083,0.00000039,15,8
mvtable,panda,bookshelf_tall,30,0.048,7540,true,0.000055765,0.000149351,1,6
mvtable_mutable,panda,bookshelf_tall,30,0.048,7540,true,0.000055564,0.000194555,1,6
mvtable_cpp,panda,bookshelf_tall,30,0.048,7540,true,0.000074781,0.00007455,1,6
capt,panda,bookshelf_tall,30,0.048,7540,true,0.000094247,0.005420395,1,6
kiddo,panda,bookshelf_tall,30,0.048,7540,true,0.000305224,0.000202521,1,6
mvtable_simd,panda,bookshelf_tall,30,0.048,7540,true,0.000051677,0.000148729,1,6
mvtable_mutable_simd,panda,bookshelf_tall,30,0.048,7540,true,0.000049954,0.000194735,1,6
mvt_cpp_simd,panda,bookshelf_tall,30,0.048,7540,true,0.000051406,0.000094889,1,6
capt_simd,panda,bookshelf_tall,30,0.048,7540,true,0.000061075,0.006714797,1,6
primitive,panda,bookshelf_tall,31,0.048,7541,true,0.000256352,0.000000751,821,7
mvtable,panda,bookshelf_tall,31,0.048,7541,true,0.00024464,0.000148018,233,11
mvtable_mutable,panda,bookshelf_tall,31,0.048,7541,true,0.000254007,0.000184006,233,11
mvtable_cpp,panda,bookshelf_tall,31,0.048,7541,true,0.000266821,0.000073538,233,11
capt,panda,bookshelf_tall,31,0.048,7541,true,0.000466306,0.005403984,233,11
kiddo,panda,bookshelf_tall,31,0.048,7541,true,0.001044873,0.000193414,233,11
mvtable_simd,panda,bookshelf_tall,31,0.048,7541,true,0.000238839,0.000156094,233,11
mvtable_mutable_simd,panda,bookshelf_tall,31,0.048,7541,true,0.00023447,0.000183505,233,11
mvt_cpp_simd,panda,bookshelf_tall,31,0.048,7541,true,0.000249609,0.000097483,233,11
capt_simd,panda,bookshelf_tall,31,0.048,7541,true,0.000315473,0.006596475,233,11
primitive,panda,bookshelf_tall,32,0.048,7738,true,0.000038242,0.000000401,8,5
mvtable,panda,bookshelf_tall,32,0.048,7738,true,0.000053691,0.000149551,8,5
mvtable_mutable,panda,bookshelf_tall,32,0.048,7738,true,0.000052599,0.000188955,8,5
mvtable_cpp,panda,bookshelf_tall,32,0.048,7738,true,0.000054693,0.000071966,8,5
capt,panda,bookshelf_tall,32,0.048,7738,true,0.000078327,0.005368016,8,5
kiddo,panda,bookshelf_tall,32,0.048,7738,true,0.000226957,0.000195196,8,5
mvtable_simd,panda,bookshelf_tall,32,0.048,7738,true,0.000053711,0.00014922,8,5
mvtable_mutable_simd,panda,bookshelf_tall,32,0.048,7738,true,0.000046668,0.000192121,8,5
mvt_cpp_simd,panda,bookshelf_tall,32,0.048,7738,true,0.000046367,0.000088065,8,5
capt_simd,panda,bookshelf_tall,32,0.048,7738,true,0.000065473,0.006487801,8,5
primitive,panda,bookshelf_tall,33,0.048,7693,true,0.000046988,0.00000024,36,5
mvtable,panda,bookshelf_tall,33,0.048,7693,true,0.00003193,0.000159169,1,5
mvtable_mutable,panda,bookshelf_tall,33,0.048,7693,true,0.000031329,0.000187402,1,5
mvtable_cpp,panda,bookshelf_tall,33,0.048,7693,true,0.000033653,0.000072717,1,5
capt,panda,bookshelf_tall,33,0.048,7693,true,0.000068018,0.005440222,1,5
kiddo,panda,bookshelf_tall,33,0.048,7693,true,0.000182723,0.000193153,1,5
mvtable_simd,panda,bookshelf_tall,33,0.048,7693,true,0.000030628,0.00014878,1,5
mvtable_mutable_simd,panda,bookshelf_tall,33,0.048,7693,true,0.000034805,0.000193894,1,5
mvt_cpp_simd,panda,bookshelf_tall,33,0.048,7693,true,0.000033713,0.000093255,1,5
capt_simd,panda,bookshelf_tall,33,0.048,7693,true,0.000049112,0.00659932,1,5
primitive,panda,bookshelf_tall,34,0.048,7541,true,0.000051326,0.000000411,35,5
mvtable,panda,bookshelf_tall,34,0.048,7541,true,0.0000908,0.00015994,35,5
mvtable_mutable,panda,bookshelf_tall,34,0.048,7541,true,0.00008518,0.00019159,35,5
mvtable_cpp,panda,bookshelf_tall,34,0.048,7541,true,0.000100329,0.000072226,35,5
capt,panda,bookshelf_tall,34,0.048,7541,true,0.000168146,0.005345213,35,5
kiddo,panda,bookshelf_tall,34,0.048,7541,true,0.000388671,0.000192662,35,5
mvtable_simd,panda,bookshelf_tall,34,0.048,7541,true,0.000080611,0.000155733,35,5
mvtable_mutable_simd,panda,bookshelf_tall,34,0.048,7541,true,0.000081072,0.000198483,35,5
mvt_cpp_simd,panda,bookshelf_tall,34,0.048,7541,true,0.00008545,0.000085019,35,5
capt_simd,panda,bookshelf_tall,34,0.048,7541,true,0.000102283,0.006487409,35,5
primitive,panda,bookshelf_tall,35,0.048,7761,true,0.000052869,0.00000033,50,5
mvtable,panda,bookshelf_tall,35,0.048,7761,true,0.000060113,0.000161644,6,5
mvtable_mutable,panda,bookshelf_tall,35,0.048,7761,true,0.000060254,0.000187622,6,5
mvtable_cpp,panda,bookshelf_tall,35,0.048,7761,true,0.000068429,0.000073949,6,5
capt,panda,bookshelf_tall,35,0.048,7761,true,0.000112711,0.005427559,6,5
kiddo,panda,bookshelf_tall,35,0.048,7761,true,0.000330671,0.000195266,6,5
mvtable_simd,panda,bookshelf_tall,35,0.048,7761,true,0.00005873,0.000157476,6,5
mvtable_mutable_simd,panda,bookshelf_tall,35,0.048,7761,true,0.000054933,0.000200637,6,5
mvt_cpp_simd,panda,bookshelf_tall,35,0.048,7761,true,0.000059902,0.000093276,6,5
capt_simd,panda,bookshelf_tall,35,0.048,7761,true,0.000079519,0.006853607,6,5
primitive,panda,bookshelf_tall,36,0.048,7695,true,0.000055163,0.000000351,24,6
mvtable,panda,bookshelf_tall,36,0.048,7695,true,0.000136466,0.000155923,18,9
mvtable_mutable,panda,bookshelf_tall,36,0.048,7695,true,0.000139331,0.000193033,18,9
mvtable_cpp,panda,bookshelf_tall,36,0.048,7695,true,0.000179698,0.000075291,18,9
capt,panda,bookshelf_tall,36,0.048,7695,true,0.000232758,0.005383445,18,9
kiddo,panda,bookshelf_tall,36,0.048,7695,true,0.000492154,0.000201799,18,9
mvtable_simd,panda,bookshelf_tall,36,0.048,7695,true,0.000130946,0.000152026,18,9
mvtable_mutable_simd,panda,bookshelf_tall,36,0.048,7695,true,0.000126748,0.000202401,18,9
mvt_cpp_simd,panda,bookshelf_tall,36,0.048,7695,true,0.000134432,0.000091642,18,9
capt_simd,panda,bookshelf_tall,36,0.048,7695,true,0.000145474,0.006622925,18,9
primitive,panda,bookshelf_tall,37,0.048,7028,true,0.000119685,0.000000431,225,7
mvtable,panda,bookshelf_tall,37,0.048,7028,true,0.000061706,0.000133631,30,5
mvtable_mutable,panda,bookshelf_tall,37,0.048,7028,true,0.000060043,0.000166382,30,5
mvtable_cpp,panda,bookshelf_tall,37,0.048,7028,true,0.000065022,0.000066414,30,5
capt,panda,bookshelf_tall,37,0.048,7028,true,0.00012739,0.005148715,30,5
kiddo,panda,bookshelf_tall,37,0.048,7028,true,0.000424066,0.000180269,30,5
mvtable_simd,panda,bookshelf_tall,37,0.048,7028,true,0.000052138,0.000141265,30,5
mvtable_mutable_simd,panda,bookshelf_tall,37,0.048,7028,true,0.000050324,0.000168236,30,5
mvt_cpp_simd,panda,bookshelf_tall,37,0.048,7028,true,0.000055094,0.000081944,30,5
capt_simd,panda,bookshelf_tall,37,0.048,7028,true,0.000083147,0.006248932,30,5
primitive,panda,bookshelf_tall,38,0.048,7697,true,0.000051056,0.000000221,36,6
mvtable,panda,bookshelf_tall,38,0.048,7697,true,0.000046738,0.000155993,1,5
mvtable_mutable,panda,bookshelf_tall,38,0.048,7697,true,0.000047429,0.000191931,1,5
mvtable_cpp,panda,bookshelf_tall,38,0.048,7697,true,0.000071103,0.000071114,1,5
capt,panda,bookshelf_tall,38,0.048,7697,true,0.000072917,0.005195953,1,5
kiddo,panda,bookshelf_tall,38,0.048,7697,true,0.000257414,0.000198603,1,5
mvtable_simd,panda,bookshelf_tall,38,0.048,7697,true,0.000044313,0.000155202,1,5
mvtable_mutable_simd,panda,bookshelf_tall,38,0.048,7697,true,0.000043602,0.000198343,1,5
mvt_cpp_simd,panda,bookshelf_tall,38,0.048,7697,true,0.000056315,0.000086071,1,5
capt_simd,panda,bookshelf_tall,38,0.048,7697,true,0.0000474,0.006293435,1,5
primitive,panda,bookshelf_tall,39,0.048,7502,true,0.000025979,0.000000251,1,4
mvtable,panda,bookshelf_tall,39,0.048,7502,true,0.000031399,0.000152978,1,4
mvtable_mutable,panda,bookshelf_tall,39,0.048,7502,true,0.000031579,0.000188665,1,4
mvtable_cpp,panda,bookshelf_tall,39,0.048,7502,true,0.000038131,0.000078207,1,4
capt,panda,bookshelf_tall,39,0.048,7502,true,0.000061736,0.005283397,1,4
kiddo,panda,bookshelf_tall,39,0.048,7502,true,0.00021839,0.000197631,1,4
mvtable_simd,panda,bookshelf_tall,39,0.048,7502,true,0.000031159,0.00015945,1,4
mvtable_mutable_simd,panda,bookshelf_tall,39,0.048,7502,true,0.00003202,0.000194285,1,4
mvt_cpp_simd,panda,bookshelf_tall,39,0.048,7502,true,0.000033703,0.000087164,1,4
capt_simd,panda,bookshelf_tall,39,0.048,7502,true,0.000044264,0.006441363,1,4
primitive,panda,bookshelf_tall,40,0.048,7569,true,0.000094207,0.000000401,126,5
mvtable,panda,bookshelf_tall,40,0.048,7569,true,0.000072887,0.000156224,25,5
mvtable_mutable,panda,bookshelf_tall,40,0.048,7569,true,0.000072486,0.000188444,25,5
mvtable_cpp,panda,bookshelf_tall,40,0.048,7569,true,0.000103855,0.000071054,25,5
capt,panda,bookshelf_tall,40,0.048,7569,true,0.000179047,0.005242591,25,5
kiddo,panda,bookshelf_tall,40,0.048,7569,true,0.00036197,0.00019173,25,5
mvtable_simd,panda,bookshelf_tall,40,0.048,7569,true,0.000066084,0.000159309,25,5
mvtable_mutable_simd,panda,bookshelf_tall,40,0.048,7569,true,0.000065093,0.000188925,25,5
mvt_cpp_simd,panda,bookshelf_tall,40,0.048,7569,true,0.000078878,0.000093396,25,5
capt_simd,panda,bookshelf_tall,40,0.048,7569,true,0.000101701,0.006538856,25,5
primitive,panda,bookshelf_tall,41,0.048,7310,true,0.000056196,0.000000431,10,9
mvtable,panda,bookshelf_tall,41,0.048,7310,true,0.000077045,0.000147127,10,9
mvtable_mutable,panda,bookshelf_tall,41,0.048,7310,true,0.000076153,0.000181542,10,9
mvtable_cpp,panda,bookshelf_tall,41,0.048,7310,true,0.000078858,0.000071945,10,9
capt,panda,bookshelf_tall,41,0.048,7310,true,0.000143229,0.005303916,10,9
kiddo,panda,bookshelf_tall,41,0.048,7310,true,0.000488077,0.000184707,10,9
mvtable_simd,panda,bookshelf_tall,41,0.048,7310,true,0.00006948,0.000146325,10,9
mvtable_mutable_simd,panda,bookshelf_tall,41,0.048,7310,true,0.000067857,0.000179727,10,9
mvt_cpp_simd,panda,bookshelf_tall,41,0.048,7310,true,0.000076033,0.00009571,10,9
capt_simd,panda,bookshelf_tall,41,0.048,7310,true,0.000104927,0.006443077,10,9
primitive,panda,bookshelf_tall,42,0.048,7500,true,0.00003752,0.000000451,1,6
mvtable,panda,bookshelf_tall,42,0.048,7500,true,0.000040085,0.000152236,1,6
mvtable_mutable,panda,bookshelf_tall,42,0.048,7500,true,0.000043983,0.000189076,1,6
mvtable_cpp,panda,bookshelf_tall,42,0.048,7500,true,0.000043642,0.000072175,1,6
capt,panda,bookshelf_tall,42,0.048,7500,true,0.000075782,0.005425514,1,6
kiddo,panda,bookshelf_tall,42,0.048,7500,true,0.000285947,0.00019693,1,6
mvtable_simd,panda,bookshelf_tall,42,0.048,7500,true,0.000035708,0.000149642,1,6
mvtable_mutable_simd,panda,bookshelf_tall,42,0.048,7500,true,0.000036058,0.000187042,1,6
mvt_cpp_simd,panda,bookshelf_tall,42,0.048,7500,true,0.000045846,0.000094006,1,6
capt_simd,panda,bookshelf_tall,42,0.048,7500,true,0.000057258,0.006555819,1,6
primitive,panda,bookshelf_tall,43,0.048,7574,true,0.000035406,0.0000003,7,4
mvtable,panda,bookshelf_tall,43,0.048,7574,true,0.000053771,0.000148529,7,4
mvtable_mutable,panda,bookshelf_tall,43,0.048,7574,true,0.00005831,0.000185018,7,4
mvtable_cpp,panda,bookshelf_tall,43,0.048,7574,true,0.000056847,0.000071705,7,4
capt,panda,bookshelf_tall,43,0.048,7574,true,0.000094607,0.005424332,7,4
kiddo,panda,bookshelf_tall,43,0.048,7574,true,0.000245121,0.000200727,7,4
mvtable_simd,panda,bookshelf_tall,43,0.048,7574,true,0.000051226,0.000149641,7,4
mvtable_mutable_simd,panda,bookshelf_tall,43,0.048,7574,true,0.000051136,0.000187592,7,4
mvt_cpp_simd,panda,bookshelf_tall,43,0.048,7574,true,0.000049844,0.000100148,7,4
capt_simd,panda,bookshelf_tall,43,0.048,7574,true,0.000065173,0.006636209,7,4
primitive,panda,bookshelf_tall,44,0.048,7182,true,0.000946999,0.00000047,3511,11
mvtable,panda,bookshelf_tall,44,0.048,7182,true,0.000461187,0.000137839,1065,10
mvtable_mutable,panda,bookshelf_tall,44,0.048,7182,true,0.000460626,0.000171692,1065,10
mvtable_cpp,panda,bookshelf_tall,44,0.048,7182,true,0.000479801,0.000071825,1065,10
capt,panda,bookshelf_tall,44,0.048,7182,true,0.000840249,0.005196404,1065,10
kiddo,panda,bookshelf_tall,44,0.048,7182,true,0.001709512,0.000185558,1065,10
mvtable_simd,panda,bookshelf_tall,44,0.048,7182,true,0.000451568,0.000137849,1065,10
mvtable_mutable_simd,panda,bookshelf_tall,44,0.048,7182,true,0.000444485,0.000177454,1065,10
mvt_cpp_simd,panda,bookshelf_tall,44,0.048,7182,true,0.000452159,0.000092224,1065,10
capt_simd,panda,bookshelf_tall,44,0.048,7182,true,0.000684076,0.00623765,1065,10
primitive,panda,bookshelf_tall,45,0.048,7665,true,0.000054913,0.00000031,23,6
mvtable,panda,bookshelf_tall,45,0.048,7665,true,0.00005842,0.000153128,23,6
mvtable_mutable,panda,bookshelf_tall,45,0.048,7665,true,0.000057127,0.000190197,23,6
mvtable_cpp,panda,bookshelf_tall,45,0.048,7665,true,0.000061826,0.000079269,23,6
capt,panda,bookshelf_tall,45,0.048,7665,true,0.000110277,0.005310588,23,6
kiddo,panda,bookshelf_tall,45,0.048,7665,true,0.000342264,0.000194946,23,6
mvtable_simd,panda,bookshelf_tall,45,0.048,7665,true,0.000055745,0.000150223,23,6
mvtable_mutable_simd,panda,bookshelf_tall,45,0.048,7665,true,0.000055003,0.000188344,23,6
mvt_cpp_simd,panda,bookshelf_tall,45,0.048,7665,true,0.000058671,0.00009062,23,6
capt_simd,panda,bookshelf_tall,45,0.048,7665,true,0.000077876,0.006484564,23,6
primitive,panda,bookshelf_tall,46,0.048,7226,true,0.000109576,0.00000024,196,7
mvtable,panda,bookshelf_tall,46,0.048,7226,true,0.000189536,0.000146345,198,12
mvtable_mutable,panda,bookshelf_tall,46,0.048,7226,true,0.000189045,0.00020756,198,12
mvtable_cpp,panda,bookshelf_tall,46,0.048,7226,true,0.000211217,0.000068829,198,12
capt,panda,bookshelf_tall,46,0.048,7226,true,0.000391356,0.005257619,198,12
kiddo,panda,bookshelf_tall,46,0.048,7226,true,0.00096831,0.000183755,198,12
mvtable_simd,panda,bookshelf_tall,46,0.048,7226,true,0.000182222,0.000145994,198,12
mvtable_mutable_simd,panda,bookshelf_tall,46,0.048,7226,true,0.000173807,0.000202822,198,12
mvt_cpp_simd,panda,bookshelf_tall,46,0.048,7226,true,0.000194195,0.000083357,198,12
capt_simd,panda,bookshelf_tall,46,0.048,7226,true,0.000280096,0.006430964,198,12
primitive,panda,bookshelf_tall,47,0.048,7265,true,0.000072196,0.00000024,85,7
mvtable,panda,bookshelf_tall,47,0.048,7265,true,0.000102412,0.0001437,66,7
mvtable_mutable,panda,bookshelf_tall,47,0.048,7265,true,0.000108043,0.000179898,66,7
mvtable_cpp,panda,bookshelf_tall,47,0.048,7265,true,0.000111189,0.000068548,66,7
capt,panda,bookshelf_tall,47,0.048,7265,true,0.000201729,0.005284319,66,7
kiddo,panda,bookshelf_tall,47,0.048,7265,true,0.000520608,0.000193574,66,7
mvtable_simd,panda,bookshelf_tall,47,0.048,7265,true,0.000098335,0.00014378,66,7
mvtable_mutable_simd,panda,bookshelf_tall,47,0.048,7265,true,0.000095099,0.000225954,66,7
mvt_cpp_simd,panda,bookshelf_tall,47,0.048,7265,true,0.000099487,0.000089198,66,7
capt_simd,panda,bookshelf_tall,47,0.048,7265,true,0.000130916,0.006733041,66,7
primitive,panda,bookshelf_tall,48,0.048,7729,true,0.000035787,0.000000401,7,4
mvtable,panda,bookshelf_tall,48,0.048,7729,true,0.000050415,0.000153338,7,4
mvtable_mutable,panda,bookshelf_tall,48,0.048,7729,true,0.000050345,0.00019188,7,4
mvtable_cpp,panda,bookshelf_tall,48,0.048,7729,true,0.000049273,0.000075161,7,4
capt,panda,bookshelf_tall,48,0.048,7729,true,0.000070463,0.005425505,7,4
kiddo,panda,bookshelf_tall,48,0.048,7729,true,0.000173256,0.000199956,7,4
mvtable_simd,panda,bookshelf_tall,48,0.048,7729,true,0.000048882,0.000154751,7,4
mvtable_mutable_simd,panda,bookshelf_tall,48,0.048,7729,true,0.00004813,0.000198754,7,4
mvt_cpp_simd,panda,bookshelf_tall,48,0.048,7729,true,0.000044824,0.000087604,7,4
capt_simd,panda,bookshelf_tall,48,0.048,7729,true,0.0000532,0.006714857,7,4
primitive,panda,bookshelf_tall,49,0.048,7120,true,0.000085431,0.000000711,49,9
mvtable,panda,bookshelf_tall,49,0.048,7120,true,0.000051727,0.000136597,22,5
mvtable_mutable,panda,bookshelf_tall,49,0.048,7120,true,0.000051016,0.000169418,22,5
mvtable_cpp,panda,bookshelf_tall,49,0.048,7120,true,0.00005884,0.000072115,22,5
capt,panda,bookshelf_tall,49,0.048,7120,true,0.000119705,0.005157181,22,5
kiddo,panda,bookshelf_tall,49,0.048,7120,true,0.000386306,0.000187623,22,5
mvtable_simd,panda,bookshelf_tall,49,0.048,7120,true,0.000047409,0.000135855,22,5
mvtable_mutable_simd,panda,bookshelf_tall,49,0.048,7120,true,0.000046157,0.0001701,22,5
mvt_cpp_simd,panda,bookshelf_tall,49,0.048,7120,true,0.000050946,0.000085511,22,5
capt_simd,panda,bookshelf_tall,49,0.048,7120,true,0.000082505,0.006226079,22,5
primitive,panda,bookshelf_tall,50,0.048,7762,true,0.000075452,0.000000241,106,6
mvtable,panda,bookshelf_tall,50,0.048,7762,true,0.000140824,0.000156985,106,6
mvtable_mutable,panda,bookshelf_tall,50,0.048,7762,true,0.000143159,0.000189306,106,6
mvtable_cpp,panda,bookshelf_tall,50,0.048,7762,true,0.000153448,0.000073528,106,6
capt,panda,bookshelf_tall,50,0.048,7762,true,0.0002342,0.004549809,106,6
kiddo,panda,bookshelf_tall,50,0.048,7762,true,0.000490832,0.000203502,106,6
mvtable_simd,panda,bookshelf_tall,50,0.048,7762,true,0.000139402,0.000152026,106,6
mvtable_mutable_simd,panda,bookshelf_tall,50,0.048,7762,true,0.000135855,0.000196219,106,6
mvt_cpp_simd,panda,bookshelf_tall,50,0.048,7762,true,0.000131056,0.000094658,106,6
capt_simd,panda,bookshelf_tall,50,0.048,7762,true,0.000163698,0.006383414,106,6
primitive,panda,bookshelf_thin,1,0.048,4354,true,0.000075151,0.00000037,36,7
mvtable,panda,bookshelf_thin,1,0.048,4354,true,0.000076193,0.000089408,16,6
mvtable_mutable,panda,bookshelf_thin,1,0.048,4354,true,0.00007475,0.00011201,16,6
mvtable_cpp,panda,bookshelf_thin,1,0.048,4354,true,0.000087815,0.000052368,16,6
capt,panda,bookshelf_thin,1,0.048,4354,true,0.000156304,0.003731992,16,6
kiddo,panda,bookshelf_thin,1,0.048,4354,true,0.000373251,0.000144512,16,6
mvtable_simd,panda,bookshelf_thin,1,0.048,4354,true,0.000070933,0.000088967,16,6
mvtable_mutable_simd,panda,bookshelf_thin,1,0.048,4354,true,0.000072236,0.000110367,16,6
mvt_cpp_simd,panda,bookshelf_thin,1,0.048,4354,true,0.000072366,0.000054492,16,6
capt_simd,panda,bookshelf_thin,1,0.048,4354,true,0.000096171,0.003882956,16,6
primitive,panda,bookshelf_thin,2,0.048,4422,true,0.000183935,0.000000751,421,5
mvtable,panda,bookshelf_thin,2,0.048,4422,true,0.000038773,0.000089438,8,5
mvtable_mutable,panda,bookshelf_thin,2,0.048,4422,true,0.000036238,0.000117261,8,5
mvtable_cpp,panda,bookshelf_thin,2,0.048,4422,true,0.00006378,0.000049353,8,5
capt,panda,bookshelf_thin,2,0.048,4422,true,0.000077195,0.00340602,8,5
kiddo,panda,bookshelf_thin,2,0.048,4422,true,0.000271269,0.00016464,8,5
mvtable_simd,panda,bookshelf_thin,2,0.048,4422,true,0.000036679,0.000092194,8,5
mvtable_mutable_simd,panda,bookshelf_thin,2,0.048,4422,true,0.000035697,0.000136807,8,5
mvt_cpp_simd,panda,bookshelf_thin,2,0.048,4422,true,0.000041708,0.00004243,8,5
capt_simd,panda,bookshelf_thin,2,0.048,4422,true,0.000061796,0.004182368,8,5
primitive,panda,bookshelf_thin,3,0.048,4470,true,0.000201539,0.000000471,63,32
mvtable,panda,bookshelf_thin,3,0.048,4470,true,0.000098866,0.000093205,16,7
mvtable_mutable,panda,bookshelf_thin,3,0.048,4470,true,0.000100148,0.000112802,16,7
mvtable_cpp,panda,bookshelf_thin,3,0.048,4470,true,0.00011693,0.000053411,16,7
capt,panda,bookshelf_thin,3,0.048,4470,true,0.000132058,0.003341669,16,7
kiddo,panda,bookshelf_thin,3,0.048,4470,true,0.000298751,0.000116479,16,7
mvtable_simd,panda,bookshelf_thin,3,0.048,4470,true,0.000092123,0.000089037,16,7
mvtable_mutable_simd,panda,bookshelf_thin,3,0.048,4470,true,0.000096561,0.000111981,16,7
mvt_cpp_simd,panda,bookshelf_thin,3,0.048,4470,true,0.000087514,0.000056776,16,7
capt_simd,panda,bookshelf_thin,3,0.048,4470,true,0.000089187,0.004025303,16,7
primitive,panda,bookshelf_thin,4,0.048,4505,true,0.00047352,0.000000281,1894,9
mvtable,panda,bookshelf_thin,4,0.048,4505,true,0.000164369,0.000090961,298,6
mvtable_mutable,panda,bookshelf_thin,4,0.048,4505,true,0.000167164,0.000112933,298,6
mvtable_cpp,panda,bookshelf_thin,4,0.048,4505,true,0.000218069,0.000051216,298,6
capt,panda,bookshelf_thin,4,0.048,4505,true,0.000343466,0.00339584,298,6
kiddo,panda,bookshelf_thin,4,0.048,4505,true,0.000726706,0.000121047,298,6
mvtable_simd,panda,bookshelf_thin,4,0.048,4505,true,0.000151504,0.000089689,298,6
mvtable_mutable_simd,panda,bookshelf_thin,4,0.048,4505,true,0.000146886,0.000112602,298,6
mvt_cpp_simd,panda,bookshelf_thin,4,0.048,4505,true,0.000165341,0.000055544,298,6
capt_simd,panda,bookshelf_thin,4,0.048,4505,true,0.000235433,0.003962665,298,6
primitive,panda,bookshelf_thin,5,0.048,4335,true,0.00052152,0.000000261,1134,7
mvtable,panda,bookshelf_thin,5,0.048,4335,true,0.000127059,0.000087043,254,5
mvtable_mutable,panda,bookshelf_thin,5,0.048,4335,true,0.000126988,0.000108444,254,5
mvtable_cpp,panda,bookshelf_thin,5,0.048,4335,true,0.000141567,0.000047238,254,5
capt,panda,bookshelf_thin,5,0.048,4335,true,0.000238187,0.003309769,254,5
kiddo,panda,bookshelf_thin,5,0.048,4335,true,0.000578266,0.000115317,254,5
mvtable_simd,panda,bookshelf_thin,5,0.048,4335,true,0.000116669,0.000087545,254,5
mvtable_mutable_simd,panda,bookshelf_thin,5,0.048,4335,true,0.000115457,0.000109075,254,5
mvt_cpp_simd,panda,bookshelf_thin,5,0.048,4335,true,0.00012778,0.000050475,254,5
capt_simd,panda,bookshelf_thin,5,0.048,4335,true,0.000180338,0.003796223,254,5
primitive,panda,bookshelf_thin,6,0.048,4277,true,0.000317126,0.00000027,1625,12
mvtable,panda,bookshelf_thin,6,0.048,4277,true,0.00036197,0.000079008,1379,11
mvtable_mutable,panda,bookshelf_thin,6,0.048,4277,true,0.000368231,0.000099357,1379,11
mvtable_cpp,panda,bookshelf_thin,6,0.048,4277,true,0.000430599,0.000047389,1379,11
capt,panda,bookshelf_thin,6,0.048,4277,true,0.000630314,0.003265847,1379,11
kiddo,panda,bookshelf_thin,6,0.048,4277,true,0.001232295,0.00011704,1379,11
mvtable_simd,panda,bookshelf_thin,6,0.048,4277,true,0.000363382,0.000085691,1379,11
mvtable_mutable_simd,panda,bookshelf_thin,6,0.048,4277,true,0.000354005,0.000099637,1379,11
mvt_cpp_simd,panda,bookshelf_thin,6,0.048,4277,true,0.000385324,0.000045786,1379,11
capt_simd,panda,bookshelf_thin,6,0.048,4277,true,0.000522592,0.003839414,1379,11
primitive,panda,bookshelf_thin,7,0.048,4458,true,0.000085591,0.000000361,16,11
mvtable,panda,bookshelf_thin,7,0.048,4458,true,0.00011169,0.000089929,16,11
mvtable_mutable,panda,bookshelf_thin,7,0.048,4458,true,0.00011197,0.000130124,16,11
mvtable_cpp,panda,bookshelf_thin,7,0.048,4458,true,0.000153919,0.000065262,16,11
capt,panda,bookshelf_thin,7,0.048,4458,true,0.000187152,0.003330157,16,11
kiddo,panda,bookshelf_thin,7,0.048,4458,true,0.000501712,0.00012265,16,11
mvtable_simd,panda,bookshelf_thin,7,0.048,4458,true,0.000104176,0.000089909,16,11
mvtable_mutable_simd,panda,bookshelf_thin,7,0.048,4458,true,0.000103524,0.000125787,16,11
mvt_cpp_simd,panda,bookshelf_thin,7,0.048,4458,true,0.000120467,0.000065653,16,11
capt_simd,panda,bookshelf_thin,7,0.048,4458,true,0.000139102,0.003845465,16,11
primitive,panda,bookshelf_thin,8,0.048,4368,true,0.000091933,0.00000026,133,7
mvtable,panda,bookshelf_thin,8,0.048,4368,true,0.000115397,0.000083918,49,13
mvtable_mutable,panda,bookshelf_thin,8,0.048,4368,true,0.000103455,0.000105357,49,13
mvtable_cpp,panda,bookshelf_thin,8,0.048,4368,true,0.000153388,0.000045476,49,13
capt,panda,bookshelf_thin,8,0.048,4368,true,0.000257223,0.003390611,49,13
kiddo,panda,bookshelf_thin,8,0.048,4368,true,0.000692911,0.000123161,49,13
mvtable_simd,panda,bookshelf_thin,8,0.048,4368,true,0.000092353,0.000082174,49,13
mvtable_mutable_simd,panda,bookshelf_thin,8,0.048,4368,true,0.000091421,0.000101691,49,13
mvt_cpp_simd,panda,bookshelf_thin,8,0.048,4368,true,0.000107953,0.000044784,49,13
capt_simd,panda,bookshelf_thin,8,0.048,4368,true,0.000174027,0.003924464,49,13
primitive,panda,bookshelf_thin,9,0.048,4464,true,0.000039665,0.000000271,15,4
mvtable,panda,bookshelf_thin,9,0.048,4464,true,0.000039173,0.00009092,10,5
mvtable_mutable,panda,bookshelf_thin,9,0.048,4464,true,0.000039194,0.000114495,10,5
mvtable_cpp,panda,bookshelf_thin,9,0.048,4464,true,0.000048141,0.000048061,10,5
capt,panda,bookshelf_thin,9,0.048,4464,true,0.000078768,0.003415528,10,5
kiddo,panda,bookshelf_thin,9,0.048,4464,true,0.000246884,0.000128121,10,5
mvtable_simd,panda,bookshelf_thin,9,0.048,4464,true,0.000034836,0.000102042,10,5
mvtable_mutable_simd,panda,bookshelf_thin,9,0.048,4464,true,0.000034645,0.00011707,10,5
mvt_cpp_simd,panda,bookshelf_thin,9,0.048,4464,true,0.000037831,0.000047128,10,5
capt_simd,panda,bookshelf_thin,9,0.048,4464,true,0.00005823,0.003988153,10,5
primitive,panda,bookshelf_thin,10,0.048,4515,true,0.000031209,0.00000028,7,4
mvtable,panda,bookshelf_thin,10,0.048,4515,true,0.00004801,0.000091862,7,4
mvtable_mutable,panda,bookshelf_thin,10,0.048,4515,true,0.000047189,0.000115317,7,4
mvtable_cpp,panda,bookshelf_thin,10,0.048,4515,true,0.00005308,0.000064711,7,4
capt,panda,bookshelf_thin,10,0.048,4515,true,0.000090961,0.003509294,7,4
kiddo,panda,bookshelf_thin,10,0.048,4515,true,0.000229541,0.00015949,7,4
mvtable_simd,panda,bookshelf_thin,10,0.048,4515,true,0.000048211,0.000091933,7,4
mvtable_mutable_simd,panda,bookshelf_thin,10,0.048,4515,true,0.000054332,0.000130005,7,4
mvt_cpp_simd,panda,bookshelf_thin,10,0.048,4515,true,0.000068508,0.00008479,7,4
capt_simd,panda,bookshelf_thin,10,0.048,4515,true,0.000057378,0.004818013,7,4
primitive,panda,bookshelf_thin,11,0.048,4507,true,0.000068689,0.000000531,9,8
mvtable,panda,bookshelf_thin,11,0.048,4507,true,0.000078678,0.00009536,9,8
mvtable_mutable,panda,bookshelf_thin,11,0.048,4507,true,0.000080201,0.000118422,9,8
mvtable_cpp,panda,bookshelf_thin,11,0.048,4507,true,0.000091371,0.000066195,9,8
capt,panda,bookshelf_thin,11,0.048,4507,true,0.000162305,0.003631082,9,8
kiddo,panda,bookshelf_thin,11,0.048,4507,true,0.000317065,0.000171502,9,8
mvtable_simd,panda,bookshelf_thin,11,0.048,4507,true,0.000074079,0.000093015,9,8
mvtable_mutable_simd,panda,bookshelf_thin,11,0.048,4507,true,0.000072506,0.000116258,9,8
mvt_cpp_simd,panda,bookshelf_thin,11,0.048,4507,true,0.000070703,0.000067146,9,8
capt_simd,panda,bookshelf_thin,11,0.048,4507,true,0.000083297,0.004154617,9,8
primitive,panda,bookshelf_thin,12,0.048,4457,true,0.000054653,0.000000481,14,5
mvtable,panda,bookshelf_thin,12,0.048,4457,true,0.000091171,0.000089818,14,7
mvtable_mutable,panda,bookshelf_thin,12,0.048,4457,true,0.000091192,0.000134162,14,7
mvtable_cpp,panda,bookshelf_thin,12,0.048,4457,true,0.000114475,0.000064682,14,7
capt,panda,bookshelf_thin,12,0.048,4457,true,0.000176462,0.003513081,14,7
kiddo,panda,bookshelf_thin,12,0.048,4457,true,0.000365777,0.000134353,14,7
mvtable_simd,panda,bookshelf_thin,12,0.048,4457,true,0.000082204,0.000088015,14,7
mvtable_mutable_simd,panda,bookshelf_thin,12,0.048,4457,true,0.000082795,0.000121889,14,7
mvt_cpp_simd,panda,bookshelf_thin,12,0.048,4457,true,0.000088446,0.000061576,14,7
capt_simd,panda,bookshelf_thin,12,0.048,4457,true,0.000111149,0.004125431,14,7
primitive,panda,bookshelf_thin,13,0.048,4306,true,0.000081633,0.000000501,105,5
mvtable,panda,bookshelf_thin,13,0.048,4306,true,0.000045336,0.000081143,10,5
mvtable_mutable,panda,bookshelf_thin,13,0.048,4306,true,0.000043733,0.000101831,10,5
mvtable_cpp,panda,bookshelf_thin,13,0.048,4306,true,0.000047118,0.00005339,10,5
capt,panda,bookshelf_thin,13,0.048,4306,true,0.00008028,0.003466323,10,5
kiddo,panda,bookshelf_thin,13,0.048,4306,true,0.000267142,0.0001274,10,5
mvtable_simd,panda,bookshelf_thin,13,0.048,4306,true,0.000040335,0.000086272,10,5
mvtable_mutable_simd,panda,bookshelf_thin,13,0.048,4306,true,0.000040657,0.00010154,10,5
mvt_cpp_simd,panda,bookshelf_thin,13,0.048,4306,true,0.000038402,0.000052739,10,5
capt_simd,panda,bookshelf_thin,13,0.048,4306,true,0.000066084,0.004054268,10,5
primitive,panda,bookshelf_thin,14,0.048,4443,true,0.000055705,0.000000881,10,7
mvtable,panda,bookshelf_thin,14,0.048,4443,true,0.000073128,0.000092484,8,5
mvtable_mutable,panda,bookshelf_thin,14,0.048,4443,true,0.000073428,0.000114996,8,5
mvtable_cpp,panda,bookshelf_thin,14,0.048,4443,true,0.000084078,0.000045396,8,5
capt,panda,bookshelf_thin,14,0.048,4443,true,0.000123793,0.003524232,8,5
kiddo,panda,bookshelf_thin,14,0.048,4443,true,0.000291227,0.000131136,8,5
mvtable_simd,panda,bookshelf_thin,14,0.048,4443,true,0.000068579,0.000091491,8,5
mvtable_mutable_simd,panda,bookshelf_thin,14,0.048,4443,true,0.000068178,0.000114224,8,5
mvt_cpp_simd,panda,bookshelf_thin,14,0.048,4443,true,0.000065914,0.000043381,8,5
capt_simd,panda,bookshelf_thin,14,0.048,4443,true,0.000075192,0.00405548,8,5
primitive,panda,bookshelf_thin,15,0.048,4345,true,0.000170871,0.00000042,312,10
mvtable,panda,bookshelf_thin,15,0.048,4345,true,0.000166353,0.000090891,250,7
mvtable_mutable,panda,bookshelf_thin,15,0.048,4345,true,0.000170531,0.00012238,250,7
mvtable_cpp,panda,bookshelf_thin,15,0.048,4345,true,0.000169588,0.000059912,250,7
capt,panda,bookshelf_thin,15,0.048,4345,true,0.000315483,0.003294159,250,7
kiddo,panda,bookshelf_thin,15,0.048,4345,true,0.000670841,0.000129533,250,7
mvtable_simd,panda,bookshelf_thin,15,0.048,4345,true,0.000156453,0.00009041,250,7
mvtable_mutable_simd,panda,bookshelf_thin,15,0.048,4345,true,0.000152326,0.000112562,250,7
mvt_cpp_simd,panda,bookshelf_thin,15,0.048,4345,true,0.000148278,0.000061946,250,7
capt_simd,panda,bookshelf_thin,15,0.048,4345,true,0.000215455,0.003893285,250,7
primitive,panda,bookshelf_thin,16,0.048,4497,true,0.00003173,0.000000401,2,5
mvtable,panda,bookshelf_thin,16,0.048,4497,true,0.000044293,0.000091862,2,5
mvtable_mutable,panda,bookshelf_thin,16,0.048,4497,true,0.000060634,0.000114645,2,5
mvtable_cpp,panda,bookshelf_thin,16,0.048,4497,true,0.000055825,0.000044002,2,5
capt,panda,bookshelf_thin,16,0.048,4497,true,0.000073628,0.003339945,2,5
kiddo,panda,bookshelf_thin,16,0.048,4497,true,0.000192853,0.000131978,2,5
mvtable_simd,panda,bookshelf_thin,16,0.048,4497,true,0.00004209,0.00009068,2,5
mvtable_mutable_simd,panda,bookshelf_thin,16,0.048,4497,true,0.000041258,0.000114835,2,5
mvt_cpp_simd,panda,bookshelf_thin,16,0.048,4497,true,0.000040476,0.000048171,2,5
capt_simd,panda,bookshelf_thin,16,0.048,4497,true,0.000044804,0.003912982,2,5
primitive,panda,bookshelf_thin,17,0.048,4294,true,0.000044503,0.00000028,15,5
mvtable,panda,bookshelf_thin,17,0.048,4294,true,0.000034064,0.000087665,6,5
mvtable_mutable,panda,bookshelf_thin,17,0.048,4294,true,0.000033513,0.000110428,6,5
mvtable_cpp,panda,bookshelf_thin,17,0.048,4294,true,0.000036198,0.000039183,6,5
capt,panda,bookshelf_thin,17,0.048,4294,true,0.000072676,0.003426258,6,5
kiddo,panda,bookshelf_thin,17,0.048,4294,true,0.000258565,0.000126017,6,5
mvtable_simd,panda,bookshelf_thin,17,0.048,4294,true,0.000028874,0.000087765,6,5
mvtable_mutable_simd,panda,bookshelf_thin,17,0.048,4294,true,0.000028343,0.000110768,6,5
mvt_cpp_simd,panda,bookshelf_thin,17,0.048,4294,true,0.000027942,0.000039043,6,5
capt_simd,panda,bookshelf_thin,17,0.048,4294,true,0.000060824,0.00399209,6,5
primitive,panda,bookshelf_thin,18,0.048,4478,true,0.000073608,0.000000261,16,8
mvtable,panda,bookshelf_thin,18,0.048,4478,true,0.000074209,0.000088487,6,7
mvtable_mutable,panda,bookshelf_thin,18,0.048,4478,true,0.000072796,0.000118723,6,7
mvtable_cpp,panda,bookshelf_thin,18,0.048,4478,true,0.000095529,0.000057257,6,7
capt,panda,bookshelf_thin,18,0.048,4478,true,0.000194575,0.003392064,6,7
kiddo,panda,bookshelf_thin,18,0.048,4478,true,0.000433875,0.000125596,6,7
mvtable_simd,panda,bookshelf_thin,18,0.048,4478,true,0.000067597,0.000088757,6,7
mvtable_mutable_simd,panda,bookshelf_thin,18,0.048,4478,true,0.000072236,0.000112581,6,7
mvt_cpp_simd,panda,bookshelf_thin,18,0.048,4478,true,0.000073298,0.00006909,6,7
capt_simd,panda,bookshelf_thin,18,0.048,4478,true,0.000101992,0.004005987,6,7
primitive,panda,bookshelf_thin,19,0.048,4498,true,0.000040686,0.0000003,28,5
mvtable,panda,bookshelf_thin,19,0.048,4498,true,0.00004266,0.000091652,8,5
mvtable_mutable,panda,bookshelf_thin,19,0.048,4498,true,0.00004242,0.000112301,8,5
mvtable_cpp,panda,bookshelf_thin,19,0.048,4498,true,0.000048842,0.000042129,8,5
capt,panda,bookshelf_thin,19,0.048,4498,true,0.000088416,0.003428813,8,5
kiddo,panda,bookshelf_thin,19,0.048,4498,true,0.000230072,0.000126327,8,5
mvtable_simd,panda,bookshelf_thin,19,0.048,4498,true,0.000038582,0.000089789,8,5
mvtable_mutable_simd,panda,bookshelf_thin,19,0.048,4498,true,0.00003757,0.000113393,8,5
mvt_cpp_simd,panda,bookshelf_thin,19,0.048,4498,true,0.000038752,0.000045155,8,5
capt_simd,panda,bookshelf_thin,19,0.048,4498,true,0.000057789,0.003966574,8,5
primitive,panda,bookshelf_thin,20,0.048,4356,true,0.000093987,0.000000471,63,7
mvtable,panda,bookshelf_thin,20,0.048,4356,true,0.000132158,0.000097222,43,8
mvtable_mutable,panda,bookshelf_thin,20,0.048,4356,true,0.000119054,0.000120416,43,8
mvtable_cpp,panda,bookshelf_thin,20,0.048,4356,true,0.000156835,0.00004225,43,8
capt,panda,bookshelf_thin,20,0.048,4356,true,0.000216577,0.003521958,43,8
kiddo,panda,bookshelf_thin,20,0.048,4356,true,0.000581633,0.000119705,43,8
mvtable_simd,panda,bookshelf_thin,20,0.048,4356,true,0.000112441,0.000092894,43,8
mvtable_mutable_simd,panda,bookshelf_thin,20,0.048,4356,true,0.000109846,0.000111499,43,8
mvt_cpp_simd,panda,bookshelf_thin,20,0.048,4356,true,0.000116699,0.000040316,43,8
capt_simd,panda,bookshelf_thin,20,0.048,4356,true,0.000152447,0.004056773,43,8
primitive,panda,bookshelf_thin,21,0.048,4472,true,0.000097964,0.000000461,149,9
mvtable,panda,bookshelf_thin,21,0.048,4472,true,0.000200487,0.00009059,39,17
mvtable_mutable,panda,bookshelf_thin,21,0.048,4472,true,0.00018605,0.000114285,39,17
mvtable_cpp,panda,bookshelf_thin,21,0.048,4472,true,0.00022905,0.000043101,39,17
capt,panda,bookshelf_thin,21,0.048,4472,true,0.000281519,0.003406782,39,17
kiddo,panda,bookshelf_thin,21,0.048,4472,true,0.000711727,0.000126358,39,17
mvtable_simd,panda,bookshelf_thin,21,0.048,4472,true,0.000178646,0.000093355,39,17
mvtable_mutable_simd,panda,bookshelf_thin,21,0.048,4472,true,0.000186981,0.000115628,39,17
mvt_cpp_simd,panda,bookshelf_thin,21,0.048,4472,true,0.000181611,0.000043171,39,17
capt_simd,panda,bookshelf_thin,21,0.048,4472,true,0.000212209,0.004033218,39,17
primitive,panda,bookshelf_thin,22,0.048,4599,true,0.000038623,0.00000029,8,5
mvtable,panda,bookshelf_thin,22,0.048,4599,true,0.000058681,0.000093546,8,5
mvtable_mutable,panda,bookshelf_thin,22,0.048,4599,true,0.000058319,0.000116078,8,5
mvtable_cpp,panda,bookshelf_thin,22,0.048,4599,true,0.000064512,0.000063409,8,5
capt,panda,bookshelf_thin,22,0.048,4599,true,0.000099928,0.003531115,8,5
kiddo,panda,bookshelf_thin,22,0.048,4599,true,0.000206138,0.00012751,8,5
mvtable_simd,panda,bookshelf_thin,22,0.048,4599,true,0.000055755,0.000104276,8,5
mvtable_mutable_simd,panda,bookshelf_thin,22,0.048,4599,true,0.000056055,0.00011714,8,5
mvt_cpp_simd,panda,bookshelf_thin,22,0.048,4599,true,0.000049173,0.000067247,8,5
capt_simd,panda,bookshelf_thin,22,0.048,4599,true,0.000063309,0.004104082,8,5
primitive,panda,bookshelf_thin,23,0.048,4352,true,0.0000321,0.00000036,1,5
mvtable,panda,bookshelf_thin,23,0.048,4352,true,0.000033342,0.00009017,1,5
mvtable_mutable,panda,bookshelf_thin,23,0.048,4352,true,0.000032451,0.000112161,1,5
mvtable_cpp,panda,bookshelf_thin,23,0.048,4352,true,0.000032421,0.000040947,1,5
capt,panda,bookshelf_thin,23,0.048,4352,true,0.000066415,0.003424765,1,5
kiddo,panda,bookshelf_thin,23,0.048,4352,true,0.000211668,0.000123963,1,5
mvtable_simd,panda,bookshelf_thin,23,0.048,4352,true,0.000029125,0.00009052,1,5
mvtable_mutable_simd,panda,bookshelf_thin,23,0.048,4352,true,0.000028333,0.000112602,1,5
mvt_cpp_simd,panda,bookshelf_thin,23,0.048,4352,true,0.000028544,0.000052369,1,5
capt_simd,panda,bookshelf_thin,23,0.048,4352,true,0.000042229,0.003974248,1,5
primitive,panda,bookshelf_thin,24,0.048,4275,true,0.000062117,0.000000251,60,6
mvtable,panda,bookshelf_thin,24,0.048,4275,true,0.000039734,0.000080382,10,6
mvtable_mutable,panda,bookshelf_thin,24,0.048,4275,true,0.000038833,0.0001117,10,6
mvtable_cpp,panda,bookshelf_thin,24,0.048,4275,true,0.0000425,0.00005331,10,6
capt,panda,bookshelf_thin,24,0.048,4275,true,0.000075191,0.003284361,10,6
kiddo,panda,bookshelf_thin,24,0.048,4275,true,0.000301797,0.000117341,10,6
mvtable_simd,panda,bookshelf_thin,24,0.048,4275,true,0.000038573,0.000080652,10,6
mvtable_mutable_simd,panda,bookshelf_thin,24,0.048,4275,true,0.000034785,0.000100519,10,6
mvt_cpp_simd,panda,bookshelf_thin,24,0.048,4275,true,0.000035446,0.000054733,10,6
capt_simd,panda,bookshelf_thin,24,0.048,4275,true,0.000067947,0.003920577,10,6
primitive,panda,bookshelf_thin,25,0.048,4491,true,0.000043723,0.000000742,28,5
mvtable,panda,bookshelf_thin,25,0.048,4491,true,0.000071234,0.000092343,28,5
mvtable_mutable,panda,bookshelf_thin,25,0.048,4491,true,0.000070232,0.000113723,28,5
mvtable_cpp,panda,bookshelf_thin,25,0.048,4491,true,0.000079319,0.000045275,28,5
capt,panda,bookshelf_thin,25,0.048,4491,true,0.000109867,0.003208389,28,5
kiddo,panda,bookshelf_thin,25,0.048,4491,true,0.000227498,0.000131177,28,5
mvtable_simd,panda,bookshelf_thin,25,0.048,4491,true,0.000066705,0.000091893,28,5
mvtable_mutable_simd,panda,bookshelf_thin,25,0.048,4491,true,0.000066545,0.000115237,28,5
mvt_cpp_simd,panda,bookshelf_thin,25,0.048,4491,true,0.00006425,0.000048311,28,5
capt_simd,panda,bookshelf_thin,25,0.048,4491,true,0.000062528,0.004021947,28,5
primitive,panda,bookshelf_thin,26,0.048,4345,true,0.00004256,0.000000251,13,5
mvtable,panda,bookshelf_thin,26,0.048,4345,true,0.000053601,0.000093315,13,5
mvtable_mutable,panda,bookshelf_thin,26,0.048,4345,true,0.000053371,0.000110788,13,5
mvtable_cpp,panda,bookshelf_thin,26,0.048,4345,true,0.000072156,0.000050735,13,5
capt,panda,bookshelf_thin,26,0.048,4345,true,0.000099858,0.003302846,13,5
kiddo,panda,bookshelf_thin,26,0.048,4345,true,0.000277992,0.000126908,13,5
mvtable_simd,panda,bookshelf_thin,26,0.048,4345,true,0.000051387,0.000087695,13,5
mvtable_mutable_simd,panda,bookshelf_thin,26,0.048,4345,true,0.000048702,0.000111419,13,5
mvt_cpp_simd,panda,bookshelf_thin,26,0.048,4345,true,0.000057939,0.000050716,13,5
capt_simd,panda,bookshelf_thin,26,0.048,4345,true,0.000071995,0.003811903,13,5
primitive,panda,bookshelf_thin,27,0.048,4432,true,0.000101821,0.000000271,169,5
mvtable,panda,bookshelf_thin,27,0.048,4432,true,0.000033183,0.000089838,2,5
mvtable_mutable,panda,bookshelf_thin,27,0.048,4432,true,0.00003213,0.000114665,2,5
mvtable_cpp,panda,bookshelf_thin,27,0.048,4432,true,0.000037461,0.000042449,2,5
capt,panda,bookshelf_thin,27,0.048,4432,true,0.000064211,0.003424946,2,5
kiddo,panda,bookshelf_thin,27,0.048,4432,true,0.000205897,0.000123101,2,5
mvtable_simd,panda,bookshelf_thin,27,0.048,4432,true,0.000033463,0.000090079,2,5
mvtable_mutable_simd,panda,bookshelf_thin,27,0.048,4432,true,0.000028153,0.000115177,2,5
mvt_cpp_simd,panda,bookshelf_thin,27,0.048,4432,true,0.000031128,0.000043001,2,5
capt_simd,panda,bookshelf_thin,27,0.048,4432,true,0.000051357,0.004006989,2,5
primitive,panda,bookshelf_thin,28,0.048,4344,true,0.000353625,0.000000261,1239,6
mvtable,panda,bookshelf_thin,28,0.048,4344,true,0.000040527,0.000081183,9,6
mvtable_mutable,panda,bookshelf_thin,28,0.048,4344,true,0.000037781,0.000101651,9,6
mvtable_cpp,panda,bookshelf_thin,28,0.048,4344,true,0.000040667,0.000046728,9,6
capt,panda,bookshelf_thin,28,0.048,4344,true,0.000075122,0.003525775,9,6
kiddo,panda,bookshelf_thin,28,0.048,4344,true,0.000312447,0.000118983,9,6
mvtable_simd,panda,bookshelf_thin,28,0.048,4344,true,0.000033583,0.000087264,9,6
mvtable_mutable_simd,panda,bookshelf_thin,28,0.048,4344,true,0.000032921,0.000101972,9,6
mvt_cpp_simd,panda,bookshelf_thin,28,0.048,4344,true,0.000034124,0.000052518,9,6
capt_simd,panda,bookshelf_thin,28,0.048,4344,true,0.000066395,0.004137414,9,6
primitive,panda,bookshelf_thin,29,0.048,4456,true,0.000059481,0.000000812,50,6
mvtable,panda,bookshelf_thin,29,0.048,4456,true,0.000103364,0.000089839,50,6
mvtable_mutable,panda,bookshelf_thin,29,0.048,4456,true,0.000102843,0.000114716,50,6
mvtable_cpp,panda,bookshelf_thin,29,0.048,4456,true,0.000140595,0.000056807,50,6
capt,panda,bookshelf_thin,29,0.048,4456,true,0.000165391,0.003550692,50,6
kiddo,panda,bookshelf_thin,29,0.048,4456,true,0.000303791,0.000141416,50,6
mvtable_simd,panda,bookshelf_thin,29,0.048,4456,true,0.000098856,0.000089959,50,6
mvtable_mutable_simd,panda,bookshelf_thin,29,0.048,4456,true,0.000094948,0.000114866,50,6
mvt_cpp_simd,panda,bookshelf_thin,29,0.048,4456,true,0.000103745,0.000053441,50,6
capt_simd,panda,bookshelf_thin,29,0.048,4456,true,0.000107141,0.004103791,50,6
primitive,panda,bookshelf_thin,30,0.048,4581,true,0.000058079,0.000000572,7,5
mvtable,panda,bookshelf_thin,30,0.048,4581,true,0.000065162,0.000090971,7,6
mvtable_mutable,panda,bookshelf_thin,30,0.048,4581,true,0.000064431,0.000114796,7,6
mvtable_cpp,panda,bookshelf_thin,30,0.048,4581,true,0.000076554,0.000055243,7,6
capt,panda,bookshelf_thin,30,0.048,4581,true,0.000099177,0.0035125,7,6
kiddo,panda,bookshelf_thin,30,0.048,4581,true,0.000283473,0.000130175,7,6
mvtable_simd,panda,bookshelf_thin,30,0.048,4581,true,0.000056727,0.000091913,7,6
mvtable_mutable_simd,panda,bookshelf_thin,30,0.048,4581,true,0.000056726,0.000125456,7,6
mvt_cpp_simd,panda,bookshelf_thin,30,0.048,4581,true,0.000061977,0.00005823,7,6
capt_simd,panda,bookshelf_thin,30,0.048,4581,true,0.000071514,0.004088342,7,6
primitive,panda,bookshelf_thin,31,0.048,4305,true,0.000039484,0.00000047,14,5
mvtable,panda,bookshelf_thin,31,0.048,4305,true,0.000039575,0.000086633,14,5
mvtable_mutable,panda,bookshelf_thin,31,0.048,4305,true,0.000038813,0.000108213,14,5
mvtable_cpp,panda,bookshelf_thin,31,0.048,4305,true,0.000052208,0.000048872,14,5
capt,panda,bookshelf_thin,31,0.048,4305,true,0.000091272,0.003376936,14,5
kiddo,panda,bookshelf_thin,31,0.048,4305,true,0.000257784,0.000119314,14,5
mvtable_simd,panda,bookshelf_thin,31,0.048,4305,true,0.000035357,0.000086943,14,5
mvtable_mutable_simd,panda,bookshelf_thin,31,0.048,4305,true,0.000035266,0.000109997,14,5
mvt_cpp_simd,panda,bookshelf_thin,31,0.048,4305,true,0.000038602,0.000048531,14,5
capt_simd,panda,bookshelf_thin,31,0.048,4305,true,0.000057338,0.003905949,14,5
primitive,panda,bookshelf_thin,32,0.048,4513,true,0.000029846,0.000000301,7,4
mvtable,panda,bookshelf_thin,32,0.048,4513,true,0.000044453,0.000092313,7,4
mvtable_mutable,panda,bookshelf_thin,32,0.048,4513,true,0.000055064,0.000115327,7,4
mvtable_cpp,panda,bookshelf_thin,32,0.048,4513,true,0.000060584,0.00006352,7,4
capt,panda,bookshelf_thin,32,0.048,4513,true,0.000066014,0.003466403,7,4
kiddo,panda,bookshelf_thin,32,0.048,4513,true,0.000180018,0.000124824,7,4
mvtable_simd,panda,bookshelf_thin,32,0.048,4513,true,0.000045596,0.000091261,7,4
mvtable_mutable_simd,panda,bookshelf_thin,32,0.048,4513,true,0.000043531,0.000115838,7,4
mvt_cpp_simd,panda,bookshelf_thin,32,0.048,4513,true,0.000046438,0.000067657,7,4
capt_simd,panda,bookshelf_thin,32,0.048,4513,true,0.000046888,0.004022759,7,4
primitive,panda,bookshelf_thin,33,0.048,4229,true,0.000029175,0.00000026,2,4
mvtable,panda,bookshelf_thin,33,0.048,4229,true,0.00003163,0.000085621,1,5
mvtable_mutable,panda,bookshelf_thin,33,0.048,4229,true,0.000031229,0.00010649,1,5
mvtable_cpp,panda,bookshelf_thin,33,0.048,4229,true,0.000040867,0.000038122,1,5
capt,panda,bookshelf_thin,33,0.048,4229,true,0.000062628,0.003389108,1,5
kiddo,panda,bookshelf_thin,33,0.048,4229,true,0.000207851,0.000123241,1,5
mvtable_simd,panda,bookshelf_thin,33,0.048,4229,true,0.0000268,0.000086804,1,5
mvtable_mutable_simd,panda,bookshelf_thin,33,0.048,4229,true,0.000026741,0.000109206,1,5
mvt_cpp_simd,panda,bookshelf_thin,33,0.048,4229,true,0.000027392,0.000038211,1,5
capt_simd,panda,bookshelf_thin,33,0.048,4229,true,0.000045746,0.003952587,1,5
primitive,panda,bookshelf_thin,34,0.048,4469,true,0.000089578,0.000000391,149,7
mvtable,panda,bookshelf_thin,34,0.048,4469,true,0.000156223,0.000091352,147,7
mvtable_mutable,panda,bookshelf_thin,34,0.048,4469,true,0.000141647,0.000114766,147,7
mvtable_cpp,panda,bookshelf_thin,34,0.048,4469,true,0.000192321,0.000043531,147,7
capt,panda,bookshelf_thin,34,0.048,4469,true,0.00024462,0.00350708,147,7
kiddo,panda,bookshelf_thin,34,0.048,4469,true,0.000488077,0.000124705,147,7
mvtable_simd,panda,bookshelf_thin,34,0.048,4469,true,0.000136937,0.00009028,147,7
mvtable_mutable_simd,panda,bookshelf_thin,34,0.048,4469,true,0.000133712,0.000118813,147,7
mvt_cpp_simd,panda,bookshelf_thin,34,0.048,4469,true,0.000140554,0.000045636,147,7
capt_simd,panda,bookshelf_thin,34,0.048,4469,true,0.000182903,0.00400761,147,7
primitive,panda,bookshelf_thin,35,0.048,4488,true,0.000033573,0.00000029,1,5
mvtable,panda,bookshelf_thin,35,0.048,4488,true,0.000039855,0.000091532,1,5
mvtable_mutable,panda,bookshelf_thin,35,0.048,4488,true,0.000039764,0.000119133,1,5
mvtable_cpp,panda,bookshelf_thin,35,0.048,4488,true,0.000046006,0.000041858,1,5
capt,panda,bookshelf_thin,35,0.048,4488,true,0.000065763,0.003440114,1,5
kiddo,panda,bookshelf_thin,35,0.048,4488,true,0.000166163,0.000139141,1,5
mvtable_simd,panda,bookshelf_thin,35,0.048,4488,true,0.000038051,0.000092343,1,5
mvtable_mutable_simd,panda,bookshelf_thin,35,0.048,4488,true,0.000036679,0.000115908,1,5
mvt_cpp_simd,panda,bookshelf_thin,35,0.048,4488,true,0.00003712,0.00004269,1,5
capt_simd,panda,bookshelf_thin,35,0.048,4488,true,0.000048601,0.003980769,1,5
primitive,panda,bookshelf_thin,36,0.048,4474,true,0.000043451,0.00000028,8,5
mvtable,panda,bookshelf_thin,36,0.048,4474,true,0.000072606,0.000092685,5,5
mvtable_mutable,panda,bookshelf_thin,36,0.048,4474,true,0.000072536,0.000113253,5,5
mvtable_cpp,panda,bookshelf_thin,36,0.048,4474,true,0.000091422,0.000045415,5,5
capt,panda,bookshelf_thin,36,0.048,4474,true,0.00010161,0.003385261,5,5
kiddo,panda,bookshelf_thin,36,0.048,4474,true,0.000290496,0.000126197,5,5
mvtable_simd,panda,bookshelf_thin,36,0.048,4474,true,0.000068539,0.00009074,5,5
mvtable_mutable_simd,panda,bookshelf_thin,36,0.048,4474,true,0.000067156,0.000115217,5,5
mvt_cpp_simd,panda,bookshelf_thin,36,0.048,4474,true,0.000065092,0.000049353,5,5
capt_simd,panda,bookshelf_thin,36,0.048,4474,true,0.000069741,0.003972705,5,5
primitive,panda,bookshelf_thin,37,0.048,4497,true,0.000044925,0.000000321,15,6
mvtable,panda,bookshelf_thin,37,0.048,4497,true,0.000055054,0.000088867,15,6
mvtable_mutable,panda,bookshelf_thin,37,0.048,4497,true,0.000054042,0.000116018,15,6
mvtable_cpp,panda,bookshelf_thin,37,0.048,4497,true,0.000063419,0.00004276,15,6
capt,panda,bookshelf_thin,37,0.048,4497,true,0.000104125,0.003470872,15,6
kiddo,panda,bookshelf_thin,37,0.048,4497,true,0.000263565,0.000127459,15,6
mvtable_simd,panda,bookshelf_thin,37,0.048,4497,true,0.000059772,0.000090951,15,6
mvtable_mutable_simd,panda,bookshelf_thin,37,0.048,4497,true,0.000049744,0.000112812,15,6
mvt_cpp_simd,panda,bookshelf_thin,37,0.048,4497,true,0.000050085,0.000045235,15,6
capt_simd,panda,bookshelf_thin,37,0.048,4497,true,0.000066185,0.004087771,15,6
primitive,panda,bookshelf_thin,38,0.048,4485,true,0.000092975,0.000000451,154,6
mvtable,panda,bookshelf_thin,38,0.048,4485,true,0.00005853,0.000088887,49,5
mvtable_mutable,panda,bookshelf_thin,38,0.048,4485,true,0.00005851,0.000112912,49,5
mvtable_cpp,panda,bookshelf_thin,38,0.048,4485,true,0.000070202,0.000047579,49,5
capt,panda,bookshelf_thin,38,0.048,4485,true,0.000113794,0.003606036,49,5
kiddo,panda,bookshelf_thin,38,0.048,4485,true,0.000337815,0.000130054,49,5
mvtable_simd,panda,bookshelf_thin,38,0.048,4485,true,0.000058079,0.000090941,49,5
mvtable_mutable_simd,panda,bookshelf_thin,38,0.048,4485,true,0.000057177,0.000119324,49,5
mvt_cpp_simd,panda,bookshelf_thin,38,0.048,4485,true,0.000059222,0.00005345,49,5
capt_simd,panda,bookshelf_thin,38,0.048,4485,true,0.000089247,0.00424711,49,5
primitive,panda,bookshelf_thin,39,0.048,4478,true,0.000208151,0.000000441,456,5
mvtable,panda,bookshelf_thin,39,0.048,4478,true,0.000280127,0.000091272,392,6
mvtable_mutable,panda,bookshelf_thin,39,0.048,4478,true,0.000280817,0.000115638,392,6
mvtable_cpp,panda,bookshelf_thin,39,0.048,4478,true,0.0003617,0.000057377,392,6
capt,panda,bookshelf_thin,39,0.048,4478,true,0.000605978,0.003474969,392,6
kiddo,panda,bookshelf_thin,39,0.048,4478,true,0.000919056,0.000128171,392,6
mvtable_simd,panda,bookshelf_thin,39,0.048,4478,true,0.000259387,0.000092154,392,6
mvtable_mutable_simd,panda,bookshelf_thin,39,0.048,4478,true,0.000257394,0.000120506,392,6
mvt_cpp_simd,panda,bookshelf_thin,39,0.048,4478,true,0.000273433,0.000043883,392,6
capt_simd,panda,bookshelf_thin,39,0.048,4478,true,0.000380835,0.004137855,392,6
primitive,panda,bookshelf_thin,40,0.048,4416,true,0.000251843,0.00000032,378,11
mvtable,panda,bookshelf_thin,40,0.048,4416,true,0.000283623,0.000086863,280,7
mvtable_mutable,panda,bookshelf_thin,40,0.048,4416,true,0.000286208,0.000109666,280,7
mvtable_cpp,panda,bookshelf_thin,40,0.048,4416,true,0.000356811,0.000073929,280,7
capt,panda,bookshelf_thin,40,0.048,4416,true,0.000509267,0.003314347,280,7
kiddo,panda,bookshelf_thin,40,0.048,4416,true,0.000715655,0.000121088,280,7
mvtable_simd,panda,bookshelf_thin,40,0.048,4416,true,0.000277441,0.000087644,280,7
mvtable_mutable_simd,panda,bookshelf_thin,40,0.048,4416,true,0.000278934,0.000113624,280,7
mvt_cpp_simd,panda,bookshelf_thin,40,0.048,4416,true,0.000272272,0.000067547,280,7
capt_simd,panda,bookshelf_thin,40,0.048,4416,true,0.000347714,0.004004535,280,7
primitive,panda,bookshelf_thin,41,0.048,4400,true,0.000044383,0.000000421,8,6
mvtable,panda,bookshelf_thin,41,0.048,4400,true,0.000057559,0.000088246,8,6
mvtable_mutable,panda,bookshelf_thin,41,0.048,4400,true,0.000052599,0.000111339,8,6
mvtable_cpp,panda,bookshelf_thin,41,0.048,4400,true,0.000066535,0.000065152,8,6
capt,panda,bookshelf_thin,41,0.048,4400,true,0.000098145,0.003318154,8,6
kiddo,panda,bookshelf_thin,41,0.048,4400,true,0.000263305,0.000124765,8,6
mvtable_simd,panda,bookshelf_thin,41,0.048,4400,true,0.000052459,0.000098304,8,6
mvtable_mutable_simd,panda,bookshelf_thin,41,0.048,4400,true,0.000048871,0.00011186,8,6
mvt_cpp_simd,panda,bookshelf_thin,41,0.048,4400,true,0.000054522,0.000064701,8,6
capt_simd,panda,bookshelf_thin,41,0.048,4400,true,0.000065693,0.003885812,8,6
primitive,panda,bookshelf_thin,42,0.048,4395,true,0.00003765,0.00000027,8,5
mvtable,panda,bookshelf_thin,42,0.048,4395,true,0.000055044,0.000096892,7,4
mvtable_mutable,panda,bookshelf_thin,42,0.048,4395,true,0.000051918,0.000124244,7,4
mvtable_cpp,panda,bookshelf_thin,42,0.048,4395,true,0.000077104,0.000064401,7,4
capt,panda,bookshelf_thin,42,0.048,4395,true,0.000074059,0.003330047,7,4
kiddo,panda,bookshelf_thin,42,0.048,4395,true,0.000219222,0.000124804,7,4
mvtable_simd,panda,bookshelf_thin,42,0.048,4395,true,0.000043402,0.000089839,7,4
mvtable_mutable_simd,panda,bookshelf_thin,42,0.048,4395,true,0.000041238,0.000113904,7,4
mvt_cpp_simd,panda,bookshelf_thin,42,0.048,4395,true,0.000055424,0.000055665,7,4
capt_simd,panda,bookshelf_thin,42,0.048,4395,true,0.000055785,0.003909405,7,4
primitive,panda,bookshelf_thin,43,0.048,4544,true,0.000201328,0.000000531,519,7
mvtable,panda,bookshelf_thin,43,0.048,4544,true,0.000064251,0.000097834,14,5
mvtable_mutable,panda,bookshelf_thin,43,0.048,4544,true,0.00006358,0.000113934,14,5
mvtable_cpp,panda,bookshelf_thin,43,0.048,4544,true,0.000084989,0.000055414,14,5
capt,panda,bookshelf_thin,43,0.048,4544,true,0.000093135,0.003419005,14,5
kiddo,panda,bookshelf_thin,43,0.048,4544,true,0.000200988,0.000125406,14,5
mvtable_simd,panda,bookshelf_thin,43,0.048,4544,true,0.0000584,0.000091122,14,5
mvtable_mutable_simd,panda,bookshelf_thin,43,0.048,4544,true,0.000057448,0.000118091,14,5
mvt_cpp_simd,panda,bookshelf_thin,43,0.048,4544,true,0.000064121,0.000059201,14,5
capt_simd,panda,bookshelf_thin,43,0.048,4544,true,0.000070182,0.00401851,14,5
primitive,panda,bookshelf_thin,44,0.048,4472,true,0.000142067,0.00000027,414,5
mvtable,panda,bookshelf_thin,44,0.048,4472,true,0.000081223,0.000096872,99,6
mvtable_mutable,panda,bookshelf_thin,44,0.048,4472,true,0.000080321,0.000114655,99,6
mvtable_cpp,panda,bookshelf_thin,44,0.048,4472,true,0.000090981,0.000056195,99,6
capt,panda,bookshelf_thin,44,0.048,4472,true,0.000130465,0.003403014,99,6
kiddo,panda,bookshelf_thin,44,0.048,4472,true,0.000273514,0.000124053,99,6
mvtable_simd,panda,bookshelf_thin,44,0.048,4472,true,0.000080291,0.000091923,99,6
mvtable_mutable_simd,panda,bookshelf_thin,44,0.048,4472,true,0.000073758,0.000114385,99,6
mvt_cpp_simd,panda,bookshelf_thin,44,0.048,4472,true,0.000078718,0.000059492,99,6
capt_simd,panda,bookshelf_thin,44,0.048,4472,true,0.000100118,0.003934693,99,6
primitive,panda,bookshelf_thin,45,0.048,4353,true,0.000052108,0.000000271,51,5
mvtable,panda,bookshelf_thin,45,0.048,4353,true,0.000039013,0.000087845,2,5
mvtable_mutable,panda,bookshelf_thin,45,0.048,4353,true,0.000030517,0.000110858,2,5
mvtable_cpp,panda,bookshelf_thin,45,0.048,4353,true,0.000039254,0.000041217,2,5
capt,panda,bookshelf_thin,45,0.048,4353,true,0.000070853,0.003369511,2,5
kiddo,panda,bookshelf_thin,45,0.048,4353,true,0.000274867,0.000119415,2,5
mvtable_simd,panda,bookshelf_thin,45,0.048,4353,true,0.000029545,0.000088205,2,5
mvtable_mutable_simd,panda,bookshelf_thin,45,0.048,4353,true,0.000028885,0.000112611,2,5
mvt_cpp_simd,panda,bookshelf_thin,45,0.048,4353,true,0.000031659,0.00004264,2,5
capt_simd,panda,bookshelf_thin,45,0.048,4353,true,0.000051787,0.003948579,2,5
primitive,panda,bookshelf_thin,46,0.048,4528,true,0.000093806,0.00000028,121,9
mvtable,panda,bookshelf_thin,46,0.048,4528,true,0.000138791,0.000091442,121,9
mvtable_mutable,panda,bookshelf_thin,46,0.048,4528,true,0.000141886,0.000119435,121,9
mvtable_cpp,panda,bookshelf_thin,46,0.048,4528,true,0.000170921,0.000053511,121,9
capt,panda,bookshelf_thin,46,0.048,4528,true,0.00020776,0.003398325,121,9
kiddo,panda,bookshelf_thin,46,0.048,4528,true,0.000419398,0.00013828,121,9
mvtable_simd,panda,bookshelf_thin,46,0.048,4528,true,0.000139272,0.000091912,121,9
mvtable_mutable_simd,panda,bookshelf_thin,46,0.048,4528,true,0.00014903,0.000115697,121,9
mvt_cpp_simd,panda,bookshelf_thin,46,0.048,4528,true,0.000135245,0.000054983,121,9
capt_simd,panda,bookshelf_thin,46,0.048,4528,true,0.000155722,0.004098932,121,9
primitive,panda,bookshelf_thin,47,0.048,4480,true,0.000060694,0.000000651,49,5
mvtable,panda,bookshelf_thin,47,0.048,4480,true,0.00009019,0.000092463,49,5
mvtable_mutable,panda,bookshelf_thin,47,0.048,4480,true,0.000092884,0.000116409,49,5
mvtable_cpp,panda,bookshelf_thin,47,0.048,4480,true,0.000110167,0.000050475,49,5
capt,panda,bookshelf_thin,47,0.048,4480,true,0.000149851,0.00341681,49,5
kiddo,panda,bookshelf_thin,47,0.048,4480,true,0.000293382,0.000128692,49,5
mvtable_simd,panda,bookshelf_thin,47,0.048,4480,true,0.000086883,0.000091372,49,5
mvtable_mutable_simd,panda,bookshelf_thin,47,0.048,4480,true,0.000085371,0.000115137,49,5
mvt_cpp_simd,panda,bookshelf_thin,47,0.048,4480,true,0.000087294,0.000047038,49,5
capt_simd,panda,bookshelf_thin,47,0.048,4480,true,0.000102242,0.003948398,49,5
primitive,panda,bookshelf_thin,48,0.048,4196,true,0.000124113,0.000000391,27,20
mvtable,panda,bookshelf_thin,48,0.048,4196,true,0.000111449,0.000078928,27,19
mvtable_mutable,panda,bookshelf_thin,48,0.048,4196,true,0.000109786,0.000102803,27,19
mvtable_cpp,panda,bookshelf_thin,48,0.048,4196,true,0.00012729,0.000054573,27,19
capt,panda,bookshelf_thin,48,0.048,4196,true,0.000211818,0.003242854,27,19
kiddo,panda,bookshelf_thin,48,0.048,4196,true,0.000815542,0.000120536,27,19
mvtable_simd,panda,bookshelf_thin,48,0.048,4196,true,0.000098735,0.000083286,27,19
mvtable_mutable_simd,panda,bookshelf_thin,48,0.048,4196,true,0.000098546,0.000107732,27,19
mvt_cpp_simd,panda,bookshelf_thin,48,0.048,4196,true,0.000104837,0.000046227,27,19
capt_simd,panda,bookshelf_thin,48,0.048,4196,true,0.000176221,0.003747261,27,19
primitive,panda,bookshelf_thin,49,0.048,4510,true,0.000068599,0.000000361,15,8
mvtable,panda,bookshelf_thin,49,0.048,4510,true,0.000161564,0.000094457,28,15
mvtable_mutable,panda,bookshelf_thin,49,0.048,4510,true,0.000164379,0.00011689,28,15
mvtable_cpp,panda,bookshelf_thin,49,0.048,4510,true,0.000182112,0.000056226,28,15
capt,panda,bookshelf_thin,49,0.048,4510,true,0.00022352,0.00343812,28,15
kiddo,panda,bookshelf_thin,49,0.048,4510,true,0.000572195,0.000123602,28,15
mvtable_simd,panda,bookshelf_thin,49,0.048,4510,true,0.000152156,0.000091412,28,15
mvtable_mutable_simd,panda,bookshelf_thin,49,0.048,4510,true,0.000155142,0.000116409,28,15
mvt_cpp_simd,panda,bookshelf_thin,49,0.048,4510,true,0.000158277,0.000062717,28,15
capt_simd,panda,bookshelf_thin,49,0.048,4510,true,0.000166032,0.00396484,28,15
primitive,panda,bookshelf_thin,50,0.048,4342,true,0.000109275,0.000000291,43,14
mvtable,panda,bookshelf_thin,50,0.048,4342,true,0.000157977,0.000090179,54,22
mvtable_mutable,panda,bookshelf_thin,50,0.048,4342,true,0.000158618,0.000112611,54,22
mvtable_cpp,panda,bookshelf_thin,50,0.048,4342,true,0.000189837,0.000040586,54,22
capt,panda,bookshelf_thin,50,0.048,4342,true,0.000261732,0.003372767,54,22
kiddo,panda,bookshelf_thin,50,0.048,4342,true,0.000900442,0.000114676,54,22
mvtable_simd,panda,bookshelf_thin,50,0.048,4342,true,0.000148799,0.000089639,54,22
mvtable_mutable_simd,panda,bookshelf_thin,50,0.048,4342,true,0.00014362,0.000119284,54,22
mvt_cpp_simd,panda,bookshelf_thin,50,0.048,4342,true,0.000155392,0.000040597,54,22
capt_simd,panda,bookshelf_thin,50,0.048,4342,true,0.000220764,0.003914475,54,22
primitive,panda,box,1,0.048,2483,true,0.000081142,0.000000331,22,15
mvtable,panda,box,1,0.048,2483,true,0.000179607,0.00004791,22,15
mvtable_mutable,panda,box,1,0.048,2483,true,0.000179447,0.000061957,22,15
mvtable_cpp,panda,box,1,0.048,2483,true,0.000232186,0.000032721,22,15
capt,panda,box,1,0.048,2483,true,0.000283212,0.001750139,22,15
kiddo,panda,box,1,0.048,2483,true,0.000662806,0.000071304,22,15
mvtable_simd,panda,box,1,0.048,2483,true,0.000178525,0.00004785,22,15
mvtable_mutable_simd,panda,box,1,0.048,2483,true,0.000167525,0.000059822,22,15
mvt_cpp_simd,panda,box,1,0.048,2483,true,0.000183816,0.000031529,22,15
capt_simd,panda,box,1,0.048,2483,true,0.000182553,0.001743676,22,15
primitive,panda,box,2,0.048,2624,true,0.000035917,0.00000019,8,7
mvtable,panda,box,2,0.048,2624,true,0.000094027,0.000052679,8,7
mvtable_mutable,panda,box,2,0.048,2624,true,0.000095108,0.000064281,8,7
mvtable_cpp,panda,box,2,0.048,2624,true,0.000113353,0.000030948,8,7
capt,panda,box,2,0.048,2624,true,0.000102332,0.00162824,8,7
kiddo,panda,box,2,0.048,2624,true,0.000366598,0.000063229,8,7
mvtable_simd,panda,box,2,0.048,2624,true,0.000088787,0.000052329,8,7
mvtable_mutable_simd,panda,box,2,0.048,2624,true,0.000087926,0.00006416,8,7
mvt_cpp_simd,panda,box,2,0.048,2624,true,0.000095119,0.000030057,8,7
capt_simd,panda,box,2,0.048,2624,true,0.000076183,0.001696648,8,7
mvtable,panda,box,3,0.048,2530,true,0.000070683,0.000052358,2,5
mvtable_mutable,panda,box,3,0.048,2530,true,0.000070743,0.0000639,2,5
mvtable_cpp,panda,box,3,0.048,2530,true,0.000094127,0.000029716,2,5
capt,panda,box,3,0.048,2530,true,0.000090299,0.001626496,2,5
kiddo,panda,box,3,0.048,2530,true,0.000279205,0.000062137,2,5
mvtable_simd,panda,box,3,0.048,2530,true,0.000066736,0.000052148,2,5
mvtable_mutable_simd,panda,box,3,0.048,2530,true,0.000068598,0.00006396,2,5
mvt_cpp_simd,panda,box,3,0.048,2530,true,0.000079008,0.000030317,2,5
capt_simd,panda,box,3,0.048,2530,true,0.000056506,0.001632748,2,5
mvtable,panda,box,4,0.048,2632,true,0.000075532,0.000051476,2,5
mvtable_mutable,panda,box,4,0.048,2632,true,0.000074971,0.000063289,2,5
mvtable_cpp,panda,box,4,0.048,2632,true,0.000104135,0.000027792,2,5
capt,panda,box,4,0.048,2632,true,0.000087705,0.001616718,2,5
kiddo,panda,box,4,0.048,2632,true,0.000279486,0.000065863,2,5
mvtable_simd,panda,box,4,0.048,2632,true,0.000071855,0.000051637,2,5
mvtable_mutable_simd,panda,box,4,0.048,2632,true,0.00006935,0.00006369,2,5
mvt_cpp_simd,panda,box,4,0.048,2632,true,0.000071334,0.000030918,2,5
capt_simd,panda,box,4,0.048,2632,true,0.000060633,0.00169212,2,5
primitive,panda,box,5,0.048,2560,true,0.000131968,0.00000022,91,19
mvtable,panda,box,5,0.048,2560,true,0.000171202,0.000052799,29,13
mvtable_mutable,panda,box,5,0.048,2560,true,0.000171492,0.000064561,29,13
mvtable_cpp,panda,box,5,0.048,2560,true,0.000224782,0.000025709,29,13
capt,panda,box,5,0.048,2560,true,0.000309331,0.001590248,29,13
kiddo,panda,box,5,0.048,2560,true,0.000657135,0.000062398,29,13
mvtable_simd,panda,box,5,0.048,2560,true,0.000166172,0.000052359,29,13
mvtable_mutable_simd,panda,box,5,0.048,2560,true,0.000160802,0.000076523,29,13
mvt_cpp_simd,panda,box,5,0.048,2560,true,0.000175139,0.000026299,29,13
capt_simd,panda,box,5,0.048,2560,true,0.000176953,0.001647776,29,13
mvtable,panda,box,6,0.048,2251,true,0.000190418,0.000045014,99,14
mvtable_mutable,panda,box,6,0.048,2251,true,0.00019163,0.000054022,99,14
mvtable_cpp,panda,box,6,0.048,2251,true,0.00026106,0.000028203,99,14
capt,panda,box,6,0.048,2251,true,0.000421512,0.001427462,99,14
kiddo,panda,box,6,0.048,2251,true,0.000724762,0.000056877,99,14
mvtable_simd,panda,box,6,0.048,2251,true,0.000177614,0.000045575,99,14
mvtable_mutable_simd,panda,box,6,0.048,2251,true,0.000193153,0.000056977,99,14
mvt_cpp_simd,panda,box,6,0.048,2251,true,0.000206318,0.000028884,99,14
capt_simd,panda,box,6,0.048,2251,true,0.00024499,0.001475783,99,14
primitive,panda,box,7,0.048,2565,true,0.000051266,0.00000019,14,7
mvtable,panda,box,7,0.048,2565,true,0.000126948,0.000052569,14,7
mvtable_mutable,panda,box,7,0.048,2565,true,0.000128872,0.00006386,14,7
mvtable_cpp,panda,box,7,0.048,2565,true,0.000151605,0.000033924,14,7
capt,panda,box,7,0.048,2565,true,0.000158468,0.001622178,14,7
kiddo,panda,box,7,0.048,2565,true,0.000460024,0.000064591,14,7
mvtable_simd,panda,box,7,0.048,2565,true,0.000126327,0.000060053,14,7
mvtable_mutable_simd,panda,box,7,0.048,2565,true,0.000120225,0.00006391,14,7
mvt_cpp_simd,panda,box,7,0.048,2565,true,0.000128181,0.000030317,14,7
capt_simd,panda,box,7,0.048,2565,true,0.000113212,0.001667172,14,7
mvtable,panda,box,8,0.048,2633,true,0.000093316,0.000053781,8,6
mvtable_mutable,panda,box,8,0.048,2633,true,0.000093946,0.000066104,8,6
mvtable_cpp,panda,box,8,0.048,2633,true,0.000107482,0.000034234,8,6
capt,panda,box,8,0.048,2633,true,0.000130445,0.001589105,8,6
kiddo,panda,box,8,0.048,2633,true,0.000330842,0.000065693,8,6
mvtable_simd,panda,box,8,0.048,2633,true,0.000101601,0.000054772,8,6
mvtable_mutable_simd,panda,box,8,0.048,2633,true,0.00008506,0.000068309,8,6
mvt_cpp_simd,panda,box,8,0.048,2633,true,0.00008518,0.000029836,8,6
capt_simd,panda,box,8,0.048,2633,true,0.000086813,0.001625384,8,6
primitive,panda,box,9,0.048,2674,true,0.000078547,0.000000181,23,12
mvtable,panda,box,9,0.048,2674,true,0.000172695,0.000057388,14,13
mvtable_mutable,panda,box,9,0.048,2674,true,0.00017533,0.00006898,14,13
mvtable_cpp,panda,box,9,0.048,2674,true,0.000222548,0.000034185,14,13
capt,panda,box,9,0.048,2674,true,0.000289914,0.001640191,14,13
kiddo,panda,box,9,0.048,2674,true,0.000673926,0.000067777,14,13
mvtable_simd,panda,box,9,0.048,2674,true,0.000164539,0.000057097,14,13
mvtable_mutable_simd,panda,box,9,0.048,2674,true,0.000162255,0.000067487,14,13
mvt_cpp_simd,panda,box,9,0.048,2674,true,0.000173616,0.000038452,14,13
capt_simd,panda,box,9,0.048,2674,true,0.000173256,0.001678483,14,13
mvtable,panda,box,10,0.048,2656,true,0.000092994,0.000067967,8,6
mvtable_mutable,panda,box,10,0.048,2656,true,0.000093807,0.000067768,8,6
mvtable_cpp,panda,box,10,0.048,2656,true,0.000115598,0.000033172,8,6
capt,panda,box,10,0.048,2656,true,0.000141096,0.001628049,8,6
kiddo,panda,box,10,0.048,2656,true,0.000336042,0.00006916,8,6
mvtable_simd,panda,box,10,0.048,2656,true,0.00009065,0.000055454,8,6
mvtable_mutable_simd,panda,box,10,0.048,2656,true,0.000089718,0.000066755,8,6
mvt_cpp_simd,panda,box,10,0.048,2656,true,0.000091662,0.000047088,8,6
capt_simd,panda,box,10,0.048,2656,true,0.000078668,0.001670549,8,6
mvtable,panda,box,11,0.048,2585,true,0.00028746,0.000051937,115,22
mvtable_mutable,panda,box,11,0.048,2585,true,0.000280206,0.000064311,115,22
mvtable_cpp,panda,box,11,0.048,2585,true,0.000325412,0.00002702,115,22
capt,panda,box,11,0.048,2585,true,0.000371057,0.001647015,115,22
kiddo,panda,box,11,0.048,2585,true,0.001005399,0.00006944,115,22
mvtable_simd,panda,box,11,0.048,2585,true,0.000265017,0.000060503,115,22
mvtable_mutable_simd,panda,box,11,0.048,2585,true,0.000262854,0.000063048,115,22
mvt_cpp_simd,panda,box,11,0.048,2585,true,0.000268955,0.000027702,115,22
capt_simd,panda,box,11,0.048,2585,true,0.000279856,0.001642777,115,22
primitive,panda,box,12,0.048,2407,true,0.000039926,0.00000018,17,6
mvtable,panda,box,12,0.048,2407,true,0.000123913,0.000046197,17,8
mvtable_mutable,panda,box,12,0.048,2407,true,0.000109756,0.00005808,17,8
mvtable_cpp,panda,box,12,0.048,2407,true,0.000157105,0.000031429,17,8
capt,panda,box,12,0.048,2407,true,0.000203292,0.001534183,14,8
kiddo,panda,box,12,0.048,2407,true,0.00043635,0.000063038,17,8
mvtable_simd,panda,box,12,0.048,2407,true,0.000103144,0.000046137,17,8
mvtable_mutable_simd,panda,box,12,0.048,2407,true,0.000099266,0.000056206,17,8
mvt_cpp_simd,panda,box,12,0.048,2407,true,0.000118272,0.000041739,17,8
capt_simd,panda,box,12,0.048,2407,true,0.000108874,0.001571683,14,8
mvtable,panda,box,13,0.048,2547,true,0.000172434,0.000052879,23,10
mvtable_mutable,panda,box,13,0.048,2547,true,0.000173196,0.000072877,23,10
mvtable_cpp,panda,box,13,0.048,2547,true,0.000233759,0.000025258,23,10
capt,panda,box,13,0.048,2547,true,0.000268364,0.00161785,23,10
kiddo,panda,box,13,0.048,2547,true,0.000651104,0.000065112,23,10
mvtable_simd,panda,box,13,0.048,2547,true,0.000160892,0.000052228,23,10
mvtable_mutable_simd,panda,box,13,0.048,2547,true,0.000156154,0.000062908,23,10
mvt_cpp_simd,panda,box,13,0.048,2547,true,0.000179928,0.000025417,23,10
capt_simd,panda,box,13,0.048,2547,true,0.000166553,0.001644199,23,10
mvtable,panda,box,14,0.048,2490,true,0.000121498,0.0000482,16,8
mvtable_mutable,panda,box,14,0.048,2490,true,0.000121909,0.00005847,16,8
mvtable_cpp,panda,box,14,0.048,2490,true,0.000200546,0.000029605,16,8
capt,panda,box,14,0.048,2490,true,0.00021839,0.001594406,16,8
kiddo,panda,box,14,0.048,2490,true,0.000567777,0.000068369,16,8
mvtable_simd,panda,box,14,0.048,2490,true,0.000113704,0.000048201,16,8
mvtable_mutable_simd,panda,box,14,0.048,2490,true,0.000109987,0.00005844,16,8
mvt_cpp_simd,panda,box,14,0.048,2490,true,0.000140594,0.000029205,16,8
capt_simd,panda,box,14,0.048,2490,true,0.000131287,0.001643408,16,8
mvtable,panda,box,15,0.048,2172,true,0.000066866,0.000043602,7,6
mvtable_mutable,panda,box,15,0.048,2172,true,0.000078468,0.000052559,7,6
mvtable_cpp,panda,box,15,0.048,2172,true,0.00009604,0.000029436,7,6
capt,panda,box,15,0.048,2172,true,0.000118193,0.001378109,7,6
kiddo,panda,box,15,0.048,2172,true,0.000246634,0.000056577,7,6
mvtable_simd,panda,box,15,0.048,2172,true,0.000063329,0.000043802,7,6
mvtable_mutable_simd,panda,box,15,0.048,2172,true,0.000062127,0.000052238,7,6
mvt_cpp_simd,panda,box,15,0.048,2172,true,0.000077606,0.000028794,7,6
capt_simd,panda,box,15,0.048,2172,true,0.000072206,0.001404869,7,6
mvtable,panda,box,16,0.048,2618,true,0.000091452,0.000054432,8,6
mvtable_mutable,panda,box,16,0.048,2618,true,0.000109175,0.000066385,8,6
mvtable_cpp,panda,box,16,0.048,2618,true,0.000110397,0.000028223,8,6
capt,panda,box,16,0.048,2618,true,0.000118663,0.001613132,8,6
kiddo,panda,box,16,0.048,2618,true,0.000331824,0.000064581,8,6
mvtable_simd,panda,box,16,0.048,2618,true,0.000089889,0.000054021,8,6
mvtable_mutable_simd,panda,box,16,0.048,2618,true,0.000089488,0.000065113,8,6
mvt_cpp_simd,panda,box,16,0.048,2618,true,0.000089889,0.000028053,8,6
capt_simd,panda,box,16,0.048,2618,true,0.00007413,0.001632517,8,6
mvtable,panda,box,17,0.048,2657,true,0.000080672,0.000054903,7,6
mvtable_mutable,panda,box,17,0.048,2657,true,0.000082586,0.000066946,7,6
mvtable_cpp,panda,box,17,0.048,2657,true,0.000103314,0.000033383,7,6
capt,panda,box,17,0.048,2657,true,0.000120166,0.001611518,7,6
kiddo,panda,box,17,0.048,2657,true,0.000305083,0.000072165,7,6
mvtable_simd,panda,box,17,0.048,2657,true,0.000078869,0.000054813,7,6
mvtable_mutable_simd,panda,box,17,0.048,2657,true,0.000077846,0.000066826,7,6
mvt_cpp_simd,panda,box,17,0.048,2657,true,0.000083407,0.000033483,7,6
capt_simd,panda,box,17,0.048,2657,true,0.000069721,0.001666892,7,6
mvtable,panda,box,18,0.048,2699,true,0.000261582,0.000056606,45,17
mvtable_mutable,panda,box,18,0.048,2699,true,0.000267052,0.000068198,45,17
mvtable_cpp,panda,box,18,0.048,2699,true,0.00035154,0.000035387,45,17
capt,panda,box,18,0.048,2699,true,0.000405943,0.001625404,45,17
kiddo,panda,box,18,0.048,2699,true,0.000939646,0.000066635,45,17
mvtable_simd,panda,box,18,0.048,2699,true,0.00025054,0.000055605,45,17
mvtable_mutable_simd,panda,box,18,0.048,2699,true,0.000248166,0.000067978,45,17
mvt_cpp_simd,panda,box,18,0.048,2699,true,0.000267553,0.000036017,45,17
capt_simd,panda,box,18,0.048,2699,true,0.000274376,0.001693522,45,17
primitive,panda,box,19,0.048,2641,true,0.000068548,0.000000181,29,11
mvtable,panda,box,19,0.048,2641,true,0.000145944,0.000052879,23,8
mvtable_mutable,panda,box,19,0.048,2641,true,0.000147547,0.00006419,23,8
mvtable_cpp,panda,box,19,0.048,2641,true,0.000183495,0.000028213,23,8
capt,panda,box,19,0.048,2641,true,0.000229361,0.001611948,23,8
kiddo,panda,box,19,0.048,2641,true,0.000483569,0.000066264,23,8
mvtable_simd,panda,box,19,0.048,2641,true,0.000142047,0.000052549,23,8
mvtable_mutable_simd,panda,box,19,0.048,2641,true,0.000140574,0.00006377,23,8
mvt_cpp_simd,panda,box,19,0.048,2641,true,0.000147677,0.000028734,23,8
capt_simd,panda,box,19,0.048,2641,true,0.000135064,0.001667834,23,8
mvtable,panda,box,20,0.048,2598,true,0.000086733,0.000052548,2,5
mvtable_mutable,panda,box,20,0.048,2598,true,0.000086533,0.00006395,2,5
mvtable_cpp,panda,box,20,0.048,2598,true,0.000120095,0.000027522,2,5
capt,panda,box,20,0.048,2598,true,0.000117761,0.001597592,2,5
kiddo,panda,box,20,0.048,2598,true,0.000342083,0.000064361,2,5
mvtable_simd,panda,box,20,0.048,2598,true,0.000083788,0.000052067,2,5
mvtable_mutable_simd,panda,box,20,0.048,2598,true,0.000081713,0.000063389,2,5
mvt_cpp_simd,panda,box,20,0.048,2598,true,0.000083196,0.000027191,2,5
capt_simd,panda,box,20,0.048,2598,true,0.000070693,0.001645993,2,5
mvtable,panda,box,21,0.048,2654,true,0.000102723,0.000052438,22,5
mvtable_mutable,panda,box,21,0.048,2654,true,0.000104847,0.000064441,22,5
mvtable_cpp,panda,box,21,0.048,2654,true,0.000128501,0.00003185,22,5
capt,panda,box,21,0.048,2654,true,0.00016493,0.001625515,22,5
kiddo,panda,box,21,0.048,2654,true,0.000365587,0.000072396,22,5
mvtable_simd,panda,box,21,0.048,2654,true,0.000104567,0.000051897,22,5
mvtable_mutable_simd,panda,box,21,0.048,2654,true,0.000098836,0.00006395,22,5
mvt_cpp_simd,panda,box,21,0.048,2654,true,0.000100639,0.000030597,22,5
capt_simd,panda,box,21,0.048,2654,true,0.000093476,0.001662363,22,5
primitive,panda,box,22,0.048,2359,true,0.000079008,0.00000019,29,13
mvtable,panda,box,22,0.048,2359,true,0.000099467,0.000046357,15,9
mvtable_mutable,panda,box,22,0.048,2359,true,0.000099257,0.000055805,15,9
mvtable_cpp,panda,box,22,0.048,2359,true,0.000131236,0.000030798,15,9
capt,panda,box,22,0.048,2359,true,0.000155092,0.001541426,15,9
kiddo,panda,box,22,0.048,2359,true,0.00046349,0.000061866,15,9
mvtable_simd,panda,box,22,0.048,2359,true,0.00010106,0.000047158,15,9
mvtable_mutable_simd,panda,box,22,0.048,2359,true,0.000091001,0.000057238,15,9
mvt_cpp_simd,panda,box,22,0.048,2359,true,0.00010669,0.000031609,15,9
capt_simd,panda,box,22,0.048,2359,true,0.000117601,0.001601509,15,9
primitive,panda,box,23,0.048,2635,true,0.000088457,0.00000034,22,15
mvtable,panda,box,23,0.048,2635,true,0.000146175,0.000051237,16,11
mvtable_mutable,panda,box,23,0.048,2635,true,0.00014874,0.000062247,16,11
mvtable_cpp,panda,box,23,0.048,2635,true,0.000183835,0.0000323,16,11
capt,panda,box,23,0.048,2635,true,0.000187392,0.001655751,16,11
kiddo,panda,box,23,0.048,2635,true,0.000558249,0.000065122,16,11
mvtable_simd,panda,box,23,0.048,2635,true,0.000142488,0.000051226,16,11
mvtable_mutable_simd,panda,box,23,0.048,2635,true,0.000137939,0.000062437,16,11
mvt_cpp_simd,panda,box,23,0.048,2635,true,0.000153549,0.000032891,16,11
capt_simd,panda,box,23,0.048,2635,true,0.00013318,0.001691528,16,11
primitive,panda,box,24,0.048,2622,true,0.000044885,0.000000331,9,7
mvtable,panda,box,24,0.048,2622,true,0.000129453,0.000054101,9,7
mvtable_mutable,panda,box,24,0.048,2622,true,0.000135705,0.000065373,9,7
mvtable_cpp,panda,box,24,0.048,2622,true,0.00015951,0.000030548,9,7
capt,panda,box,24,0.048,2622,true,0.000205677,0.001606208,9,7
kiddo,panda,box,24,0.048,2622,true,0.000461748,0.000067537,9,7
mvtable_simd,panda,box,24,0.048,2622,true,0.000121999,0.000053321,9,7
mvtable_mutable_simd,panda,box,24,0.048,2622,true,0.000124304,0.000076554,9,7
mvt_cpp_simd,panda,box,24,0.048,2622,true,0.000124354,0.000028744,9,7
capt_simd,panda,box,24,0.048,2622,true,0.000118463,0.001634741,9,7
primitive,panda,box,25,0.048,2616,true,0.000046668,0.000000191,8,6
mvtable,panda,box,25,0.048,2616,true,0.00009594,0.000054592,8,6
mvtable_mutable,panda,box,25,0.048,2616,true,0.000098796,0.000065503,8,6
mvtable_cpp,panda,box,25,0.048,2616,true,0.000120406,0.000028383,8,6
capt,panda,box,25,0.048,2616,true,0.000127009,0.001595798,8,6
kiddo,panda,box,25,0.048,2616,true,0.000349837,0.000066846,8,6
mvtable_simd,panda,box,25,0.048,2616,true,0.000093255,0.00005334,8,6
mvtable_mutable_simd,panda,box,25,0.048,2616,true,0.000104376,0.000064462,8,6
mvt_cpp_simd,panda,box,25,0.048,2616,true,0.000101842,0.000028243,8,6
capt_simd,panda,box,25,0.048,2616,true,0.000076644,0.001635303,8,6
mvtable,panda,box,26,0.048,2490,true,0.00006352,0.0000479,2,5
mvtable_mutable,panda,box,26,0.048,2490,true,0.000067166,0.000057759,2,5
mvtable_cpp,panda,box,26,0.048,2490,true,0.000087334,0.000027762,2,5
capt,panda,box,26,0.048,2490,true,0.000080752,0.001612289,2,5
kiddo,panda,box,26,0.048,2490,true,0.000292069,0.000065603,2,5
mvtable_simd,panda,box,26,0.048,2490,true,0.000059492,0.00004771,2,5
mvtable_mutable_simd,panda,box,26,0.048,2490,true,0.000057118,0.000057959,2,5
mvt_cpp_simd,panda,box,26,0.048,2490,true,0.000066575,0.000027672,2,5
capt_simd,panda,box,26,0.048,2490,true,0.000059041,0.001652254,2,5
mvtable,panda,box,27,0.048,2566,true,0.000066104,0.000051978,2,5
mvtable_mutable,panda,box,27,0.048,2566,true,0.000067226,0.000064351,2,5
mvtable_cpp,panda,box,27,0.048,2566,true,0.000081273,0.000031549,2,5
capt,panda,box,27,0.048,2566,true,0.00011688,0.00159629,2,5
kiddo,panda,box,27,0.048,2566,true,0.000265078,0.000063289,2,5
mvtable_simd,panda,box,27,0.048,2566,true,0.000063149,0.000052368,2,5
mvtable_mutable_simd,panda,box,27,0.048,2566,true,0.000061325,0.000064381,2,5
mvt_cpp_simd,panda,box,27,0.048,2566,true,0.000068939,0.000030628,2,5
capt_simd,panda,box,27,0.048,2566,true,0.000058951,0.001634111,2,5
mvtable,panda,box,28,0.048,2425,true,0.000084849,0.00004789,15,7
mvtable_mutable,panda,box,28,0.048,2425,true,0.000084959,0.000057147,15,7
mvtable_cpp,panda,box,28,0.048,2425,true,0.000127399,0.000029315,15,7
capt,panda,box,28,0.048,2425,true,0.000131407,0.001546455,15,7
kiddo,panda,box,28,0.048,2425,true,0.000369865,0.000063449,15,7
mvtable_simd,panda,box,28,0.048,2425,true,0.000079139,0.000047559,15,7
mvtable_mutable_simd,panda,box,28,0.048,2425,true,0.000077145,0.000056867,15,7
mvt_cpp_simd,panda,box,28,0.048,2425,true,0.000092484,0.000029134,15,7
capt_simd,panda,box,28,0.048,2425,true,0.00008536,0.001600617,15,7
mvtable,panda,box,29,0.048,2565,true,0.000192993,0.000052879,30,13
mvtable_mutable,panda,box,29,0.048,2565,true,0.000198403,0.000064542,30,13
mvtable_cpp,panda,box,29,0.048,2565,true,0.000249008,0.000029576,30,13
capt,panda,box,29,0.048,2565,true,0.000267622,0.001611277,30,13
kiddo,panda,box,29,0.048,2565,true,0.000661944,0.000076874,30,13
mvtable_simd,panda,box,29,0.048,2565,true,0.000184416,0.000052869,30,13
mvtable_mutable_simd,panda,box,29,0.048,2565,true,0.000179527,0.000072817,30,13
mvt_cpp_simd,panda,box,29,0.048,2565,true,0.000188895,0.000029926,30,13
capt_simd,panda,box,29,0.048,2565,true,0.000176451,0.001664918,30,13
primitive,panda,box,30,0.048,2692,true,0.000200918,0.00000019,476,9
mvtable,panda,box,30,0.048,2692,true,0.000337394,0.000056716,430,9
mvtable_mutable,panda,box,30,0.048,2692,true,0.000360938,0.000068349,430,9
mvtable_cpp,panda,box,30,0.048,2692,true,0.000407305,0.000035617,430,9
capt,panda,box,30,0.048,2692,true,0.000448482,0.001652926,430,9
kiddo,panda,box,30,0.048,2692,true,0.000892277,0.000069009,430,9
mvtable_simd,panda,box,30,0.048,2692,true,0.00034583,0.000056436,430,9
mvtable_mutable_simd,panda,box,30,0.048,2692,true,0.000328528,0.000068509,430,9
mvt_cpp_simd,panda,box,30,0.048,2692,true,0.000348244,0.000034726,430,9
capt_simd,panda,box,30,0.048,2692,true,0.000366659,0.001694363,430,9
primitive,panda,box,31,0.048,2498,true,0.00003713,0.00000018,2,5
mvtable,panda,box,31,0.048,2498,true,0.000074219,0.000051647,2,5
mvtable_mutable,panda,box,31,0.048,2498,true,0.000078457,0.000061306,2,5
mvtable_cpp,panda,box,31,0.048,2498,true,0.000100669,0.000029725,2,5
capt,panda,box,31,0.048,2498,true,0.000122881,0.001599085,2,5
kiddo,panda,box,31,0.048,2498,true,0.000336232,0.000068919,2,5
mvtable_simd,panda,box,31,0.048,2498,true,0.00006956,0.000049823,2,5
mvtable_mutable_simd,panda,box,31,0.048,2498,true,0.000067106,0.000060824,2,5
mvt_cpp_simd,panda,box,31,0.048,2498,true,0.000089298,0.000029586,2,5
capt_simd,panda,box,31,0.048,2498,true,0.000064761,0.001629472,2,5
mvtable,panda,box,32,0.048,2539,true,0.000078788,0.000053801,7,6
mvtable_mutable,panda,box,32,0.048,2539,true,0.00007981,0.000065383,7,6
mvtable_cpp,panda,box,32,0.048,2539,true,0.000125797,0.000029405,7,6
capt,panda,box,32,0.048,2539,true,0.000093115,0.001605607,7,6
kiddo,panda,box,32,0.048,2539,true,0.000298722,0.000062407,7,6
mvtable_simd,panda,box,32,0.048,2539,true,0.000076063,0.000054081,7,6
mvtable_mutable_simd,panda,box,32,0.048,2539,true,0.000073608,0.000064761,7,6
mvt_cpp_simd,panda,box,32,0.048,2539,true,0.000085671,0.000029665,7,6
capt_simd,panda,box,32,0.048,2539,true,0.000069671,0.001657134,7,6
mvtable,panda,box,33,0.048,2636,true,0.00010108,0.00005333,8,7
mvtable_mutable,panda,box,33,0.048,2636,true,0.000101931,0.00006396,8,7
mvtable_cpp,panda,box,33,0.048,2636,true,0.000138591,0.000030357,8,7
capt,panda,box,33,0.048,2636,true,0.000156223,0.001651804,8,7
kiddo,panda,box,33,0.048,2636,true,0.000405322,0.000079921,8,7
mvtable_simd,panda,box,33,0.048,2636,true,0.000097824,0.000053471,8,7
mvtable_mutable_simd,panda,box,33,0.048,2636,true,0.000094217,0.00006393,8,7
mvt_cpp_simd,panda,box,33,0.048,2636,true,0.000103945,0.000030428,8,7
capt_simd,panda,box,33,0.048,2636,true,0.000083036,0.001677162,8,7
primitive,panda,box,34,0.048,2701,true,0.000055584,0.000000181,28,10
mvtable,panda,box,34,0.048,2701,true,0.000167074,0.000056676,29,11
mvtable_mutable,panda,box,34,0.048,2701,true,0.000169048,0.000068989,29,11
mvtable_cpp,panda,box,34,0.048,2701,true,0.000216727,0.000034545,29,11
capt,panda,box,34,0.048,2701,true,0.000258395,0.001633069,29,11
kiddo,panda,box,34,0.048,2701,true,0.000565753,0.000074911,29,11
mvtable_simd,panda,box,34,0.048,2701,true,0.00015955,0.000057298,29,11
mvtable_mutable_simd,panda,box,34,0.048,2701,true,0.000171362,0.000068559,29,11
mvt_cpp_simd,panda,box,34,0.048,2701,true,0.000162665,0.000035166,29,11
capt_simd,panda,box,34,0.048,2701,true,0.000161613,0.001665309,29,11
mvtable,panda,box,35,0.048,2605,true,0.000092544,0.000052298,8,6
mvtable_mutable,panda,box,35,0.048,2605,true,0.000097613,0.000063289,8,6
mvtable_cpp,panda,box,35,0.048,2605,true,0.000112251,0.000027872,8,6
capt,panda,box,35,0.048,2605,true,0.000131086,0.001613783,8,6
kiddo,panda,box,35,0.048,2605,true,0.000349917,0.000069009,8,6
mvtable_simd,panda,box,35,0.048,2605,true,0.000088577,0.000059201,8,6
mvtable_mutable_simd,panda,box,35,0.048,2605,true,0.000092724,0.000074069,8,6
mvt_cpp_simd,panda,box,35,0.048,2605,true,0.000093757,0.000027281,8,6
capt_simd,panda,box,35,0.048,2605,true,0.000081934,0.001642025,8,6
mvtable,panda,box,36,0.048,2489,true,0.000213121,0.000046618,58,13
mvtable_mutable,panda,box,36,0.048,2489,true,0.000213822,0.000057508,58,13
mvtable_cpp,panda,box,36,0.048,2489,true,0.000263996,0.000028143,58,13
capt,panda,box,36,0.048,2489,true,0.000360878,0.001587162,58,13
kiddo,panda,box,36,0.048,2489,true,0.000833215,0.000064001,58,13
mvtable_simd,panda,box,36,0.048,2489,true,0.000198563,0.000047139,58,13
mvtable_mutable_simd,panda,box,36,0.048,2489,true,0.000203923,0.000057468,58,13
mvt_cpp_simd,panda,box,36,0.048,2489,true,0.000217749,0.000028584,58,13
capt_simd,panda,box,36,0.048,2489,true,0.00023949,0.001627878,58,13
primitive,panda,box,37,0.048,2570,true,0.00005879,0.000000181,29,9
mvtable,panda,box,37,0.048,2570,true,0.000181562,0.000052008,29,11
mvtable_mutable,panda,box,37,0.048,2570,true,0.000180228,0.00006413,29,11
mvtable_cpp,panda,box,37,0.048,2570,true,0.0002235,0.000029966,29,11
capt,panda,box,37,0.048,2570,true,0.000265799,0.00157519,29,11
kiddo,panda,box,37,0.048,2570,true,0.000706398,0.000064291,29,11
mvtable_simd,panda,box,37,0.048,2570,true,0.000167204,0.000052058,29,11
mvtable_mutable_simd,panda,box,37,0.048,2570,true,0.000163637,0.000062968,29,11
mvt_cpp_simd,panda,box,37,0.048,2570,true,0.00018056,0.000030117,29,11
capt_simd,panda,box,37,0.048,2570,true,0.000168587,0.00161789,29,11
primitive,panda,box,38,0.048,2514,true,0.000022262,0.00000017,1,4
mvtable,panda,box,38,0.048,2514,true,0.000060805,0.00005345,1,4
mvtable_mutable,panda,box,38,0.048,2514,true,0.000055795,0.000064802,1,4
mvtable_cpp,panda,box,38,0.048,2514,true,0.000071474,0.000029034,1,4
capt,panda,box,38,0.048,2514,true,0.00008524,0.001600637,1,4
kiddo,panda,box,38,0.048,2514,true,0.000235092,0.000069671,1,4
mvtable_simd,panda,box,38,0.048,2514,true,0.000056175,0.000057258,1,4
mvtable_mutable_simd,panda,box,38,0.048,2514,true,0.000051066,0.00006404,1,4
mvt_cpp_simd,panda,box,38,0.048,2514,true,0.000060122,0.000029075,1,4
capt_simd,panda,box,38,0.048,2514,true,0.000046487,0.001674657,1,4
primitive,panda,box,39,0.048,2551,true,0.000033553,0.000000181,8,6
mvtable,panda,box,39,0.048,2551,true,0.00008514,0.000053821,8,6
mvtable_mutable,panda,box,39,0.048,2551,true,0.000086322,0.000065002,8,6
mvtable_cpp,panda,box,39,0.048,2551,true,0.000108684,0.0000262,8,6
capt,panda,box,39,0.048,2551,true,0.000135545,0.001632547,8,6
kiddo,panda,box,39,0.048,2551,true,0.000285457,0.000064551,8,6
mvtable_simd,panda,box,39,0.048,2551,true,0.000100358,0.000052749,8,6
mvtable_mutable_simd,panda,box,39,0.048,2551,true,0.000083036,0.000064391,8,6
mvt_cpp_simd,panda,box,39,0.048,2551,true,0.00009563,0.00002654,8,6
capt_simd,panda,box,39,0.048,2551,true,0.000080401,0.001653627,8,6
primitive,panda,box,40,0.048,2429,true,0.00007986,0.000000321,30,14
mvtable,panda,box,40,0.048,2429,true,0.000157906,0.000046928,30,14
mvtable_mutable,panda,box,40,0.048,2429,true,0.000153168,0.000056365,30,14
mvtable_cpp,panda,box,40,0.048,2429,true,0.000201258,0.000028243,30,14
capt,panda,box,40,0.048,2429,true,0.000235071,0.001561885,30,14
kiddo,panda,box,40,0.048,2429,true,0.000728088,0.000062166,30,14
mvtable_simd,panda,box,40,0.048,2429,true,0.000137579,0.000046387,30,14
mvtable_mutable_simd,panda,box,40,0.048,2429,true,0.000135214,0.000055955,30,14
mvt_cpp_simd,panda,box,40,0.048,2429,true,0.000172504,0.000027572,30,14
capt_simd,panda,box,40,0.048,2429,true,0.00017589,0.001599535,30,14
mvtable,panda,box,41,0.048,2534,true,0.000245792,0.00005327,171,12
mvtable_mutable,panda,box,41,0.048,2534,true,0.000235432,0.000065263,171,12
mvtable_cpp,panda,box,41,0.048,2534,true,0.000287991,0.000029716,171,12
capt,panda,box,41,0.048,2534,true,0.000346441,0.001607571,171,12
kiddo,panda,box,41,0.048,2534,true,0.000817967,0.000062898,171,12
mvtable_simd,panda,box,41,0.048,2534,true,0.000221607,0.000053571,171,12
mvtable_mutable_simd,panda,box,41,0.048,2534,true,0.000220905,0.000064852,171,12
mvt_cpp_simd,panda,box,41,0.048,2534,true,0.000242045,0.000025739,171,12
capt_simd,panda,box,41,0.048,2534,true,0.00026613,0.001670479,171,12
mvtable,panda,box,42,0.048,2674,true,0.000233479,0.000056607,42,13
mvtable_mutable,panda,box,42,0.048,2674,true,0.000234661,0.000067407,42,13
mvtable_cpp,panda,box,42,0.048,2674,true,0.000285937,0.000033423,42,13
capt,panda,box,42,0.048,2674,true,0.0003565,0.001620876,42,13
kiddo,panda,box,42,0.048,2674,true,0.000849967,0.000067116,42,13
mvtable_simd,panda,box,42,0.048,2674,true,0.000222989,0.000056376,42,13
mvtable_mutable_simd,panda,box,42,0.048,2674,true,0.000218341,0.000067387,42,13
mvt_cpp_simd,panda,box,42,0.048,2674,true,0.000232848,0.000033433,42,13
capt_simd,panda,box,42,0.048,2674,true,0.000216937,0.001678905,42,13
mvtable,panda,box,43,0.048,2657,true,0.000141516,0.000055274,8,7
mvtable_mutable,panda,box,43,0.048,2657,true,0.000132319,0.000068158,8,7
mvtable_cpp,panda,box,43,0.048,2657,true,0.000169048,0.000030387,8,7
capt,panda,box,43,0.048,2657,true,0.000189456,0.001622208,8,7
kiddo,panda,box,43,0.048,2657,true,0.000492705,0.000068007,8,7
mvtable_simd,panda,box,43,0.048,2657,true,0.000139812,0.000055555,8,7
mvtable_mutable_simd,panda,box,43,0.048,2657,true,0.00012232,0.000067808,8,7
mvt_cpp_simd,panda,box,43,0.048,2657,true,0.000131207,0.000030377,8,7
capt_simd,panda,box,43,0.048,2657,true,0.000105398,0.001673935,8,7
mvtable,panda,box,44,0.048,2149,true,0.000125065,0.00004269,28,8
mvtable_mutable,panda,box,44,0.048,2149,true,0.000128691,0.000052729,28,8
mvtable_cpp,panda,box,44,0.048,2149,true,0.000171743,0.00002645,28,8
capt,panda,box,44,0.048,2149,true,0.000240451,0.001357881,28,8
kiddo,panda,box,44,0.048,2149,true,0.00047861,0.000056596,28,8
mvtable_simd,panda,box,44,0.048,2149,true,0.000130966,0.00004271,28,8
mvtable_mutable_simd,panda,box,44,0.048,2149,true,0.00011711,0.000052258,28,8
mvt_cpp_simd,panda,box,44,0.048,2149,true,0.000143881,0.00002679,28,8
capt_simd,panda,box,44,0.048,2149,true,0.000156845,0.001384561,28,8
mvtable,panda,box,45,0.048,2667,true,0.000092804,0.000056907,7,6
mvtable_mutable,panda,box,45,0.048,2667,true,0.000081724,0.000068799,7,6
mvtable_cpp,panda,box,45,0.048,2667,true,0.000098976,0.000031109,7,6
capt,panda,box,45,0.048,2667,true,0.000097663,0.001631135,7,6
kiddo,panda,box,45,0.048,2667,true,0.000262303,0.000066845,7,6
mvtable_simd,panda,box,45,0.048,2667,true,0.000077555,0.000056266,7,6
mvtable_mutable_simd,panda,box,45,0.048,2667,true,0.000077466,0.000068398,7,6
mvt_cpp_simd,panda,box,45,0.048,2667,true,0.000082214,0.000031269,7,6
capt_simd,panda,box,45,0.048,2667,true,0.000067076,0.001684185,7,6
primitive,panda,box,46,0.048,2494,true,0.000073287,0.00000018,22,13
mvtable,panda,box,46,0.048,2494,true,0.000156394,0.000051136,21,11
mvtable_mutable,panda,box,46,0.048,2494,true,0.000167184,0.000058309,21,11
mvtable_cpp,panda,box,46,0.048,2494,true,0.000219422,0.000032852,21,11
capt,panda,box,46,0.048,2494,true,0.000261582,0.001607911,21,11
kiddo,panda,box,46,0.048,2494,true,0.000584909,0.000062237,21,11
mvtable_simd,panda,box,46,0.048,2494,true,0.000163517,0.000048141,21,11
mvtable_mutable_simd,panda,box,46,0.048,2494,true,0.000143289,0.00005811,21,11
mvt_cpp_simd,panda,box,46,0.048,2494,true,0.000172444,0.00003183,21,11
capt_simd,panda,box,46,0.048,2494,true,0.000151425,0.001653487,21,11
mvtable,panda,box,47,0.048,2703,true,0.000089218,0.000057619,7,6
mvtable_mutable,panda,box,47,0.048,2703,true,0.000091232,0.00006934,7,6
mvtable_cpp,panda,box,47,0.048,2703,true,0.000123402,0.000033864,7,6
capt,panda,box,47,0.048,2703,true,0.000133981,0.001629792,7,6
kiddo,panda,box,47,0.048,2703,true,0.000316425,0.00006912,7,6
mvtable_simd,panda,box,47,0.048,2703,true,0.000100709,0.000057058,7,6
mvtable_mutable_simd,panda,box,47,0.048,2703,true,0.000084749,0.000068189,7,6
mvt_cpp_simd,panda,box,47,0.048,2703,true,0.000091863,0.000033743,7,6
capt_simd,panda,box,47,0.048,2703,true,0.000076443,0.001673855,7,6
mvtable,panda,box,48,0.048,2508,true,0.000073138,0.000051577,2,5
mvtable_mutable,panda,box,48,0.048,2508,true,0.000074309,0.000067627,2,5
mvtable_cpp,panda,box,48,0.048,2508,true,0.00009574,0.000027231,2,5
capt,panda,box,48,0.048,2508,true,0.000144201,0.00160708,2,5
kiddo,panda,box,48,0.048,2508,true,0.00029274,0.000061055,2,5
mvtable_simd,panda,box,48,0.048,2508,true,0.000067827,0.00005312,2,5
mvtable_mutable_simd,panda,box,48,0.048,2508,true,0.000066145,0.00006414,2,5
mvt_cpp_simd,panda,box,48,0.048,2508,true,0.00007421,0.000026771,2,5
capt_simd,panda,box,48,0.048,2508,true,0.000075962,0.001636886,2,5
mvtable,panda,box,49,0.048,2409,true,0.000184497,0.000046227,93,13
mvtable_mutable,panda,box,49,0.048,2409,true,0.000191159,0.000058089,93,13
mvtable_cpp,panda,box,49,0.048,2409,true,0.000243878,0.000033543,93,13
capt,panda,box,49,0.048,2409,true,0.000182203,0.001524394,59,13
kiddo,panda,box,49,0.048,2409,true,0.000729851,0.000062808,93,13
mvtable_simd,panda,box,49,0.048,2409,true,0.000178335,0.000046808,93,13
mvtable_mutable_simd,panda,box,49,0.048,2409,true,0.000169929,0.000056747,93,13
mvt_cpp_simd,panda,box,49,0.048,2409,true,0.000201489,0.000031068,93,13
capt_simd,panda,box,49,0.048,2409,true,0.000141466,0.001585629,59,13
mvtable,panda,box,50,0.048,2352,true,0.000056776,0.000046337,1,4
mvtable_mutable,panda,box,50,0.048,2352,true,0.000056256,0.000055956,1,4
mvtable_cpp,panda,box,50,0.048,2352,true,0.000075412,0.000030217,1,4
capt,panda,box,50,0.048,2352,true,0.000082305,0.001492385,1,4
kiddo,panda,box,50,0.048,2352,true,0.000240512,0.000061095,1,4
mvtable_simd,panda,box,50,0.048,2352,true,0.000051817,0.000046468,1,4
mvtable_mutable_simd,panda,box,50,0.048,2352,true,0.000050435,0.000056045,1,4
mvt_cpp_simd,panda,box,50,0.048,2352,true,0.000059833,0.000029826,1,4
capt_simd,panda,box,50,0.048,2352,true,0.000049704,0.001536547,1,4
primitive,panda,cage,1,0.048,1938,true,0.001260558,0.00000018,1276,75
mvtable,panda,cage,1,0.048,1938,true,0.001693923,0.00003732,925,65
mvtable_mutable,panda,cage,1,0.048,1938,true,0.001699433,0.000052699,925,65
mvtable_cpp,panda,cage,1,0.048,1938,true,0.002254246,0.000023475,925,65
capt,panda,cage,1,0.048,1938,true,0.003053046,0.001046026,925,65
kiddo,panda,cage,1,0.048,1938,true,0.006699638,0.000044724,925,65
mvtable_simd,panda,cage,1,0.048,1938,true,0.001642616,0.000039985,925,65
mvtable_mutable_simd,panda,cage,1,0.048,1938,true,0.001621747,0.000052158,925,65
mvt_cpp_simd,panda,cage,1,0.048,1938,true,0.00178832,0.000021961,925,65
capt_simd,panda,cage,1,0.048,1938,true,0.002109233,0.001155331,925,65
primitive,panda,cage,2,0.048,1949,true,0.00085725,0.0000003,750,61
mvtable,panda,cage,2,0.048,1949,true,0.000110839,0.00003765,30,7
mvtable_mutable,panda,cage,2,0.048,1949,true,0.000109616,0.00004825,30,7
mvtable_cpp,panda,cage,2,0.048,1949,true,0.00016513,0.000024326,30,7
capt,panda,cage,2,0.048,1949,true,0.000190959,0.001026389,30,7
kiddo,panda,cage,2,0.048,1949,true,0.000597483,0.000040436,30,7
mvtable_simd,panda,cage,2,0.048,1949,true,0.000097143,0.000041668,30,7
mvtable_mutable_simd,panda,cage,2,0.048,1949,true,0.000093826,0.0000481,30,7
mvt_cpp_simd,panda,cage,2,0.048,1949,true,0.000112101,0.000020959,30,7
capt_simd,panda,cage,2,0.048,1949,true,0.000125055,0.00104886,30,7
primitive,panda,cage,3,0.048,2032,true,0.001126186,0.00000018,882,95
mvtable,panda,cage,3,0.048,2032,true,0.000698161,0.000046167,368,32
mvtable_mutable,panda,cage,3,0.048,2032,true,0.000692832,0.000055004,368,32
mvtable_cpp,panda,cage,3,0.048,2032,true,0.000786948,0.000027462,368,32
capt,panda,cage,3,0.048,2032,true,0.001360216,0.001054391,368,32
kiddo,panda,cage,3,0.048,2032,true,0.002914987,0.000038873,368,32
mvtable_simd,panda,cage,3,0.048,2032,true,0.000662014,0.000042219,368,32
mvtable_mutable_simd,panda,cage,3,0.048,2032,true,0.000652266,0.000079369,368,32
mvt_cpp_simd,panda,cage,3,0.048,2032,true,0.000684937,0.000028073,368,32
capt_simd,panda,cage,3,0.048,2032,true,0.000831101,0.001115095,368,32
primitive,panda,cage,4,0.048,2068,true,0.000108694,0.00000018,93,15
mvtable,panda,cage,4,0.048,2068,true,0.000148599,0.000041869,39,11
mvtable_mutable,panda,cage,4,0.048,2068,true,0.000153569,0.000054853,39,11
mvtable_cpp,panda,cage,4,0.048,2068,true,0.000176992,0.000027111,39,11
capt,panda,cage,4,0.048,2068,true,0.000294523,0.001290705,39,11
kiddo,panda,cage,4,0.048,2068,true,0.00054784,0.000059392,39,11
mvtable_simd,panda,cage,4,0.048,2068,true,0.000139993,0.00004771,39,11
mvtable_mutable_simd,panda,cage,4,0.048,2068,true,0.000135695,0.000070092,39,11
mvt_cpp_simd,panda,cage,4,0.048,2068,true,0.000156013,0.000027832,39,11
capt_simd,panda,cage,4,0.048,2068,true,0.000178074,0.001303149,39,11
primitive,panda,cage,5,0.048,1980,true,0.000213722,0.00000019,159,29
mvtable,panda,cage,5,0.048,1980,true,0.000208462,0.000038483,79,15
mvtable_mutable,panda,cage,5,0.048,1980,true,0.000211187,0.000048872,79,15
mvtable_cpp,panda,cage,5,0.048,1980,true,0.000333928,0.000028644,79,15
capt,panda,cage,5,0.048,1980,true,0.000489059,0.001029223,79,15
kiddo,panda,cage,5,0.048,1980,true,0.001179126,0.00004794,79,15
mvtable_simd,panda,cage,5,0.048,1980,true,0.000204123,0.000038472,79,15
mvtable_mutable_simd,panda,cage,5,0.048,1980,true,0.000185879,0.000049543,79,15
mvt_cpp_simd,panda,cage,5,0.048,1980,true,0.000231385,0.000028744,79,15
capt_simd,panda,cage,5,0.048,1980,true,0.000302539,0.001072475,79,15
primitive,panda,cage,6,0.048,2119,true,0.000721736,0.0000002,1080,33
mvtable,panda,cage,6,0.048,2119,true,0.002540904,0.000044413,1192,86
mvtable_mutable,panda,cage,6,0.048,2119,true,0.002569808,0.000053941,1192,86
mvtable_cpp,panda,cage,6,0.048,2119,true,0.003046524,0.000026009,1192,86
capt,panda,cage,6,0.048,2119,true,0.004177169,0.001314219,1192,86
kiddo,panda,cage,6,0.048,2119,true,0.007683336,0.000054423,1192,86
mvtable_simd,panda,cage,6,0.048,2119,true,0.002475852,0.000042269,1192,86
mvtable_mutable_simd,panda,cage,6,0.048,2119,true,0.002418715,0.000053731,1192,86
mvt_cpp_simd,panda,cage,6,0.048,2119,true,0.002530104,0.000025919,1192,86
capt_simd,panda,cage,6,0.048,2119,true,0.002890912,0.001337784,1192,86
primitive,panda,cage,7,0.048,2008,true,0.000097303,0.00000018,72,11
mvtable,panda,cage,7,0.048,2008,true,0.000384092,0.000041138,136,28
mvtable_mutable,panda,cage,7,0.048,2008,true,0.000378631,0.000053711,136,28
mvtable_cpp,panda,cage,7,0.048,2008,true,0.000541367,0.000029655,136,28
capt,panda,cage,7,0.048,2008,true,0.000740621,0.001040765,136,28
kiddo,panda,cage,7,0.048,2008,true,0.001899339,0.00004207,136,28
mvtable_simd,panda,cage,7,0.048,2008,true,0.000352232,0.000041939,136,28
mvtable_mutable_simd,panda,cage,7,0.048,2008,true,0.000350378,0.000054092,136,28
mvt_cpp_simd,panda,cage,7,0.048,2008,true,0.000416753,0.000021661,136,28
capt_simd,panda,cage,7,0.048,2008,true,0.000475343,0.001088916,136,28
primitive,panda,cage,8,0.048,2007,true,0.001058098,0.000000181,952,66
mvtable,panda,cage,8,0.048,2007,true,0.000684737,0.000037821,266,39
mvtable_mutable,panda,cage,8,0.048,2007,true,0.000670951,0.000049243,266,39
mvtable_cpp,panda,cage,8,0.048,2007,true,0.000907976,0.000024706,266,39
capt,panda,cage,8,0.048,2007,true,0.001161332,0.00105359,266,39
kiddo,panda,cage,8,0.048,2007,true,0.003348281,0.000043431,266,39
mvtable_simd,panda,cage,8,0.048,2007,true,0.000632739,0.000039194,266,39
mvtable_mutable_simd,panda,cage,8,0.048,2007,true,0.000624713,0.000049112,266,39
mvt_cpp_simd,panda,cage,8,0.048,2007,true,0.000709313,0.000021981,266,39
capt_simd,panda,cage,8,0.048,2007,true,0.000815662,0.001093645,266,39
primitive,panda,cage,9,0.048,2021,true,0.00345414,0.0000002,3192,167
mvtable,panda,cage,9,0.048,2021,true,0.001818667,0.000042109,980,70
mvtable_mutable,panda,cage,9,0.048,2021,true,0.001836521,0.000054622,980,70
mvtable_cpp,panda,cage,9,0.048,2021,true,0.002044972,0.000024506,980,70
capt,panda,cage,9,0.048,2021,true,0.003123148,0.001056645,980,70
kiddo,panda,cage,9,0.048,2021,true,0.007459527,0.000040336,980,70
mvtable_simd,panda,cage,9,0.048,2021,true,0.001787528,0.000042991,980,70
mvtable_mutable_simd,panda,cage,9,0.048,2021,true,0.00175629,0.000053852,980,70
mvt_cpp_simd,panda,cage,9,0.048,2021,true,0.001807847,0.000024586,980,70
capt_simd,panda,cage,9,0.048,2021,true,0.002163365,0.001106689,980,70
primitive,panda,cage,10,0.048,2028,true,0.000275037,0.000000221,249,31
mvtable,panda,cage,10,0.048,2028,true,0.000260089,0.00004271,94,21
mvtable_mutable,panda,cage,10,0.048,2028,true,0.000273424,0.000054823,94,21
mvtable_cpp,panda,cage,10,0.048,2028,true,0.000374884,0.00002656,94,21
capt,panda,cage,10,0.048,2028,true,0.000461748,0.001061905,94,21
kiddo,panda,cage,10,0.048,2028,true,0.001338555,0.000042019,94,21
mvtable_simd,panda,cage,10,0.048,2028,true,0.000242276,0.00004268,94,21
mvtable_mutable_simd,panda,cage,10,0.048,2028,true,0.000246794,0.00005854,94,21
mvt_cpp_simd,panda,cage,10,0.048,2028,true,0.00028202,0.000023594,94,21
capt_simd,panda,cage,10,0.048,2028,true,0.000319991,0.001098604,94,21
primitive,panda,cage,11,0.048,1936,true,0.002232504,0.00000017,2730,121
mvtable,panda,cage,11,0.048,1936,true,0.000180699,0.000037481,112,11
mvtable_mutable,panda,cage,11,0.048,1936,true,0.000174668,0.00004806,112,11
mvtable_cpp,panda,cage,11,0.048,1936,true,0.000241674,0.000018946,112,11
capt,panda,cage,11,0.048,1936,true,0.00037253,0.00099549,112,11
kiddo,panda,cage,11,0.048,1936,true,0.000954113,0.000049193,112,11
mvtable_simd,panda,cage,11,0.048,1936,true,0.000160312,0.000042149,112,11
mvtable_mutable_simd,panda,cage,11,0.048,1936,true,0.000156965,0.00004794,112,11
mvt_cpp_simd,panda,cage,11,0.048,1936,true,0.000180369,0.000018775,112,11
capt_simd,panda,cage,11,0.048,1936,true,0.000235603,0.001049371,112,11
primitive,panda,cage,12,0.048,2002,true,0.001198071,0.000000181,1036,92
mvtable,panda,cage,12,0.048,2002,true,0.000310013,0.000038582,81,21
mvtable_mutable,panda,cage,12,0.048,2002,true,0.000299233,0.000049002,81,21
mvtable_cpp,panda,cage,12,0.048,2002,true,0.00045757,0.00002119,81,21
capt,panda,cage,12,0.048,2002,true,0.000746252,0.001038211,81,21
kiddo,panda,cage,12,0.048,2002,true,0.001300082,0.000041638,81,21
mvtable_simd,panda,cage,12,0.048,2002,true,0.000275398,0.000039084,81,21
mvtable_mutable_simd,panda,cage,12,0.048,2002,true,0.000274536,0.000049733,81,21
mvt_cpp_simd,panda,cage,12,0.048,2002,true,0.000336162,0.000020959,81,21
capt_simd,panda,cage,12,0.048,2002,true,0.000378191,0.001099697,81,21
primitive,panda,cage,13,0.048,2084,true,0.001134732,0.000000171,1279,76
mvtable,panda,cage,13,0.048,2084,true,0.001059791,0.000041298,390,62
mvtable_mutable,panda,cage,13,0.048,2084,true,0.00106974,0.00005324,390,62
mvtable_cpp,panda,cage,13,0.048,2084,true,0.001255549,0.000027562,390,62
capt,panda,cage,13,0.048,2084,true,0.001972527,0.001275817,390,62
kiddo,panda,cage,13,0.048,2084,true,0.003843822,0.000055655,390,62
mvtable_simd,panda,cage,13,0.048,2084,true,0.001019616,0.000041899,390,62
mvtable_mutable_simd,panda,cage,13,0.048,2084,true,0.001003165,0.000054372,390,62
mvt_cpp_simd,panda,cage,13,0.048,2084,true,0.001061104,0.000036268,390,62
capt_simd,panda,cage,13,0.048,2084,true,0.001231224,0.001299282,390,62
primitive,panda,cage,14,0.048,1838,true,0.001479029,0.000000181,1961,51
mvtable,panda,cage,14,0.048,1838,true,0.000247515,0.000036408,149,15
mvtable_mutable,panda,cage,14,0.048,1838,true,0.000253486,0.000046337,149,15
mvtable_cpp,panda,cage,14,0.048,1838,true,0.00032472,0.000018535,149,15
capt,panda,cage,14,0.048,1838,true,0.00052699,0.000965704,149,15
kiddo,panda,cage,14,0.048,1838,true,0.001092323,0.000039594,149,15
mvtable_simd,panda,cage,14,0.048,1838,true,0.000225634,0.000035958,149,15
mvtable_mutable_simd,panda,cage,14,0.048,1838,true,0.000221857,0.000046727,149,15
mvt_cpp_simd,panda,cage,14,0.048,1838,true,0.000258195,0.000017973,149,15
capt_simd,panda,cage,14,0.048,1838,true,0.000316515,0.000997113,149,15
primitive,panda,cage,15,0.048,2001,true,0.001003035,0.00000017,1435,51
mvtable,panda,cage,15,0.048,2001,true,0.001137046,0.000040156,588,53
mvtable_mutable,panda,cage,15,0.048,2001,true,0.001139631,0.000050926,588,53
mvtable_cpp,panda,cage,15,0.048,2001,true,0.001534243,0.00002103,588,53
capt,panda,cage,15,0.048,2001,true,0.002365264,0.001054521,588,53
kiddo,panda,cage,15,0.048,2001,true,0.005518359,0.000040146,588,53
mvtable_simd,panda,cage,15,0.048,2001,true,0.001135874,0.000049102,588,53
mvtable_mutable_simd,panda,cage,15,0.048,2001,true,0.001081312,0.000053801,588,53
mvt_cpp_simd,panda,cage,15,0.048,2001,true,0.00123468,0.000023965,588,53
capt_simd,panda,cage,15,0.048,2001,true,0.001457979,0.00110707,588,53
primitive,panda,cage,16,0.048,1948,true,0.000124234,0.000000401,78,15
mvtable,panda,cage,16,0.048,1948,true,0.000259427,0.000043191,78,19
mvtable_mutable,panda,cage,16,0.048,1948,true,0.000257995,0.000049203,78,19
mvtable_cpp,panda,cage,16,0.048,1948,true,0.000410571,0.000019998,78,19
capt,panda,cage,16,0.048,1948,true,0.000539513,0.001052227,78,19
kiddo,panda,cage,16,0.048,1948,true,0.001336772,0.000044093,78,19
mvtable_simd,panda,cage,16,0.048,1948,true,0.000236665,0.000039144,78,19
mvtable_mutable_simd,panda,cage,16,0.048,1948,true,0.000232166,0.000048431,78,19
mvt_cpp_simd,panda,cage,16,0.048,1948,true,0.000290616,0.000019427,78,19
capt_simd,panda,cage,16,0.048,1948,true,0.000326012,0.001088145,78,19
primitive,panda,cage,17,0.048,1877,true,0.000758475,0.00000017,660,65
mvtable,panda,cage,17,0.048,1877,true,0.000258987,0.000037561,65,21
mvtable_mutable,panda,cage,17,0.048,1877,true,0.000257965,0.000046728,65,21
mvtable_cpp,panda,cage,17,0.048,1877,true,0.00038887,0.000018815,65,21
capt,panda,cage,17,0.048,1877,true,0.000644141,0.000994008,65,21
kiddo,panda,cage,17,0.048,1877,true,0.001401394,0.000040787,65,21
mvtable_simd,panda,cage,17,0.048,1877,true,0.000233229,0.000037029,65,21
mvtable_mutable_simd,panda,cage,17,0.048,1877,true,0.00022887,0.000047218,65,21
mvt_cpp_simd,panda,cage,17,0.048,1877,true,0.000274465,0.000018365,65,21
capt_simd,panda,cage,17,0.048,1877,true,0.00034034,0.001028182,65,21
primitive,panda,cage,18,0.048,1768,true,0.000099777,0.000000191,78,13
mvtable,panda,cage,18,0.048,1768,true,0.00016525,0.000035246,49,15
mvtable_mutable,panda,cage,18,0.048,1768,true,0.000164739,0.000045776,49,15
mvtable_cpp,panda,cage,18,0.048,1768,true,0.000232808,0.000018034,49,15
capt,panda,cage,18,0.048,1768,true,0.00037784,0.000929967,49,15
kiddo,panda,cage,18,0.048,1768,true,0.000809872,0.00003749,49,15
mvtable_simd,panda,cage,18,0.048,1768,true,0.000151104,0.000034905,49,15
mvtable_mutable_simd,panda,cage,18,0.048,1768,true,0.00014905,0.000045475,49,15
mvt_cpp_simd,panda,cage,18,0.048,1768,true,0.000170049,0.000017803,49,15
capt_simd,panda,cage,18,0.048,1768,true,0.00023947,0.000995581,49,15
primitive,panda,cage,19,0.048,1930,true,0.000755509,0.00000019,896,47
mvtable,panda,cage,19,0.048,1930,true,0.000279615,0.000037079,100,20
mvtable_mutable,panda,cage,19,0.048,1930,true,0.000289965,0.000047569,100,20
mvtable_cpp,panda,cage,19,0.048,1930,true,0.000400873,0.000019346,100,20
capt,panda,cage,19,0.048,1930,true,0.000481805,0.000997143,100,20
kiddo,panda,cage,19,0.048,1930,true,0.001583596,0.000042279,100,20
mvtable_simd,panda,cage,19,0.048,1930,true,0.000270218,0.000036859,100,20
mvtable_mutable_simd,panda,cage,19,0.048,1930,true,0.00025,0.00004841,100,20
mvt_cpp_simd,panda,cage,19,0.048,1930,true,0.000299422,0.000019557,100,20
capt_simd,panda,cage,19,0.048,1930,true,0.000359485,0.00103765,100,20
primitive,panda,cage,20,0.048,1766,true,0.000839167,0.000000171,1002,45
mvtable,panda,cage,20,0.048,1766,true,0.000538332,0.000034866,278,30
mvtable_mutable,panda,cage,20,0.048,1766,true,0.000526579,0.000045095,278,30
mvtable_cpp,panda,cage,20,0.048,1766,true,0.00072368,0.000017793,278,30
capt,panda,cage,20,0.048,1766,true,0.001953561,0.000948613,552,55
kiddo,panda,cage,20,0.048,1766,true,0.002278191,0.000038091,278,30
mvtable_simd,panda,cage,20,0.048,1766,true,0.000496082,0.000045054,278,30
mvtable_mutable_simd,panda,cage,20,0.048,1766,true,0.00050021,0.000045325,278,30
mvt_cpp_simd,panda,cage,20,0.048,1766,true,0.000544703,0.000018034,278,30
capt_simd,panda,cage,20,0.048,1766,true,0.001418455,0.000989299,552,55
primitive,panda,cage,21,0.048,1967,true,0.000866769,0.000000171,770,59
mvtable,panda,cage,21,0.048,1967,true,0.000086111,0.000037661,28,6
mvtable_mutable,panda,cage,21,0.048,1967,true,0.00008475,0.000048932,28,6
mvtable_cpp,panda,cage,21,0.048,1967,true,0.000124974,0.000029966,28,6
capt,panda,cage,21,0.048,1967,true,0.0001599,0.001041237,28,6
kiddo,panda,cage,21,0.048,1967,true,0.000465255,0.000041198,28,6
mvtable_simd,panda,cage,21,0.048,1967,true,0.000078467,0.000037451,28,6
mvtable_mutable_simd,panda,cage,21,0.048,1967,true,0.000077055,0.000052098,28,6
mvt_cpp_simd,panda,cage,21,0.048,1967,true,0.000094036,0.000020769,28,6
capt_simd,panda,cage,21,0.048,1967,true,0.00010686,0.001079478,28,6
primitive,panda,cage,22,0.048,1850,true,0.000695978,0.00000019,546,62
mvtable,panda,cage,22,0.048,1850,true,0.001070121,0.000037099,420,61
mvtable_mutable,panda,cage,22,0.048,1850,true,0.001050584,0.000046908,420,61
mvtable_cpp,panda,cage,22,0.048,1850,true,0.001469981,0.000018515,420,61
capt,panda,cage,22,0.048,1850,true,0.002279143,0.000975783,420,61
kiddo,panda,cage,22,0.048,1850,true,0.004729286,0.00004246,420,61
mvtable_simd,panda,cage,22,0.048,1850,true,0.000990541,0.000038202,420,61
mvtable_mutable_simd,panda,cage,22,0.048,1850,true,0.000977698,0.00004807,420,61
mvt_cpp_simd,panda,cage,22,0.048,1850,true,0.001090799,0.000019977,420,61
capt_simd,panda,cage,22,0.048,1850,true,0.001368531,0.001020888,420,61
primitive,panda,cage,23,0.048,1945,true,0.000179948,0.00000021,315,19
mvtable,panda,cage,23,0.048,1945,true,0.00031905,0.000038082,121,17
mvtable_mutable,panda,cage,23,0.048,1945,true,0.000323328,0.00004811,121,17
mvtable_cpp,panda,cage,23,0.048,1945,true,0.000504808,0.000019537,121,17
capt,panda,cage,23,0.048,1945,true,0.000651104,0.001006562,121,17
kiddo,panda,cage,23,0.048,1945,true,0.001528492,0.000042109,121,17
mvtable_simd,panda,cage,23,0.048,1945,true,0.00030348,0.000037701,121,17
mvtable_mutable_simd,panda,cage,23,0.048,1945,true,0.000289133,0.000048551,121,17
mvt_cpp_simd,panda,cage,23,0.048,1945,true,0.000338395,0.000019597,121,17
capt_simd,panda,cage,23,0.048,1945,true,0.000411232,0.001049312,121,17
primitive,panda,cage,24,0.048,2026,true,0.001013474,0.00000018,730,87
mvtable,panda,cage,24,0.048,2026,true,0.000099767,0.000041908,36,8
mvtable_mutable,panda,cage,24,0.048,2026,true,0.000100469,0.000054562,36,8
mvtable_cpp,panda,cage,24,0.048,2026,true,0.000140124,0.000021972,36,8
capt,panda,cage,24,0.048,2026,true,0.000204424,0.001063318,36,8
kiddo,panda,cage,24,0.048,2026,true,0.000572716,0.000044143,36,8
mvtable_simd,panda,cage,24,0.048,2026,true,0.000089879,0.000041839,36,8
mvtable_mutable_simd,panda,cage,24,0.048,2026,true,0.000088836,0.000055434,36,8
mvt_cpp_simd,panda,cage,24,0.048,2026,true,0.000115818,0.000022011,36,8
capt_simd,panda,cage,24,0.048,2026,true,0.000122039,0.001108262,36,8
primitive,panda,cage,25,0.048,2022,true,0.004957355,0.00000019,3808,237
mvtable,panda,cage,25,0.048,2022,true,0.000100559,0.00004272,21,7
mvtable_mutable,panda,cage,25,0.048,2022,true,0.000099748,0.000054863,21,7
mvtable_cpp,panda,cage,25,0.048,2022,true,0.000149521,0.000022172,21,7
capt,panda,cage,25,0.048,2022,true,0.000187533,0.00104816,21,7
kiddo,panda,cage,25,0.048,2022,true,0.000518454,0.000039354,21,7
mvtable_simd,panda,cage,25,0.048,2022,true,0.000093355,0.00004242,21,7
mvtable_mutable_simd,panda,cage,25,0.048,2022,true,0.000092504,0.000054953,21,7
mvt_cpp_simd,panda,cage,25,0.048,2022,true,0.000105328,0.000021741,21,7
capt_simd,panda,cage,25,0.048,2022,true,0.00011712,0.001095358,21,7
primitive,panda,cage,26,0.048,1755,true,0.000120727,0.00000018,126,15
mvtable,panda,cage,26,0.048,1755,true,0.000371458,0.000035607,95,21
mvtable_mutable,panda,cage,26,0.048,1755,true,0.000350779,0.000045295,95,21
mvtable_cpp,panda,cage,26,0.048,1755,true,0.000590088,0.000017924,95,21
capt,panda,cage,26,0.048,1755,true,0.000727678,0.000953762,95,21
kiddo,panda,cage,26,0.048,1755,true,0.00159133,0.000038402,95,21
mvtable_simd,panda,cage,26,0.048,1755,true,0.000336762,0.000035347,95,21
mvtable_mutable_simd,panda,cage,26,0.048,1755,true,0.000316004,0.000049322,95,21
mvt_cpp_simd,panda,cage,26,0.048,1755,true,0.000357942,0.000018365,95,21
capt_simd,panda,cage,26,0.048,1755,true,0.00043087,0.000997093,95,21
primitive,panda,cage,27,0.048,1974,true,0.000174999,0.000000602,162,13
mvtable,panda,cage,27,0.048,1974,true,0.000145193,0.000041888,36,9
mvtable_mutable,panda,cage,27,0.048,1974,true,0.000145554,0.000053841,36,9
mvtable_cpp,panda,cage,27,0.048,1974,true,0.000197021,0.000022462,36,9
capt,panda,cage,27,0.048,1974,true,0.000302328,0.001039784,36,9
kiddo,panda,cage,27,0.048,1974,true,0.000726435,0.000043922,36,9
mvtable_simd,panda,cage,27,0.048,1974,true,0.000131256,0.000041949,36,9
mvtable_mutable_simd,panda,cage,27,0.048,1974,true,0.000129784,0.000053331,36,9
mvt_cpp_simd,panda,cage,27,0.048,1974,true,0.000147518,0.000021621,36,9
capt_simd,panda,cage,27,0.048,1974,true,0.000171412,0.001070361,36,9
primitive,panda,cage,28,0.048,1948,true,0.000296136,0.000000251,254,33
mvtable,panda,cage,28,0.048,1948,true,0.000507704,0.000037481,254,31
mvtable_mutable,panda,cage,28,0.048,1948,true,0.000497675,0.000048431,254,31
mvtable_cpp,panda,cage,28,0.048,1948,true,0.000650322,0.000020108,254,31
capt,panda,cage,28,0.048,1948,true,0.000917274,0.001017161,254,31
kiddo,panda,cage,28,0.048,1948,true,0.00238469,0.000041488,254,31
mvtable_simd,panda,cage,28,0.048,1948,true,0.000455305,0.000038272,254,31
mvtable_mutable_simd,panda,cage,28,0.048,1948,true,0.000466387,0.000048671,254,31
mvt_cpp_simd,panda,cage,28,0.048,1948,true,0.000522582,0.000019666,254,31
capt_simd,panda,cage,28,0.048,1948,true,0.000637067,0.001060462,254,31
primitive,panda,cage,29,0.048,1950,true,0.000604766,0.000000191,562,49
mvtable,panda,cage,29,0.048,1950,true,0.000573518,0.000037571,330,27
mvtable_mutable,panda,cage,29,0.048,1950,true,0.000569059,0.000047369,330,27
mvtable_cpp,panda,cage,29,0.048,1950,true,0.0008404,0.000019868,330,27
capt,panda,cage,29,0.048,1950,true,0.000960144,0.001019786,330,27
kiddo,panda,cage,29,0.048,1950,true,0.002511929,0.00004244,330,27
mvtable_simd,panda,cage,29,0.048,1950,true,0.000542088,0.000038132,330,27
mvtable_mutable_simd,panda,cage,29,0.048,1950,true,0.000527361,0.00004806,330,27
mvt_cpp_simd,panda,cage,29,0.048,1950,true,0.000633591,0.000019547,330,27
capt_simd,panda,cage,29,0.048,1950,true,0.000699164,0.001065532,330,27
primitive,panda,cage,30,0.048,1979,true,0.000501954,0.00000022,771,31
mvtable,panda,cage,30,0.048,1979,true,0.000823147,0.000038723,518,31
mvtable_mutable,panda,cage,30,0.048,1979,true,0.000822836,0.000048712,518,31
mvtable_cpp,panda,cage,30,0.048,1979,true,0.001147967,0.000026991,518,31
capt,panda,cage,30,0.048,1979,true,0.001579799,0.001029644,518,31
kiddo,panda,cage,30,0.048,1979,true,0.003090677,0.000049432,518,31
mvtable_simd,panda,cage,30,0.048,1979,true,0.000769686,0.000039194,518,31
mvtable_mutable_simd,panda,cage,30,0.048,1979,true,0.000773393,0.000049573,518,31
mvt_cpp_simd,panda,cage,30,0.048,1979,true,0.000875475,0.000027211,518,31
capt_simd,panda,cage,30,0.048,1979,true,0.001013074,0.001067296,518,31
primitive,panda,cage,31,0.048,2002,true,0.000154761,0.00000018,126,21
mvtable,panda,cage,31,0.048,2002,true,0.000195928,0.000040846,60,15
mvtable_mutable,panda,cage,31,0.048,2002,true,0.000195017,0.000055273,60,15
mvtable_cpp,panda,cage,31,0.048,2002,true,0.000289414,0.000021771,60,15
capt,panda,cage,31,0.048,2002,true,0.000344117,0.001054001,60,15
kiddo,panda,cage,31,0.048,2002,true,0.001036938,0.00005331,60,15
mvtable_simd,panda,cage,31,0.048,2002,true,0.000185188,0.000040907,60,15
mvtable_mutable_simd,panda,cage,31,0.048,2002,true,0.000180008,0.000052008,60,15
mvt_cpp_simd,panda,cage,31,0.048,2002,true,0.000213241,0.00002143,60,15
capt_simd,panda,cage,31,0.048,2002,true,0.000245501,0.001088996,60,15
primitive,panda,cage,32,0.048,1881,true,0.000491754,0.000000171,393,43
mvtable,panda,cage,32,0.048,1881,true,0.000269757,0.00003743,78,23
mvtable_mutable,panda,cage,32,0.048,1881,true,0.000284164,0.000047279,78,23
mvtable_cpp,panda,cage,32,0.048,1881,true,0.000391275,0.000019036,78,23
capt,panda,cage,32,0.048,1881,true,0.00051052,0.000999048,78,23
kiddo,panda,cage,32,0.048,1881,true,0.001495971,0.000054532,78,23
mvtable_simd,panda,cage,32,0.048,1881,true,0.000239741,0.000036989,78,23
mvtable_mutable_simd,panda,cage,32,0.048,1881,true,0.000251513,0.000047139,78,23
mvt_cpp_simd,panda,cage,32,0.048,1881,true,0.000295476,0.000018855,78,23
capt_simd,panda,cage,32,0.048,1881,true,0.000348615,0.001027931,78,23
primitive,panda,cage,33,0.048,1860,true,0.000231525,0.00000017,198,26
mvtable,panda,cage,33,0.048,1860,true,0.000481785,0.000036078,199,31
mvtable_mutable,panda,cage,33,0.048,1860,true,0.000464243,0.000046398,199,31
mvtable_cpp,panda,cage,33,0.048,1860,true,0.000695607,0.000018565,199,31
capt,panda,cage,33,0.048,1860,true,0.00087282,0.000978739,199,31
kiddo,panda,cage,33,0.048,1860,true,0.002479349,0.000040997,199,31
mvtable_simd,panda,cage,33,0.048,1860,true,0.000432242,0.000036709,199,31
mvtable_mutable_simd,panda,cage,33,0.048,1860,true,0.000432563,0.000046808,199,31
mvt_cpp_simd,panda,cage,33,0.048,1860,true,0.00048979,0.000019086,199,31
capt_simd,panda,cage,33,0.048,1860,true,0.000602772,0.001024315,199,31
primitive,panda,cage,34,0.048,1946,true,0.000995641,0.00000018,807,71
mvtable,panda,cage,34,0.048,1946,true,0.000902005,0.00004263,315,48
mvtable_mutable,panda,cage,34,0.048,1946,true,0.000899761,0.000048492,315,48
mvtable_cpp,panda,cage,34,0.048,1946,true,0.001550012,0.000019115,315,48
capt,panda,cage,34,0.048,1946,true,0.002304119,0.001017802,315,48
kiddo,panda,cage,34,0.048,1946,true,0.004187608,0.000043301,315,48
mvtable_simd,panda,cage,34,0.048,1946,true,0.000837163,0.000038442,315,48
mvtable_mutable_simd,panda,cage,34,0.048,1946,true,0.000833826,0.000049473,315,48
mvt_cpp_simd,panda,cage,34,0.048,1946,true,0.001014617,0.000019557,315,48
capt_simd,panda,cage,34,0.048,1946,true,0.001220343,0.001067406,315,48
primitive,panda,cage,35,0.048,1941,true,0.000504598,0.00000018,1305,27
mvtable,panda,cage,35,0.048,1941,true,0.000912866,0.000037701,600,34
mvtable_mutable,panda,cage,35,0.048,1941,true,0.000914077,0.00004784,600,34
mvtable_cpp,panda,cage,35,0.048,1941,true,0.001411642,0.000019417,600,34
capt,panda,cage,35,0.048,1941,true,0.001662454,0.001027341,600,34
kiddo,panda,cage,35,0.048,1941,true,0.003559027,0.000041668,600,34
mvtable_simd,panda,cage,35,0.048,1941,true,0.000873822,0.000038462,600,34
mvtable_mutable_simd,panda,cage,35,0.048,1941,true,0.000853684,0.000049273,600,34
mvt_cpp_simd,panda,cage,35,0.048,1941,true,0.001022851,0.000025558,600,34
capt_simd,panda,cage,35,0.048,1941,true,0.00120271,0.001065141,600,34
primitive,panda,cage,36,0.048,1892,true,0.00027679,0.000000301,199,35
mvtable,panda,cage,36,0.048,1892,true,0.00021309,0.00003678,59,17
mvtable_mutable,panda,cage,36,0.048,1892,true,0.000208992,0.000048882,59,17
mvtable_cpp,panda,cage,36,0.048,1892,true,0.000381687,0.000019356,59,17
capt,panda,cage,36,0.048,1892,true,0.000444194,0.000992435,59,17
kiddo,panda,cage,36,0.048,1892,true,0.001243476,0.000044353,59,17
mvtable_simd,panda,cage,36,0.048,1892,true,0.000190759,0.00003739,59,17
mvtable_mutable_simd,panda,cage,36,0.048,1892,true,0.000187122,0.00004753,59,17
mvt_cpp_simd,panda,cage,36,0.048,1892,true,0.000236645,0.000018675,59,17
capt_simd,panda,cage,36,0.048,1892,true,0.000288853,0.001039814,59,17
primitive,panda,cage,37,0.048,2079,true,0.000274225,0.000000161,652,18
mvtable,panda,cage,37,0.048,2079,true,0.000514216,0.000040436,666,11
mvtable_mutable,panda,cage,37,0.048,2079,true,0.000540426,0.000052588,666,11
mvtable_cpp,panda,cage,37,0.048,2079,true,0.000618432,0.000029495,666,11
capt,panda,cage,37,0.048,2079,true,0.001088876,0.001267632,666,11
kiddo,panda,cage,37,0.048,2079,true,0.001620555,0.000056476,666,11
mvtable_simd,panda,cage,37,0.048,2079,true,0.000496062,0.000039935,666,11
mvtable_mutable_simd,panda,cage,37,0.048,2079,true,0.00049488,0.000052669,666,11
mvt_cpp_simd,panda,cage,37,0.048,2079,true,0.000496964,0.000029466,666,11
capt_simd,panda,cage,37,0.048,2079,true,0.000595519,0.0013097,666,11
primitive,panda,cage,38,0.048,1866,true,0.000252936,0.00000046,199,31
mvtable,panda,cage,38,0.048,1866,true,0.003960352,0.00003732,1863,153
mvtable_mutable,panda,cage,38,0.048,1866,true,0.003950313,0.000047189,1863,153
mvtable_cpp,panda,cage,38,0.048,1866,true,0.005215379,0.000019046,1863,153
capt,panda,cage,38,0.048,1866,true,0.006809074,0.000974621,1863,153
kiddo,panda,cage,38,0.048,1866,true,0.015822781,0.000042279,1863,153
mvtable_simd,panda,cage,38,0.048,1866,true,0.003796954,0.000037871,1863,153
mvtable_mutable_simd,panda,cage,38,0.048,1866,true,0.003742422,0.000049182,1863,153
mvt_cpp_simd,panda,cage,38,0.048,1866,true,0.004072251,0.000022713,1863,153
capt_simd,panda,cage,38,0.048,1866,true,0.004858119,0.001030536,1863,153
primitive,panda,cage,39,0.048,1937,true,0.000101932,0.000000481,78,15
mvtable,panda,cage,39,0.048,1937,true,0.000280046,0.000035818,91,23
mvtable_mutable,panda,cage,39,0.048,1937,true,0.000272923,0.000047099,91,23
mvtable_cpp,panda,cage,39,0.048,1937,true,0.000437071,0.000019677,91,23
capt,panda,cage,39,0.048,1937,true,0.000667925,0.000997665,91,23
kiddo,panda,cage,39,0.048,1937,true,0.001410721,0.000043222,91,23
mvtable_simd,panda,cage,39,0.048,1937,true,0.000248557,0.000036478,91,23
mvtable_mutable_simd,panda,cage,39,0.048,1937,true,0.000267122,0.000046908,91,23
mvt_cpp_simd,panda,cage,39,0.048,1937,true,0.000294072,0.000019567,91,23
capt_simd,panda,cage,39,0.048,1937,true,0.000365967,0.001041887,91,23
primitive,panda,cage,40,0.048,1848,true,0.000072265,0.000000181,56,11
mvtable,panda,cage,40,0.048,1848,true,0.000166663,0.000035607,46,13
mvtable_mutable,panda,cage,40,0.048,1848,true,0.000166483,0.000050816,46,13
mvtable_cpp,panda,cage,40,0.048,1848,true,0.000235994,0.000018414,46,13
capt,panda,cage,40,0.048,1848,true,0.000444656,0.000990431,46,13
kiddo,panda,cage,40,0.048,1848,true,0.000892978,0.000040716,46,13
mvtable_simd,panda,cage,40,0.048,1848,true,0.000156644,0.000035697,46,13
mvtable_mutable_simd,panda,cage,40,0.048,1848,true,0.000148799,0.000045696,46,13
mvt_cpp_simd,panda,cage,40,0.048,1848,true,0.000178526,0.000018274,46,13
capt_simd,panda,cage,40,0.048,1848,true,0.000231334,0.001019315,46,13
primitive,panda,cage,41,0.048,2067,true,0.000622139,0.000000181,561,49
mvtable,panda,cage,41,0.048,2067,true,0.001190006,0.000041258,504,47
mvtable_mutable,panda,cage,41,0.048,2067,true,0.001184606,0.00005336,504,47
mvtable_cpp,panda,cage,41,0.048,2067,true,0.001350398,0.000028954,504,47
capt,panda,cage,41,0.048,2067,true,0.002220583,0.001258275,504,47
kiddo,panda,cage,41,0.048,2067,true,0.003914425,0.000054483,504,47
mvtable_simd,panda,cage,41,0.048,2067,true,0.00113909,0.000042059,504,47
mvtable_mutable_simd,panda,cage,41,0.048,2067,true,0.001122659,0.000054292,504,47
mvt_cpp_simd,panda,cage,41,0.048,2067,true,0.001195255,0.000030778,504,47
capt_simd,panda,cage,41,0.048,2067,true,0.001395161,0.001309651,504,47
primitive,panda,cage,42,0.048,1987,true,0.001365686,0.000000411,1269,88
mvtable,panda,cage,42,0.048,1987,true,0.001950745,0.000042229,983,88
mvtable_mutable,panda,cage,42,0.048,1987,true,0.001965273,0.000052248,983,88
mvtable_cpp,panda,cage,42,0.048,1987,true,0.00258645,0.000024846,983,88
capt,panda,cage,42,0.048,1987,true,0.00321442,0.001066254,983,88
kiddo,panda,cage,42,0.048,1987,true,0.007777393,0.000060223,983,88
mvtable_simd,panda,cage,42,0.048,1987,true,0.001883489,0.000040796,983,88
mvtable_mutable_simd,panda,cage,42,0.048,1987,true,0.001853654,0.00005293,983,88
mvt_cpp_simd,panda,cage,42,0.048,1987,true,0.002118341,0.000025498,983,88
capt_simd,panda,cage,42,0.048,1987,true,0.002372408,0.00109602,983,88
primitive,panda,cage,43,0.048,1944,true,0.000181872,0.000000371,416,13
mvtable,panda,cage,43,0.048,1944,true,0.000700897,0.00003745,521,27
mvtable_mutable,panda,cage,43,0.048,1944,true,0.000687371,0.000049282,521,27
mvtable_cpp,panda,cage,43,0.048,1944,true,0.001064901,0.000020879,521,27
capt,panda,cage,43,0.048,1944,true,0.001243506,0.001003947,521,27
kiddo,panda,cage,43,0.048,1944,true,0.003078234,0.000043622,521,27
mvtable_simd,panda,cage,43,0.048,1944,true,0.000651384,0.000038382,521,27
mvtable_mutable_simd,panda,cage,43,0.048,1944,true,0.000646575,0.000052419,521,27
mvt_cpp_simd,panda,cage,43,0.048,1944,true,0.000769365,0.000020499,521,27
capt_simd,panda,cage,43,0.048,1944,true,0.000848955,0.001051285,521,27
primitive,panda,cage,44,0.048,1990,true,0.000144842,0.000000171,105,17
mvtable,panda,cage,44,0.048,1990,true,0.000118412,0.000040616,42,9
mvtable_mutable,panda,cage,44,0.048,1990,true,0.000121358,0.000051257,42,9
mvtable_cpp,panda,cage,44,0.048,1990,true,0.000179768,0.000022432,42,9
capt,panda,cage,44,0.048,1990,true,0.00023406,0.001049703,42,9
kiddo,panda,cage,44,0.048,1990,true,0.000596101,0.000042359,42,9
mvtable_simd,panda,cage,44,0.048,1990,true,0.000121518,0.000040066,42,9
mvtable_mutable_simd,panda,cage,44,0.048,1990,true,0.000104958,0.000051387,42,9
mvt_cpp_simd,panda,cage,44,0.048,1990,true,0.000128782,0.000022392,42,9
capt_simd,panda,cage,44,0.048,1990,true,0.000147567,0.001087824,42,9
primitive,panda,cage,45,0.048,1981,true,0.000825902,0.00000018,715,54
mvtable,panda,cage,45,0.048,1981,true,0.001614233,0.000038883,715,66
mvtable_mutable,panda,cage,45,0.048,1981,true,0.001629843,0.000048701,715,66
mvtable_cpp,panda,cage,45,0.048,1981,true,0.002151242,0.000028864,715,66
capt,panda,cage,45,0.048,1981,true,0.003029873,0.001042849,715,66
kiddo,panda,cage,45,0.048,1981,true,0.006956571,0.000042891,715,66
mvtable_simd,panda,cage,45,0.048,1981,true,0.001529734,0.000040606,715,66
mvtable_mutable_simd,panda,cage,45,0.048,1981,true,0.00150085,0.000050414,715,66
mvt_cpp_simd,panda,cage,45,0.048,1981,true,0.001751441,0.000029826,715,66
capt_simd,panda,cage,45,0.048,1981,true,0.002056965,0.001092914,715,66
primitive,panda,cage,46,0.048,1866,true,0.000077045,0.00000038,59,11
mvtable,panda,cage,46,0.048,1866,true,0.00046293,0.000036629,169,36
mvtable_mutable,panda,cage,46,0.048,1866,true,0.000458882,0.000046487,169,36
mvtable_cpp,panda,cage,46,0.048,1866,true,0.000629443,0.000018985,169,36
capt,panda,cage,46,0.048,1866,true,0.000880876,0.000981704,169,36
kiddo,panda,cage,46,0.048,1866,true,0.002422251,0.000042961,169,36
mvtable_simd,panda,cage,46,0.048,1866,true,0.00042563,0.000036709,169,36
mvtable_mutable_simd,panda,cage,46,0.048,1866,true,0.000414469,0.000046889,169,36
mvt_cpp_simd,panda,cage,46,0.048,1866,true,0.000480553,0.000018805,169,36
capt_simd,panda,cage,46,0.048,1866,true,0.000605888,0.001021118,169,36
primitive,panda,cage,47,0.048,1891,true,0.00011754,0.000000181,55,19
mvtable,panda,cage,47,0.048,1891,true,0.000152727,0.0000371,42,12
mvtable_mutable,panda,cage,47,0.048,1891,true,0.000146525,0.00004774,42,12
mvtable_cpp,panda,cage,47,0.048,1891,true,0.000223881,0.000018645,42,12
capt,panda,cage,47,0.048,1891,true,0.000322245,0.00099511,42,12
kiddo,panda,cage,47,0.048,1891,true,0.000862801,0.000041168,42,12
mvtable_simd,panda,cage,47,0.048,1891,true,0.000130245,0.00003713,42,12
mvtable_mutable_simd,panda,cage,47,0.048,1891,true,0.000131227,0.000056296,42,12
mvt_cpp_simd,panda,cage,47,0.048,1891,true,0.000157115,0.000018635,42,12
capt_simd,panda,cage,47,0.048,1891,true,0.000194876,0.001030335,42,12
primitive,panda,cage,48,0.048,1858,true,0.000874173,0.00000018,1212,46
mvtable,panda,cage,48,0.048,1858,true,0.0012192,0.000036659,630,64
mvtable_mutable,panda,cage,48,0.048,1858,true,0.001221415,0.000046287,630,64
mvtable_cpp,panda,cage,48,0.048,1858,true,0.001565291,0.000018545,630,64
capt,panda,cage,48,0.048,1858,true,0.002440736,0.000989168,630,64
kiddo,panda,cage,48,0.048,1858,true,0.005443208,0.00004253,630,64
mvtable_simd,panda,cage,48,0.048,1858,true,0.001163546,0.000038132,630,64
mvtable_mutable_simd,panda,cage,48,0.048,1858,true,0.001148879,0.000049323,630,64
mvt_cpp_simd,panda,cage,48,0.048,1858,true,0.001272871,0.000022202,630,64
capt_simd,panda,cage,48,0.048,1858,true,0.001567806,0.001046336,630,64
primitive,panda,cage,49,0.048,1955,true,0.000137889,0.00000043,94,19
mvtable,panda,cage,49,0.048,1955,true,0.000351451,0.000038863,147,25
mvtable_mutable,panda,cage,49,0.048,1955,true,0.000323608,0.000049303,147,25
mvtable_cpp,panda,cage,49,0.048,1955,true,0.000442401,0.000027702,147,25
capt,panda,cage,49,0.048,1955,true,0.000635794,0.001040685,147,25
kiddo,panda,cage,49,0.048,1955,true,0.001833305,0.000044423,147,25
mvtable_simd,panda,cage,49,0.048,1955,true,0.00029272,0.000038462,147,25
mvtable_mutable_simd,panda,cage,49,0.048,1955,true,0.000302758,0.000048601,147,25
mvt_cpp_simd,panda,cage,49,0.048,1955,true,0.000347964,0.000027942,147,25
capt_simd,panda,cage,49,0.048,1955,true,0.000434396,0.001062687,147,25
primitive,panda,cage,50,0.048,2037,true,0.00022855,0.00000019,171,28
mvtable,panda,cage,50,0.048,2037,true,0.000282821,0.000041488,60,19
mvtable_mutable,panda,cage,50,0.048,2037,true,0.000288663,0.00005317,60,19
mvtable_cpp,panda,cage,50,0.048,2037,true,0.000334017,0.00002632,60,19
capt,panda,cage,50,0.048,2037,true,0.000470023,0.001034995,60,19
kiddo,panda,cage,50,0.048,2037,true,0.001318017,0.000044414,60,19
mvtable_simd,panda,cage,50,0.048,2037,true,0.000261221,0.000041488,60,19
mvtable_mutable_simd,panda,cage,50,0.048,2037,true,0.000257243,0.000053621,60,19
mvt_cpp_simd,panda,cage,50,0.048,2037,true,0.000276239,0.000028985,60,19
capt_simd,panda,cage,50,0.048,2037,true,0.000314711,0.001080861,60,19
primitive,panda,table_pick,1,0.048,1917,true,0.000045886,0.00000036,15,6
mvtable,panda,table_pick,1,0.048,1917,true,0.000056055,0.000045325,1,5
mvtable_mutable,panda,table_pick,1,0.048,1917,true,0.000053611,0.000055093,1,5
mvtable_cpp,panda,table_pick,1,0.048,1917,true,0.000050796,0.000032842,1,5
capt,panda,table_pick,1,0.048,1917,true,0.000083156,0.00098494,1,5
kiddo,panda,table_pick,1,0.048,1917,true,0.000243317,0.000058379,1,5
mvtable_simd,panda,table_pick,1,0.048,1917,true,0.000050084,0.000044213,1,5
mvtable_mutable_simd,panda,table_pick,1,0.048,1917,true,0.000048231,0.000054682,1,5
mvt_cpp_simd,panda,table_pick,1,0.048,1917,true,0.000043822,0.000032591,1,5
capt_simd,panda,table_pick,1,0.048,1917,true,0.000052268,0.001019706,1,5
primitive,panda,table_pick,2,0.048,2903,true,0.00004249,0.00000025,6,7
mvtable,panda,table_pick,2,0.048,2903,true,0.000068569,0.00005839,6,7
mvtable_mutable,panda,table_pick,2,0.048,2903,true,0.000074469,0.00007446,6,7
mvtable_cpp,panda,table_pick,2,0.048,2903,true,0.000081633,0.000046257,6,7
capt,panda,table_pick,2,0.048,2903,true,0.000158648,0.002393207,6,7
kiddo,panda,table_pick,2,0.048,2903,true,0.000279074,0.000073629,6,7
mvtable_simd,panda,table_pick,2,0.048,2903,true,0.000061366,0.000063369,6,7
mvtable_mutable_simd,panda,table_pick,2,0.048,2903,true,0.000060393,0.000070052,6,7
mvt_cpp_simd,panda,table_pick,2,0.048,2903,true,0.00006379,0.000045956,6,7
capt_simd,panda,table_pick,2,0.048,2903,true,0.000082455,0.00218769,6,7
primitive,panda,table_pick,3,0.048,1948,true,0.000040917,0.000000211,33,6
mvtable,panda,table_pick,3,0.048,1948,true,0.000065323,0.000045245,25,6
mvtable_mutable,panda,table_pick,3,0.048,1948,true,0.000066065,0.000056577,25,6
mvtable_cpp,panda,table_pick,3,0.048,1948,true,0.000070172,0.000032361,25,6
capt,panda,table_pick,3,0.048,1948,true,0.000099256,0.001171742,25,6
kiddo,panda,table_pick,3,0.048,1948,true,0.0002609,0.000047599,25,6
mvtable_simd,panda,table_pick,3,0.048,1948,true,0.000058961,0.000044614,25,6
mvtable_mutable_simd,panda,table_pick,3,0.048,1948,true,0.000057769,0.000055895,25,6
mvt_cpp_simd,panda,table_pick,3,0.048,1948,true,0.000057488,0.000032171,25,6
capt_simd,panda,table_pick,3,0.048,1948,true,0.000073428,0.001188894,25,6
primitive,panda,table_pick,4,0.048,2931,true,0.000041478,0.000000221,13,6
mvtable,panda,table_pick,4,0.048,2931,true,0.000128291,0.000062687,15,9
mvtable_mutable,panda,table_pick,4,0.048,2931,true,0.000133872,0.000081583,15,9
mvtable_cpp,panda,table_pick,4,0.048,2931,true,0.000123862,0.000052669,15,9
capt,panda,table_pick,4,0.048,2931,true,0.000200857,0.002451296,15,9
kiddo,panda,table_pick,4,0.048,2931,true,0.000473239,0.000071824,15,9
mvtable_simd,panda,table_pick,4,0.048,2931,true,0.000120957,0.00005846,15,9
mvtable_mutable_simd,panda,table_pick,4,0.048,2931,true,0.00011714,0.000071394,15,9
mvt_cpp_simd,panda,table_pick,4,0.048,2931,true,0.000105909,0.000058911,15,9
capt_simd,panda,table_pick,4,0.048,2931,true,0.000123341,0.002318787,15,9
primitive,panda,table_pick,5,0.048,1918,true,0.000046838,0.00000025,27,6
mvtable,panda,table_pick,5,0.048,1918,true,0.000082435,0.000045024,27,6
mvtable_mutable,panda,table_pick,5,0.048,1918,true,0.00007955,0.000056236,27,6
mvtable_cpp,panda,table_pick,5,0.048,1918,true,0.000082074,0.000038152,27,6
capt,panda,table_pick,5,0.048,1918,true,0.000102923,0.001214512,27,6
kiddo,panda,table_pick,5,0.048,1918,true,0.000246032,0.000047579,27,6
mvtable_simd,panda,table_pick,5,0.048,1918,true,0.00008013,0.000045185,27,6
mvtable_mutable_simd,panda,table_pick,5,0.048,1918,true,0.000071684,0.000056165,27,6
mvt_cpp_simd,panda,table_pick,5,0.048,1918,true,0.000072437,0.000038092,27,6
capt_simd,panda,table_pick,5,0.048,1918,true,0.000082035,0.001187692,27,6
primitive,panda,table_pick,6,0.048,1918,true,0.000032821,0.00000023,12,5
mvtable,panda,table_pick,6,0.048,1918,true,0.00010633,0.000045215,9,9
mvtable_mutable,panda,table_pick,6,0.048,1918,true,0.00011155,0.000056356,9,9
mvtable_cpp,panda,table_pick,6,0.048,1918,true,0.000112671,0.000033102,9,9
capt,panda,table_pick,6,0.048,1918,true,0.000190398,0.00098978,9,9
kiddo,panda,table_pick,6,0.048,1918,true,0.000374744,0.000044303,9,9
mvtable_simd,panda,table_pick,6,0.048,1918,true,0.000097103,0.000044704,9,9
mvtable_mutable_simd,panda,table_pick,6,0.048,1918,true,0.000102443,0.000055975,9,9
mvt_cpp_simd,panda,table_pick,6,0.048,1918,true,0.000091793,0.000035487,9,9
capt_simd,panda,table_pick,6,0.048,1918,true,0.000104677,0.001026258,9,9
primitive,panda,table_pick,7,0.048,2933,true,0.000042069,0.000000291,41,6
mvtable,panda,table_pick,7,0.048,2933,true,0.000073288,0.000059582,41,6
mvtable_mutable,panda,table_pick,7,0.048,2933,true,0.000074139,0.000072196,41,6
mvtable_cpp,panda,table_pick,7,0.048,2933,true,0.000074019,0.000054973,41,6
capt,panda,table_pick,7,0.048,2933,true,0.000097693,0.002580659,41,6
kiddo,panda,table_pick,7,0.048,2933,true,0.000198543,0.000074059,41,6
mvtable_simd,panda,table_pick,7,0.048,2933,true,0.000071214,0.000060364,41,6
mvtable_mutable_simd,panda,table_pick,7,0.048,2933,true,0.000073689,0.000072547,41,6
mvt_cpp_simd,panda,table_pick,7,0.048,2933,true,0.000067146,0.000051718,41,6
capt_simd,panda,table_pick,7,0.048,2933,true,0.000077626,0.002387055,41,6
primitive,panda,table_pick,8,0.048,2863,true,0.000032651,0.000000231,3,5
mvtable,panda,table_pick,8,0.048,2863,true,0.000039324,0.00005869,3,5
mvtable_mutable,panda,table_pick,8,0.048,2863,true,0.000038733,0.000072826,3,5
mvtable_cpp,panda,table_pick,8,0.048,2863,true,0.000049563,0.00004272,3,5
capt,panda,table_pick,8,0.048,2863,true,0.000079399,0.002610635,3,5
kiddo,panda,table_pick,8,0.048,2863,true,0.000200496,0.000072336,3,5
mvtable_simd,panda,table_pick,8,0.048,2863,true,0.00003192,0.000057377,3,5
mvtable_mutable_simd,panda,table_pick,8,0.048,2863,true,0.000031199,0.000071595,3,5
mvt_cpp_simd,panda,table_pick,8,0.048,2863,true,0.000036659,0.000040596,3,5
capt_simd,panda,table_pick,8,0.048,2863,true,0.000051917,0.00229356,3,5
primitive,panda,table_pick,9,0.048,2972,true,0.000052789,0.00000032,28,6
mvtable,panda,table_pick,9,0.048,2972,true,0.000077696,0.000060624,12,8
mvtable_mutable,panda,table_pick,9,0.048,2972,true,0.000078287,0.00007448,12,8
mvtable_cpp,panda,table_pick,9,0.048,2972,true,0.000091562,0.000050836,12,8
capt,panda,table_pick,9,0.048,2972,true,0.000136306,0.002617529,12,8
kiddo,panda,table_pick,9,0.048,2972,true,0.000387397,0.000073939,12,8
mvtable_simd,panda,table_pick,9,0.048,2972,true,0.000071835,0.000065253,12,8
mvtable_mutable_simd,panda,table_pick,9,0.048,2972,true,0.000071374,0.000087264,12,8
mvt_cpp_simd,panda,table_pick,9,0.048,2972,true,0.000072125,0.000047529,12,8
capt_simd,panda,table_pick,9,0.048,2972,true,0.000092323,0.002436058,12,8
primitive,panda,table_pick,10,0.048,2936,true,0.000030337,0.00000022,11,5
mvtable,panda,table_pick,10,0.048,2936,true,0.000049974,0.000058139,11,5
mvtable_mutable,panda,table_pick,10,0.048,2936,true,0.000049773,0.000072075,11,5
mvtable_cpp,panda,table_pick,10,0.048,2936,true,0.000048652,0.000049533,11,5
capt,panda,table_pick,10,0.048,2936,true,0.000069591,0.002681638,11,5
kiddo,panda,table_pick,10,0.048,2936,true,0.000250731,0.000074059,11,5
mvtable_simd,panda,table_pick,10,0.048,2936,true,0.000050966,0.000062538,11,5
mvtable_mutable_simd,panda,table_pick,10,0.048,2936,true,0.000044955,0.000072016,11,5
mvt_cpp_simd,panda,table_pick,10,0.048,2936,true,0.00004211,0.000049433,11,5
capt_simd,panda,table_pick,10,0.048,2936,true,0.000049062,0.002380663,11,5
primitive,panda,table_pick,11,0.048,2931,true,0.000034184,0.00000023,11,5
mvtable,panda,table_pick,11,0.048,2931,true,0.000036479,0.000063479,11,5
mvtable_mutable,panda,table_pick,11,0.048,2931,true,0.000036168,0.000073377,11,5
mvtable_cpp,panda,table_pick,11,0.048,2931,true,0.000044163,0.00003188,11,5
capt,panda,table_pick,11,0.048,2931,true,0.000050174,0.002579707,11,5
kiddo,panda,table_pick,11,0.048,2931,true,0.000217579,0.000077916,11,5
mvtable_simd,panda,table_pick,11,0.048,2931,true,0.000032601,0.000061114,11,5
mvtable_mutable_simd,panda,table_pick,11,0.048,2931,true,0.000031339,0.000088235,11,5
mvt_cpp_simd,panda,table_pick,11,0.048,2931,true,0.000035446,0.000031549,11,5
capt_simd,panda,table_pick,11,0.048,2931,true,0.000046948,0.002353632,11,5
primitive,panda,table_pick,12,0.048,2880,true,0.000030838,0.000000211,4,5
mvtable,panda,table_pick,12,0.048,2880,true,0.000043481,0.00005868,4,5
mvtable_mutable,panda,table_pick,12,0.048,2880,true,0.000042931,0.000072737,4,5
mvtable_cpp,panda,table_pick,12,0.048,2880,true,0.000048802,0.00003199,4,5
capt,panda,table_pick,12,0.048,2880,true,0.000064441,0.00257574,4,5
kiddo,panda,table_pick,12,0.048,2880,true,0.000204163,0.000071093,4,5
mvtable_simd,panda,table_pick,12,0.048,2880,true,0.000039765,0.000057909,4,5
mvtable_mutable_simd,panda,table_pick,12,0.048,2880,true,0.000037871,0.000071885,4,5
mvt_cpp_simd,panda,table_pick,12,0.048,2880,true,0.000041688,0.000031519,4,5
capt_simd,panda,table_pick,12,0.048,2880,true,0.000052098,0.002409096,4,5
primitive,panda,table_pick,13,0.048,1950,true,0.000031249,0.00000019,6,5
mvtable,panda,table_pick,13,0.048,1950,true,0.000057708,0.000049012,6,6
mvtable_mutable,panda,table_pick,13,0.048,1950,true,0.000057888,0.000068148,6,6
mvtable_cpp,panda,table_pick,13,0.048,1950,true,0.000058179,0.000034034,6,6
capt,panda,table_pick,13,0.048,1950,true,0.000071404,0.001173335,6,6
kiddo,panda,table_pick,13,0.048,1950,true,0.00019166,0.000046257,6,6
mvtable_simd,panda,table_pick,13,0.048,1950,true,0.00005292,0.000044975,6,6
mvtable_mutable_simd,panda,table_pick,13,0.048,1950,true,0.000052679,0.000056116,6,6
mvt_cpp_simd,panda,table_pick,13,0.048,1950,true,0.000049624,0.000033503,6,6
capt_simd,panda,table_pick,13,0.048,1950,true,0.000060844,0.001171341,6,6
primitive,panda,table_pick,14,0.048,2980,true,0.000046437,0.00000022,4,6
mvtable,panda,table_pick,14,0.048,2980,true,0.00005329,0.000059282,4,6
mvtable_mutable,panda,table_pick,14,0.048,2980,true,0.0000532,0.000072857,4,6
mvtable_cpp,panda,table_pick,14,0.048,2980,true,0.000059372,0.000047129,4,6
capt,panda,table_pick,14,0.048,2980,true,0.000093906,0.00244772,4,6
kiddo,panda,table_pick,14,0.048,2980,true,0.000236163,0.000080582,4,6
mvtable_simd,panda,table_pick,14,0.048,2980,true,0.000047769,0.000058891,4,6
mvtable_mutable_simd,panda,table_pick,14,0.048,2980,true,0.000047058,0.000072957,4,6
mvt_cpp_simd,panda,table_pick,14,0.048,2980,true,0.000048471,0.000047168,4,6
capt_simd,panda,table_pick,14,0.048,2980,true,0.000072757,0.002329778,4,6
primitive,panda,table_pick,15,0.048,2926,true,0.000027261,0.00000021,1,5
mvtable,panda,table_pick,15,0.048,2926,true,0.000040716,0.00005851,1,5
mvtable_mutable,panda,table_pick,15,0.048,2926,true,0.000040947,0.000072356,1,5
mvtable_cpp,panda,table_pick,15,0.048,2926,true,0.000046888,0.000046578,1,5
capt,panda,table_pick,15,0.048,2926,true,0.000060594,0.002713298,1,5
kiddo,panda,table_pick,15,0.048,2926,true,0.000216938,0.000074109,1,5
mvtable_simd,panda,table_pick,15,0.048,2926,true,0.000039845,0.000064311,1,5
mvtable_mutable_simd,panda,table_pick,15,0.048,2926,true,0.000039034,0.000083246,1,5
mvt_cpp_simd,panda,table_pick,15,0.048,2926,true,0.000039915,0.00004785,1,5
capt_simd,panda,table_pick,15,0.048,2926,true,0.000048771,0.002404248,1,5
primitive,panda,table_pick,16,0.048,2922,true,0.000039054,0.000000531,7,6
mvtable,panda,table_pick,16,0.048,2922,true,0.000048591,0.000067858,6,6
mvtable_mutable,panda,table_pick,16,0.048,2922,true,0.000046988,0.000072517,6,6
mvtable_cpp,panda,table_pick,16,0.048,2922,true,0.000064101,0.00003741,6,6
capt,panda,table_pick,16,0.048,2922,true,0.000081473,0.002598051,6,6
kiddo,panda,table_pick,16,0.048,2922,true,0.000261531,0.000072787,6,6
mvtable_simd,panda,table_pick,16,0.048,2922,true,0.000040746,0.00005895,6,6
mvtable_mutable_simd,panda,table_pick,16,0.048,2922,true,0.000040556,0.000072055,6,6
mvt_cpp_simd,panda,table_pick,16,0.048,2922,true,0.000046378,0.000039013,6,6
capt_simd,panda,table_pick,16,0.048,2922,true,0.000059713,0.002391934,6,6
primitive,panda,table_pick,17,0.048,2965,true,0.000050504,0.000000221,6,9
mvtable,panda,table_pick,17,0.048,2965,true,0.000105147,0.000060604,6,9
mvtable_mutable,panda,table_pick,17,0.048,2965,true,0.00010651,0.000073198,6,9
mvtable_cpp,panda,table_pick,17,0.048,2965,true,0.000113083,0.000052488,6,9
capt,panda,table_pick,17,0.048,2965,true,0.000158678,0.002743505,6,9
kiddo,panda,table_pick,17,0.048,2965,true,0.000360828,0.000084729,6,9
mvtable_simd,panda,table_pick,17,0.048,2965,true,0.000097332,0.000059843,6,9
mvtable_mutable_simd,panda,table_pick,17,0.048,2965,true,0.000094147,0.000073037,6,9
mvt_cpp_simd,panda,table_pick,17,0.048,2965,true,0.00009038,0.000052338,6,9
capt_simd,panda,table_pick,17,0.048,2965,true,0.000104326,0.00247482,6,9
primitive,panda,table_pick,18,0.048,2961,true,0.000025157,0.000000221,1,4
mvtable,panda,table_pick,18,0.048,2961,true,0.000045005,0.000060233,1,4
mvtable_mutable,panda,table_pick,18,0.048,2961,true,0.000051848,0.000073889,1,4
mvtable_cpp,panda,table_pick,18,0.048,2961,true,0.00004783,0.000047529,1,4
capt,panda,table_pick,18,0.048,2961,true,0.000058139,0.002594635,1,4
kiddo,panda,table_pick,18,0.048,2961,true,0.000169478,0.000072567,1,4
mvtable_simd,panda,table_pick,18,0.048,2961,true,0.000041488,0.000059331,1,4
mvtable_mutable_simd,panda,table_pick,18,0.048,2961,true,0.000040857,0.000072506,1,4
mvt_cpp_simd,panda,table_pick,18,0.048,2961,true,0.000038903,0.000047529,1,4
capt_simd,panda,table_pick,18,0.048,2961,true,0.000039644,0.002369182,1,4
primitive,panda,table_pick,19,0.048,2922,true,0.000033283,0.00000021,12,6
mvtable,panda,table_pick,19,0.048,2922,true,0.000040196,0.000057408,12,6
mvtable_mutable,panda,table_pick,19,0.048,2922,true,0.000039534,0.000070713,12,6
mvtable_cpp,panda,table_pick,19,0.048,2922,true,0.000050264,0.000049813,12,6
capt,panda,table_pick,19,0.048,2922,true,0.000065262,0.002644359,12,6
kiddo,panda,table_pick,19,0.048,2922,true,0.000234581,0.000073568,12,6
mvtable_simd,panda,table_pick,19,0.048,2922,true,0.000035226,0.000057248,12,6
mvtable_mutable_simd,panda,table_pick,19,0.048,2922,true,0.000035016,0.000071154,12,6
mvt_cpp_simd,panda,table_pick,19,0.048,2922,true,0.000039805,0.000049102,12,6
capt_simd,panda,table_pick,19,0.048,2922,true,0.000053761,0.002483466,12,6
primitive,panda,table_pick,20,0.048,1959,true,0.000057007,0.00000023,111,6
mvtable,panda,table_pick,20,0.048,1959,true,0.000092865,0.000045736,111,6
mvtable_mutable,panda,table_pick,20,0.048,1959,true,0.000093024,0.000056907,111,6
mvtable_cpp,panda,table_pick,20,0.048,1959,true,0.000107412,0.000042109,111,6
capt,panda,table_pick,20,0.048,1959,true,0.000135936,0.001185247,111,6
kiddo,panda,table_pick,20,0.048,1959,true,0.000405392,0.000044243,111,6
mvtable_simd,panda,table_pick,20,0.048,1959,true,0.000092144,0.000044434,111,6
mvtable_mutable_simd,panda,table_pick,20,0.048,1959,true,0.000082605,0.000055494,111,6
mvt_cpp_simd,panda,table_pick,20,0.048,1959,true,0.000087133,0.000035276,111,6
capt_simd,panda,table_pick,20,0.048,1959,true,0.000107461,0.001211657,111,6
primitive,panda,table_pick,21,0.048,2896,true,0.000093996,0.000000251,216,7
mvtable,panda,table_pick,21,0.048,2896,true,0.000051226,0.000057168,24,6
mvtable_mutable,panda,table_pick,21,0.048,2896,true,0.000055274,0.000070402,24,6
mvtable_cpp,panda,table_pick,21,0.048,2896,true,0.000064572,0.000034374,24,6
capt,panda,table_pick,21,0.048,2896,true,0.000076204,0.002535084,24,6
kiddo,panda,table_pick,21,0.048,2896,true,0.000305114,0.000075321,24,6
mvtable_simd,panda,table_pick,21,0.048,2896,true,0.000047439,0.000057498,24,6
mvtable_mutable_simd,panda,table_pick,21,0.048,2896,true,0.000046968,0.000070141,24,6
mvt_cpp_simd,panda,table_pick,21,0.048,2896,true,0.00004776,0.000033623,24,6
capt_simd,panda,table_pick,21,0.048,2896,true,0.000064441,0.002370835,24,6
primitive,panda,table_pick,22,0.048,2989,true,0.00015956,0.00000023,320,9
mvtable,panda,table_pick,22,0.048,2989,true,0.000278934,0.000061446,320,9
mvtable_mutable,panda,table_pick,22,0.048,2989,true,0.000333918,0.000077746,320,9
mvtable_cpp,panda,table_pick,22,0.048,2989,true,0.000280116,0.000049312,320,9
capt,panda,table_pick,22,0.048,2989,true,0.000456298,0.002713469,320,9
kiddo,panda,table_pick,22,0.048,2989,true,0.000821033,0.000076674,320,9
mvtable_simd,panda,table_pick,22,0.048,2989,true,0.000265879,0.000060734,320,9
mvtable_mutable_simd,panda,table_pick,22,0.048,2989,true,0.00025569,0.000078297,320,9
mvt_cpp_simd,panda,table_pick,22,0.048,2989,true,0.000239851,0.000046888,320,9
capt_simd,panda,table_pick,22,0.048,2989,true,0.000311334,0.002486692,320,9
primitive,panda,table_pick,23,0.048,2915,true,0.000033313,0.000000231,9,5
mvtable,panda,table_pick,23,0.048,2915,true,0.000064381,0.000060243,9,7
mvtable_mutable,panda,table_pick,23,0.048,2915,true,0.000062186,0.000078517,9,7
mvtable_cpp,panda,table_pick,23,0.048,2915,true,0.000083717,0.000030717,9,7
capt,panda,table_pick,23,0.048,2915,true,0.000136697,0.002576251,9,7
kiddo,panda,table_pick,23,0.048,2915,true,0.0003142,0.000079339,9,7
mvtable_simd,panda,table_pick,23,0.048,2915,true,0.000056776,0.000058931,9,7
mvtable_mutable_simd,panda,table_pick,23,0.048,2915,true,0.000056046,0.000072366,9,7
mvt_cpp_simd,panda,table_pick,23,0.048,2915,true,0.00006375,0.000030828,9,7
capt_simd,panda,table_pick,23,0.048,2915,true,0.000084178,0.002387165,9,7
primitive,panda,table_pick,24,0.048,2906,true,0.000036398,0.000000221,2,7
mvtable,panda,table_pick,24,0.048,2906,true,0.000084629,0.000058169,2,7
mvtable_mutable,panda,table_pick,24,0.048,2906,true,0.000110949,0.000082796,2,7
mvtable_cpp,panda,table_pick,24,0.048,2906,true,0.000084489,0.000046467,2,7
capt,panda,table_pick,24,0.048,2906,true,0.000125456,0.002662182,2,7
kiddo,panda,table_pick,24,0.048,2906,true,0.000264386,0.00007471,2,7
mvtable_simd,panda,table_pick,24,0.048,2906,true,0.000075933,0.000058691,2,7
mvtable_mutable_simd,panda,table_pick,24,0.048,2906,true,0.000074049,0.000070843,2,7
mvt_cpp_simd,panda,table_pick,24,0.048,2906,true,0.000062427,0.000044694,2,7
capt_simd,panda,table_pick,24,0.048,2906,true,0.000074901,0.002436257,2,7
primitive,panda,table_pick,25,0.048,2964,true,0.000049734,0.00000021,75,7
mvtable,panda,table_pick,25,0.048,2964,true,0.000091261,0.000059021,75,7
mvtable_mutable,panda,table_pick,25,0.048,2964,true,0.000091693,0.000073468,75,7
mvtable_cpp,panda,table_pick,25,0.048,2964,true,0.000089168,0.000049373,75,7
capt,panda,table_pick,25,0.048,2964,true,0.000103965,0.002637345,75,7
kiddo,panda,table_pick,25,0.048,2964,true,0.000380495,0.000075382,75,7
mvtable_simd,panda,table_pick,25,0.048,2964,true,0.000084599,0.000059241,75,7
mvtable_mutable_simd,panda,table_pick,25,0.048,2964,true,0.000082264,0.000073178,75,7
mvt_cpp_simd,panda,table_pick,25,0.048,2964,true,0.000077305,0.000049693,75,7
capt_simd,panda,table_pick,25,0.048,2964,true,0.00009587,0.002431348,75,7
primitive,panda,table_pick,26,0.048,1943,true,0.000034455,0.00000022,6,5
mvtable,panda,table_pick,26,0.048,1943,true,0.000089368,0.000046197,6,7
mvtable_mutable,panda,table_pick,26,0.048,1943,true,0.000075943,0.00005878,6,7
mvtable_cpp,panda,table_pick,26,0.048,1943,true,0.000081343,0.000031009,6,7
capt,panda,table_pick,26,0.048,1943,true,0.000102051,0.001226365,6,7
kiddo,panda,table_pick,26,0.048,1943,true,0.000312898,0.000045365,6,7
mvtable_simd,panda,table_pick,26,0.048,1943,true,0.000067467,0.000046307,6,7
mvtable_mutable_simd,panda,table_pick,26,0.048,1943,true,0.000065714,0.000057137,6,7
mvt_cpp_simd,panda,table_pick,26,0.048,1943,true,0.00006908,0.000030127,6,7
capt_simd,panda,table_pick,26,0.048,1943,true,0.00007447,0.00117659,6,7
primitive,panda,table_pick,27,0.048,2960,true,0.000115637,0.000000221,223,7
mvtable,panda,table_pick,27,0.048,2960,true,0.000184777,0.000061585,223,7
mvtable_mutable,panda,table_pick,27,0.048,2960,true,0.00018588,0.00007436,223,7
mvtable_cpp,panda,table_pick,27,0.048,2960,true,0.000192151,0.000043291,223,7
capt,panda,table_pick,27,0.048,2960,true,0.000279826,0.002476574,223,7
kiddo,panda,table_pick,27,0.048,2960,true,0.000566525,0.000073889,223,7
mvtable_simd,panda,table_pick,27,0.048,2960,true,0.000172034,0.000061435,223,7
mvtable_mutable_simd,panda,table_pick,27,0.048,2960,true,0.00017035,0.000073668,223,7
mvt_cpp_simd,panda,table_pick,27,0.048,2960,true,0.000169729,0.000044654,223,7
capt_simd,panda,table_pick,27,0.048,2960,true,0.000221096,0.0024374,223,7
primitive,panda,table_pick,28,0.048,2883,true,0.000045986,0.000000271,33,6
mvtable,panda,table_pick,28,0.048,2883,true,0.000092023,0.000057198,24,7
mvtable_mutable,panda,table_pick,28,0.048,2883,true,0.000094267,0.000070582,24,7
mvtable_cpp,panda,table_pick,28,0.048,2883,true,0.00012761,0.000050835,24,7
capt,panda,table_pick,28,0.048,2883,true,0.000135905,0.002651392,24,7
kiddo,panda,table_pick,28,0.048,2883,true,0.000385985,0.000075792,24,7
mvtable_simd,panda,table_pick,28,0.048,2883,true,0.000087755,0.000056747,24,7
mvtable_mutable_simd,panda,table_pick,28,0.048,2883,true,0.000086322,0.000070042,24,7
mvt_cpp_simd,panda,table_pick,28,0.048,2883,true,0.000099387,0.000050545,24,7
capt_simd,panda,table_pick,28,0.048,2883,true,0.000108153,0.002482785,24,7
primitive,panda,table_pick,29,0.048,2955,true,0.000048471,0.000000441,34,6
mvtable,panda,table_pick,29,0.048,2955,true,0.000087434,0.000059272,34,6
mvtable_mutable,panda,table_pick,29,0.048,2955,true,0.000087505,0.000072957,34,6
mvtable_cpp,panda,table_pick,29,0.048,2955,true,0.000104246,0.000049703,34,6
capt,panda,table_pick,29,0.048,2955,true,0.000132278,0.002645631,34,6
kiddo,panda,table_pick,29,0.048,2955,true,0.000348325,0.000075141,34,6
mvtable_simd,panda,table_pick,29,0.048,2955,true,0.000078036,0.000058741,34,6
mvtable_mutable_simd,panda,table_pick,29,0.048,2955,true,0.000075352,0.000072796,34,6
mvt_cpp_simd,panda,table_pick,29,0.048,2955,true,0.000073518,0.000049092,34,6
capt_simd,panda,table_pick,29,0.048,2955,true,0.000092253,0.002434485,34,6
primitive,panda,table_pick,30,0.048,2974,true,0.000031008,0.00000024,6,6
mvtable,panda,table_pick,30,0.048,2974,true,0.000052558,0.000061255,6,6
mvtable_mutable,panda,table_pick,30,0.048,2974,true,0.0000533,0.00007444,6,6
mvtable_cpp,panda,table_pick,30,0.048,2974,true,0.000059372,0.000050986,6,6
capt,panda,table_pick,30,0.048,2974,true,0.000075041,0.002673003,6,6
kiddo,panda,table_pick,30,0.048,2974,true,0.000245712,0.000075562,6,6
mvtable_simd,panda,table_pick,30,0.048,2974,true,0.000049102,0.000062247,6,6
mvtable_mutable_simd,panda,table_pick,30,0.048,2974,true,0.00004772,0.000073849,6,6
mvt_cpp_simd,panda,table_pick,30,0.048,2974,true,0.00004798,0.000050596,6,6
capt_simd,panda,table_pick,30,0.048,2974,true,0.000057348,0.002473848,6,6
primitive,panda,table_pick,31,0.048,1944,true,0.000027612,0.000000271,1,5
mvtable,panda,table_pick,31,0.048,1944,true,0.000051176,0.000050736,1,5
mvtable_mutable,panda,table_pick,31,0.048,1944,true,0.000050495,0.000057218,1,5
mvtable_cpp,panda,table_pick,31,0.048,1944,true,0.000049894,0.000033523,1,5
capt,panda,table_pick,31,0.048,1944,true,0.000048371,0.001156874,1,5
kiddo,panda,table_pick,31,0.048,1944,true,0.00013829,0.000046969,1,5
mvtable_simd,panda,table_pick,31,0.048,1944,true,0.000052649,0.000045606,1,5
mvtable_mutable_simd,panda,table_pick,31,0.048,1944,true,0.000045997,0.000056837,1,5
mvt_cpp_simd,panda,table_pick,31,0.048,1944,true,0.000041598,0.000032541,1,5
capt_simd,panda,table_pick,31,0.048,1944,true,0.000040196,0.00116543,1,5
primitive,panda,table_pick,32,0.048,2951,true,0.000456197,0.000000231,1705,5
mvtable,panda,table_pick,32,0.048,2951,true,0.000089608,0.000060384,46,5
mvtable_mutable,panda,table_pick,32,0.048,2951,true,0.00008537,0.000073178,46,5
mvtable_cpp,panda,table_pick,32,0.048,2951,true,0.000086423,0.000050254,46,5
capt,panda,table_pick,32,0.048,2951,true,0.000107752,0.002465964,46,5
kiddo,panda,table_pick,32,0.048,2951,true,0.000275528,0.000081423,46,5
mvtable_simd,panda,table_pick,32,0.048,2951,true,0.000077927,0.000059892,46,5
mvtable_mutable_simd,panda,table_pick,32,0.048,2951,true,0.000077225,0.000073609,46,5
mvt_cpp_simd,panda,table_pick,32,0.048,2951,true,0.000075502,0.000047178,46,5
capt_simd,panda,table_pick,32,0.048,2951,true,0.000085401,0.002344997,46,5
primitive,panda,table_pick,33,0.048,1976,true,0.000027261,0.0000003,1,5
mvtable,panda,table_pick,33,0.048,1976,true,0.000048912,0.000047019,1,5
mvtable_mutable,panda,table_pick,33,0.048,1976,true,0.000049664,0.000057929,1,5
mvtable_cpp,panda,table_pick,33,0.048,1976,true,0.00004791,0.000034975,1,5
capt,panda,table_pick,33,0.048,1976,true,0.000062217,0.001213971,1,5
kiddo,panda,table_pick,33,0.048,1976,true,0.000174859,0.000045986,1,5
mvtable_simd,panda,table_pick,33,0.048,1976,true,0.000045565,0.000046948,1,5
mvtable_mutable_simd,panda,table_pick,33,0.048,1976,true,0.000044674,0.000057468,1,5
mvt_cpp_simd,panda,table_pick,33,0.048,1976,true,0.000041238,0.000034915,1,5
capt_simd,panda,table_pick,33,0.048,1976,true,0.000046708,0.001200876,1,5
primitive,panda,table_pick,34,0.048,2955,true,0.000043862,0.00000024,58,5
mvtable,panda,table_pick,34,0.048,2955,true,0.000078047,0.000059422,58,5
mvtable_mutable,panda,table_pick,34,0.048,2955,true,0.000073057,0.000073177,58,5
mvtable_cpp,panda,table_pick,34,0.048,2955,true,0.000078788,0.000053821,58,5
capt,panda,table_pick,34,0.048,2955,true,0.000091301,0.002509685,58,5
kiddo,panda,table_pick,34,0.048,2955,true,0.00023943,0.000094157,58,5
mvtable_simd,panda,table_pick,34,0.048,2955,true,0.000068268,0.000059532,58,5
mvtable_mutable_simd,panda,table_pick,34,0.048,2955,true,0.000067517,0.000073638,58,5
mvt_cpp_simd,panda,table_pick,34,0.048,2955,true,0.000066465,0.000050084,58,5
capt_simd,panda,table_pick,34,0.048,2955,true,0.000078267,0.002393518,58,5
primitive,panda,table_pick,35,0.048,1905,true,0.000043491,0.000000331,33,5
mvtable,panda,table_pick,35,0.048,1905,true,0.000053891,0.000045566,3,5
mvtable_mutable,panda,table_pick,35,0.048,1905,true,0.000051366,0.000056215,3,5
mvtable_cpp,panda,table_pick,35,0.048,1905,true,0.000061556,0.000029376,3,5
capt,panda,table_pick,35,0.048,1905,true,0.00009043,0.001164388,3,5
kiddo,panda,table_pick,35,0.048,1905,true,0.00022896,0.000045906,3,5
mvtable_simd,panda,table_pick,35,0.048,1905,true,0.000051006,0.000045105,3,5
mvtable_mutable_simd,panda,table_pick,35,0.048,1905,true,0.000049372,0.000055183,3,5
mvt_cpp_simd,panda,table_pick,35,0.048,1905,true,0.000052539,0.000027262,3,5
capt_simd,panda,table_pick,35,0.048,1905,true,0.000065453,0.001164848,3,5
primitive,panda,table_pick,36,0.048,2906,true,0.000050244,0.00000024,33,6
mvtable,panda,table_pick,36,0.048,2906,true,0.000056115,0.000060053,4,6
mvtable_mutable,panda,table_pick,36,0.048,2906,true,0.000055464,0.000072686,4,6
mvtable_cpp,panda,table_pick,36,0.048,2906,true,0.000076835,0.000038883,4,6
capt,panda,table_pick,36,0.048,2906,true,0.000114715,0.002594434,4,6
kiddo,panda,table_pick,36,0.048,2906,true,0.000261451,0.000080401,4,6
mvtable_simd,panda,table_pick,36,0.048,2906,true,0.000049032,0.000059952,4,6
mvtable_mutable_simd,panda,table_pick,36,0.048,2906,true,0.000046547,0.000073668,4,6
mvt_cpp_simd,panda,table_pick,36,0.048,2906,true,0.000055314,0.000039183,4,6
capt_simd,panda,table_pick,36,0.048,2906,true,0.00007437,0.002414787,4,6
primitive,panda,table_pick,37,0.048,2950,true,0.000024947,0.00000022,1,4
mvtable,panda,table_pick,37,0.048,2950,true,0.000051406,0.000061405,1,4
mvtable_mutable,panda,table_pick,37,0.048,2950,true,0.000066184,0.000074931,1,4
mvtable_cpp,panda,table_pick,37,0.048,2950,true,0.000049162,0.000045415,1,4
capt,panda,table_pick,37,0.048,2950,true,0.000064271,0.002672061,1,4
kiddo,panda,table_pick,37,0.048,2950,true,0.000193734,0.000076875,1,4
mvtable_simd,panda,table_pick,37,0.048,2950,true,0.000054051,0.000061345,1,4
mvtable_mutable_simd,panda,table_pick,37,0.048,2950,true,0.000048602,0.00007448,1,4
mvt_cpp_simd,panda,table_pick,37,0.048,2950,true,0.00004257,0.000044975,1,4
capt_simd,panda,table_pick,37,0.048,2950,true,0.000046317,0.00243214,1,4
primitive,panda,table_pick,38,0.048,2997,true,0.000038933,0.000000251,25,5
mvtable,panda,table_pick,38,0.048,2997,true,0.000076314,0.000059973,25,5
mvtable_mutable,panda,table_pick,38,0.048,2997,true,0.000076143,0.000074119,25,5
mvtable_cpp,panda,table_pick,38,0.048,2997,true,0.000073338,0.000046267,25,5
capt,panda,table_pick,38,0.048,2997,true,0.000104987,0.002661641,25,5
kiddo,panda,table_pick,38,0.048,2997,true,0.00021261,0.000078858,25,5
mvtable_simd,panda,table_pick,38,0.048,2997,true,0.000080882,0.000059742,25,5
mvtable_mutable_simd,panda,table_pick,38,0.048,2997,true,0.000068599,0.00007417,25,5
mvt_cpp_simd,panda,table_pick,38,0.048,2997,true,0.000064771,0.000047459,25,5
capt_simd,panda,table_pick,38,0.048,2997,true,0.000072897,0.002434444,25,5
primitive,panda,table_pick,39,0.048,2937,true,0.000031469,0.00000029,4,5
mvtable,panda,table_pick,39,0.048,2937,true,0.000073909,0.000059112,3,5
mvtable_mutable,panda,table_pick,39,0.048,2937,true,0.000073758,0.000073729,3,5
mvtable_cpp,panda,table_pick,39,0.048,2937,true,0.000073918,0.000048401,3,5
capt,panda,table_pick,39,0.048,2937,true,0.000096451,0.002628408,3,5
kiddo,panda,table_pick,39,0.048,2937,true,0.00031927,0.000075923,3,5
mvtable_simd,panda,table_pick,39,0.048,2937,true,0.000066214,0.000063219,3,5
mvtable_mutable_simd,panda,table_pick,39,0.048,2937,true,0.000078498,0.000089388,3,5
mvt_cpp_simd,panda,table_pick,39,0.048,2937,true,0.000061696,0.000048541,3,5
capt_simd,panda,table_pick,39,0.048,2937,true,0.00007431,0.002403556,3,5
primitive,panda,table_pick,40,0.048,1958,true,0.000029806,0.00000023,4,5
mvtable,panda,table_pick,40,0.048,1958,true,0.000070473,0.000052819,2,5
mvtable_mutable,panda,table_pick,40,0.048,1958,true,0.000064281,0.000057679,2,5
mvtable_cpp,panda,table_pick,40,0.048,1958,true,0.000057458,0.000030707,2,5
capt,panda,table_pick,40,0.048,1958,true,0.000058119,0.001204613,2,5
kiddo,panda,table_pick,40,0.048,1958,true,0.000197601,0.000043893,2,5
mvtable_simd,panda,table_pick,40,0.048,1958,true,0.000059862,0.000046307,2,5
mvtable_mutable_simd,panda,table_pick,40,0.048,1958,true,0.000057889,0.000069521,2,5
mvt_cpp_simd,panda,table_pick,40,0.048,1958,true,0.000049513,0.000030357,2,5
capt_simd,panda,table_pick,40,0.048,1958,true,0.000049373,0.001207068,2,5
mvtable,panda,table_pick,41,0.048,1908,true,0.000038442,0.000044343,5,5
mvtable_mutable,panda,table_pick,41,0.048,1908,true,0.00003694,0.000055364,5,5
mvtable_cpp,panda,table_pick,41,0.048,1908,true,0.000050325,0.00003727,5,5
capt,panda,table_pick,41,0.048,1908,true,0.000072486,0.00098959,5,5
kiddo,panda,table_pick,41,0.048,1908,true,0.000212089,0.000046067,5,5
mvtable_simd,panda,table_pick,41,0.048,1908,true,0.000033874,0.000044984,5,5
mvtable_mutable_simd,panda,table_pick,41,0.048,1908,true,0.000033242,0.000054833,5,5
mvt_cpp_simd,panda,table_pick,41,0.048,1908,true,0.00003728,0.000037641,5,5
capt_simd,panda,table_pick,41,0.048,1908,true,0.000048121,0.001003245,5,5
primitive,panda,table_pick,42,0.048,1937,true,0.000044564,0.00000024,16,7
mvtable,panda,table_pick,42,0.048,1937,true,0.000095669,0.000044724,12,8
mvtable_mutable,panda,table_pick,42,0.048,1937,true,0.000096902,0.000055094,12,8
mvtable_cpp,panda,table_pick,42,0.048,1937,true,0.000102582,0.000038723,12,8
capt,panda,table_pick,42,0.048,1937,true,0.000121247,0.000987886,12,8
kiddo,panda,table_pick,42,0.048,1937,true,0.000346371,0.000058781,12,8
mvtable_simd,panda,table_pick,42,0.048,1937,true,0.000087063,0.000044724,12,8
mvtable_mutable_simd,panda,table_pick,42,0.048,1937,true,0.000084569,0.000055585,12,8
mvt_cpp_simd,panda,table_pick,42,0.048,1937,true,0.000086773,0.000038553,12,8
capt_simd,panda,table_pick,42,0.048,1937,true,0.000090561,0.001018594,12,8
primitive,panda,table_pick,43,0.048,2962,true,0.000058961,0.000000221,41,8
mvtable,panda,table_pick,43,0.048,2962,true,0.000113273,0.000069811,41,8
mvtable_mutable,panda,table_pick,43,0.048,2962,true,0.000115547,0.0000742,41,8
mvtable_cpp,panda,table_pick,43,0.048,2962,true,0.000116258,0.000050545,41,8
capt,panda,table_pick,43,0.048,2962,true,0.00017552,0.002557315,41,8
kiddo,panda,table_pick,43,0.048,2962,true,0.000396154,0.00007463,41,8
mvtable_simd,panda,table_pick,43,0.048,2962,true,0.00010642,0.000060594,41,8
mvtable_mutable_simd,panda,table_pick,43,0.048,2962,true,0.000104997,0.000084509,41,8
mvt_cpp_simd,panda,table_pick,43,0.048,2962,true,0.000097884,0.000050685,41,8
capt_simd,panda,table_pick,43,0.048,2962,true,0.000115768,0.002391934,41,8
primitive,panda,table_pick,44,0.048,1909,true,0.000041518,0.00000024,45,6
mvtable,panda,table_pick,44,0.048,1909,true,0.000061005,0.000045706,45,6
mvtable_mutable,panda,table_pick,44,0.048,1909,true,0.000065734,0.000056416,45,6
mvtable_cpp,panda,table_pick,44,0.048,1909,true,0.000065423,0.000040266,45,6
capt,panda,table_pick,44,0.048,1909,true,0.000083526,0.00120246,45,6
kiddo,panda,table_pick,44,0.048,1909,true,0.000232797,0.000045916,45,6
mvtable_simd,panda,table_pick,44,0.048,1909,true,0.000056826,0.000045305,45,6
mvtable_mutable_simd,panda,table_pick,44,0.048,1909,true,0.000055795,0.000055665,45,6
mvt_cpp_simd,panda,table_pick,44,0.048,1909,true,0.000054923,0.000039996,45,6
capt_simd,panda,table_pick,44,0.048,1909,true,0.000069311,0.001199645,45,6
primitive,panda,table_pick,45,0.048,2964,true,0.000059311,0.00000023,16,9
mvtable,panda,table_pick,45,0.048,2964,true,0.000050996,0.000061776,6,5
mvtable_mutable,panda,table_pick,45,0.048,2964,true,0.000055565,0.000076644,6,5
mvtable_cpp,panda,table_pick,45,0.048,2964,true,0.000064912,0.000040767,6,5
capt,panda,table_pick,45,0.048,2964,true,0.000078978,0.00257585,6,5
kiddo,panda,table_pick,45,0.048,2964,true,0.000296026,0.000075532,6,5
mvtable_simd,panda,table_pick,45,0.048,2964,true,0.000045205,0.000061976,6,5
mvtable_mutable_simd,panda,table_pick,45,0.048,2964,true,0.000043782,0.000079449,6,5
mvt_cpp_simd,panda,table_pick,45,0.048,2964,true,0.000048892,0.000040236,6,5
capt_simd,panda,table_pick,45,0.048,2964,true,0.000067697,0.002425637,6,5
primitive,panda,table_pick,46,0.048,2999,true,0.000041367,0.000000231,38,5
mvtable,panda,table_pick,46,0.048,2999,true,0.000083297,0.000061626,38,5
mvtable_mutable,panda,table_pick,46,0.048,2999,true,0.000083537,0.000075823,38,5
mvtable_cpp,panda,table_pick,46,0.048,2999,true,0.000081793,0.000053611,38,5
capt,panda,table_pick,46,0.048,2999,true,0.000102262,0.00266097,38,5
kiddo,panda,table_pick,46,0.048,2999,true,0.000249759,0.000072756,38,5
mvtable_simd,panda,table_pick,46,0.048,2999,true,0.000077886,0.000061045,38,5
mvtable_mutable_simd,panda,table_pick,46,0.048,2999,true,0.000075452,0.00007473,38,5
mvt_cpp_simd,panda,table_pick,46,0.048,2999,true,0.000071484,0.000053601,38,5
capt_simd,panda,table_pick,46,0.048,2999,true,0.000080762,0.002439453,38,5
primitive,panda,table_pick,47,0.048,2958,true,0.000052188,0.00000022,15,8
mvtable,panda,table_pick,47,0.048,2958,true,0.00010653,0.000061476,15,8
mvtable_mutable,panda,table_pick,47,0.048,2958,true,0.000103294,0.000073989,15,8
mvtable_cpp,panda,table_pick,47,0.048,2958,true,0.000100188,0.000052078,15,8
capt,panda,table_pick,47,0.048,2958,true,0.000151875,0.002606668,15,8
kiddo,panda,table_pick,47,0.048,2958,true,0.000414559,0.000076323,15,8
mvtable_simd,panda,table_pick,47,0.048,2958,true,0.000094467,0.000061145,15,8
mvtable_mutable_simd,panda,table_pick,47,0.048,2958,true,0.00009579,0.00007444,15,8
mvt_cpp_simd,panda,table_pick,47,0.048,2958,true,0.000084358,0.000052458,15,8
capt_simd,panda,table_pick,47,0.048,2958,true,0.000094818,0.002383549,15,8
primitive,panda,table_pick,48,0.048,3020,true,0.000044815,0.00000025,47,6
mvtable,panda,table_pick,48,0.048,3020,true,0.000086613,0.000060914,47,6
mvtable_mutable,panda,table_pick,48,0.048,3020,true,0.000086874,0.00007473,47,6
mvtable_cpp,panda,table_pick,48,0.048,3020,true,0.000086022,0.000049553,47,6
capt,panda,table_pick,48,0.048,3020,true,0.000123131,0.002625303,47,6
kiddo,panda,table_pick,48,0.048,3020,true,0.000299373,0.000077215,47,6
mvtable_simd,panda,table_pick,48,0.048,3020,true,0.000081723,0.000060233,47,6
mvtable_mutable_simd,panda,table_pick,48,0.048,3020,true,0.000079159,0.000074139,47,6
mvt_cpp_simd,panda,table_pick,48,0.048,3020,true,0.000073649,0.00005316,47,6
capt_simd,panda,table_pick,48,0.048,3020,true,0.000093035,0.002428904,47,6
primitive,panda,table_pick,49,0.048,2936,true,0.000042519,0.000000341,33,6
mvtable,panda,table_pick,49,0.048,2936,true,0.000072766,0.000065614,33,6
mvtable_mutable,panda,table_pick,49,0.048,2936,true,0.000068769,0.000085942,33,6
mvtable_cpp,panda,table_pick,49,0.048,2936,true,0.000073007,0.000048071,33,6
capt,panda,table_pick,49,0.048,2936,true,0.000100198,0.002631315,33,6
kiddo,panda,table_pick,49,0.048,2936,true,0.000348605,0.000071364,33,6
mvtable_simd,panda,table_pick,49,0.048,2936,true,0.000062437,0.000061125,33,6
mvtable_mutable_simd,panda,table_pick,49,0.048,2936,true,0.000060494,0.000073669,33,6
mvt_cpp_simd,panda,table_pick,49,0.048,2936,true,0.000061836,0.00004798,33,6
capt_simd,panda,table_pick,49,0.048,2936,true,0.000078818,0.002431969,33,6
primitive,panda,table_pick,50,0.048,2935,true,0.000033703,0.000000521,5,5
mvtable,panda,table_pick,50,0.048,2935,true,0.000060043,0.000060123,5,5
mvtable_mutable,panda,table_pick,50,0.048,2935,true,0.000060424,0.000073318,5,5
mvtable_cpp,panda,table_pick,50,0.048,2935,true,0.000062297,0.000054222,5,5
capt,panda,table_pick,50,0.048,2935,true,0.000078086,0.00277284,5,5
kiddo,panda,table_pick,50,0.048,2935,true,0.00016516,0.000076464,5,5
mvtable_simd,panda,table_pick,50,0.048,2935,true,0.0000587,0.000059462,5,5
mvtable_mutable_simd,panda,table_pick,50,0.048,2935,true,0.000058259,0.000085281,5,5
mvt_cpp_simd,panda,table_pick,50,0.048,2935,true,0.000054673,0.00005315,5,5
capt_simd,panda,table_pick,50,0.048,2935,true,0.000059823,0.00250685,5,5
primitive,panda,table_under_pick,1,0.048,2958,true,0.000047279,0.000000381,10,6
mvtable,panda,table_under_pick,1,0.048,2958,true,0.000075181,0.00005858,8,6
mvtable_mutable,panda,table_under_pick,1,0.048,2958,true,0.000075963,0.000072947,8,6
mvtable_cpp,panda,table_under_pick,1,0.048,2958,true,0.000076975,0.000054272,8,6
capt,panda,table_under_pick,1,0.048,2958,true,0.000079169,0.002659207,8,6
kiddo,panda,table_under_pick,1,0.048,2958,true,0.000330771,0.000075211,8,6
mvtable_simd,panda,table_under_pick,1,0.048,2958,true,0.000071875,0.000057148,8,6
mvtable_mutable_simd,panda,table_under_pick,1,0.048,2958,true,0.000069891,0.000071083,8,6
mvt_cpp_simd,panda,table_under_pick,1,0.048,2958,true,0.000066756,0.000048451,8,6
capt_simd,panda,table_under_pick,1,0.048,2958,true,0.000068458,0.002523061,8,6
primitive,panda,table_under_pick,2,0.048,2966,true,0.000147077,0.000000231,54,27
mvtable,panda,table_under_pick,2,0.048,2966,true,0.000299052,0.000059562,54,27
mvtable_mutable,panda,table_under_pick,2,0.048,2966,true,0.000287651,0.000073207,54,27
mvtable_cpp,panda,table_under_pick,2,0.048,2966,true,0.000269717,0.000052929,54,27
capt,panda,table_under_pick,2,0.048,2966,true,0.000312367,0.002632627,54,27
kiddo,panda,table_under_pick,2,0.048,2966,true,0.000943032,0.000075482,54,27
mvtable_simd,panda,table_under_pick,2,0.048,2966,true,0.000280267,0.000059001,54,27
mvtable_mutable_simd,panda,table_under_pick,2,0.048,2966,true,0.000272282,0.000072787,54,27
mvt_cpp_simd,panda,table_under_pick,2,0.048,2966,true,0.000232978,0.000052519,54,27
capt_simd,panda,table_under_pick,2,0.048,2966,true,0.000268866,0.002459632,54,27
primitive,panda,table_under_pick,3,0.048,2937,true,0.000048852,0.00000023,30,7
mvtable,panda,table_under_pick,3,0.048,2937,true,0.000082886,0.000068068,10,7
mvtable_mutable,panda,table_under_pick,3,0.048,2937,true,0.000083076,0.000073248,10,7
mvtable_cpp,panda,table_under_pick,3,0.048,2937,true,0.000086463,0.000046758,10,7
capt,panda,table_under_pick,3,0.048,2937,true,0.000111379,0.002582212,10,7
kiddo,panda,table_under_pick,3,0.048,2937,true,0.000299132,0.000070883,10,7
mvtable_simd,panda,table_under_pick,3,0.048,2937,true,0.000076734,0.000059421,10,7
mvtable_mutable_simd,panda,table_under_pick,3,0.048,2937,true,0.000075542,0.000073468,10,7
mvt_cpp_simd,panda,table_under_pick,3,0.048,2937,true,0.000071355,0.000046397,10,7
capt_simd,panda,table_under_pick,3,0.048,2937,true,0.000087444,0.002538009,10,7
primitive,panda,table_under_pick,4,0.048,2870,true,0.000068899,0.000000231,45,9
mvtable,panda,table_under_pick,4,0.048,2870,true,0.000095309,0.000063439,45,9
mvtable_mutable,panda,table_under_pick,4,0.048,2870,true,0.000094097,0.000070974,45,9
mvtable_cpp,panda,table_under_pick,4,0.048,2870,true,0.000115096,0.000047519,45,9
capt,panda,table_under_pick,4,0.048,2870,true,0.000163367,0.002516428,45,9
kiddo,panda,table_under_pick,4,0.048,2870,true,0.000583436,0.000074019,45,9
mvtable_simd,panda,table_under_pick,4,0.048,2870,true,0.000085861,0.000057287,45,9
mvtable_mutable_simd,panda,table_under_pick,4,0.048,2870,true,0.00008482,0.00007478,45,9
mvt_cpp_simd,panda,table_under_pick,4,0.048,2870,true,0.000093395,0.000046687,45,9
capt_simd,panda,table_under_pick,4,0.048,2870,true,0.000125416,0.002311293,45,9
primitive,panda,table_under_pick,5,0.048,1951,true,0.000091743,0.00000022,39,15
mvtable,panda,table_under_pick,5,0.048,1951,true,0.000235623,0.000046437,39,17
mvtable_mutable,panda,table_under_pick,5,0.048,1951,true,0.000234,0.000057438,39,17
mvtable_cpp,panda,table_under_pick,5,0.048,1951,true,0.000232717,0.000036869,39,17
capt,panda,table_under_pick,5,0.048,1951,true,0.00030343,0.001048099,38,17
kiddo,panda,table_under_pick,5,0.048,1951,true,0.000735362,0.000047259,39,17
mvtable_simd,panda,table_under_pick,5,0.048,1951,true,0.000225073,0.000046176,39,17
mvtable_mutable_simd,panda,table_under_pick,5,0.048,1951,true,0.000215475,0.000057398,39,17
mvt_cpp_simd,panda,table_under_pick,5,0.048,1951,true,0.000205316,0.000036709,39,17
capt_simd,panda,table_under_pick,5,0.048,1951,true,0.000229211,0.00113901,38,17
primitive,panda,table_under_pick,6,0.048,2901,true,0.000145814,0.000000301,215,10
mvtable,panda,table_under_pick,6,0.048,2901,true,0.000143279,0.000058651,114,11
mvtable_mutable,panda,table_under_pick,6,0.048,2901,true,0.000142388,0.000072125,114,11
mvtable_cpp,panda,table_under_pick,6,0.048,2901,true,0.000160211,0.000041237,114,11
capt,panda,table_under_pick,6,0.048,2901,true,0.000223781,0.002142736,114,11
kiddo,panda,table_under_pick,6,0.048,2901,true,0.00076686,0.000071404,114,11
mvtable_simd,panda,table_under_pick,6,0.048,2901,true,0.000132138,0.000058419,114,11
mvtable_mutable_simd,panda,table_under_pick,6,0.048,2901,true,0.000130205,0.000072516,114,11
mvt_cpp_simd,panda,table_under_pick,6,0.048,2901,true,0.000142798,0.0000422,114,11
capt_simd,panda,table_under_pick,6,0.048,2901,true,0.000192492,0.002079918,114,11
primitive,panda,table_under_pick,7,0.048,2959,true,0.000113353,0.00000022,57,16
mvtable,panda,table_under_pick,7,0.048,2959,true,0.00022358,0.000060915,56,14
mvtable_mutable,panda,table_under_pick,7,0.048,2959,true,0.000231896,0.000074159,56,14
mvtable_cpp,panda,table_under_pick,7,0.048,2959,true,0.000240312,0.000050786,56,14
capt,panda,table_under_pick,7,0.048,2959,true,0.000284935,0.002202217,56,14
kiddo,panda,table_under_pick,7,0.048,2959,true,0.000860326,0.000074249,56,14
mvtable_simd,panda,table_under_pick,7,0.048,2959,true,0.000214503,0.000060093,56,14
mvtable_mutable_simd,panda,table_under_pick,7,0.048,2959,true,0.000210876,0.000073077,56,14
mvt_cpp_simd,panda,table_under_pick,7,0.048,2959,true,0.000198122,0.000050645,56,14
capt_simd,panda,table_under_pick,7,0.048,2959,true,0.000222588,0.002174055,56,14
primitive,panda,table_under_pick,8,0.048,2952,true,0.000119114,0.000000531,27,21
mvtable,panda,table_under_pick,8,0.048,2952,true,0.000211778,0.000060434,27,21
mvtable_mutable,panda,table_under_pick,8,0.048,2952,true,0.000202741,0.000073699,27,21
mvtable_cpp,panda,table_under_pick,8,0.048,2952,true,0.000232587,0.000052859,27,21
capt,panda,table_under_pick,8,0.048,2952,true,0.000253296,0.002262181,27,21
kiddo,panda,table_under_pick,8,0.048,2952,true,0.000918506,0.000078828,27,21
mvtable_simd,panda,table_under_pick,8,0.048,2952,true,0.000189376,0.000060434,27,21
mvtable_mutable_simd,panda,table_under_pick,8,0.048,2952,true,0.000189717,0.000078869,27,21
mvt_cpp_simd,panda,table_under_pick,8,0.048,2952,true,0.000190438,0.000052489,27,21
capt_simd,panda,table_under_pick,8,0.048,2952,true,0.000211257,0.002213429,27,21
primitive,panda,table_under_pick,9,0.048,2939,true,0.000073238,0.000000221,16,13
mvtable,panda,table_under_pick,9,0.048,2939,true,0.000137769,0.000064541,16,13
mvtable_mutable,panda,table_under_pick,9,0.048,2939,true,0.000151314,0.000074179,16,13
mvtable_cpp,panda,table_under_pick,9,0.048,2939,true,0.000140494,0.000048461,16,13
capt,panda,table_under_pick,9,0.048,2939,true,0.000194175,0.002187981,16,13
kiddo,panda,table_under_pick,9,0.048,2939,true,0.000567416,0.000072457,16,13
mvtable_simd,panda,table_under_pick,9,0.048,2939,true,0.000130936,0.000060163,16,13
mvtable_mutable_simd,panda,table_under_pick,9,0.048,2939,true,0.00013338,0.000073588,16,13
mvt_cpp_simd,panda,table_under_pick,9,0.048,2939,true,0.000119975,0.000048812,16,13
capt_simd,panda,table_under_pick,9,0.048,2939,true,0.000130204,0.00211834,16,13
primitive,panda,table_under_pick,10,0.048,2946,true,0.000158739,0.00000038,69,25
mvtable,panda,table_under_pick,10,0.048,2946,true,0.000324409,0.000061115,69,27
mvtable_mutable,panda,table_under_pick,10,0.048,2946,true,0.000319681,0.00007416,69,27
mvtable_cpp,panda,table_under_pick,10,0.048,2946,true,0.000297109,0.000050214,69,27
capt,panda,table_under_pick,10,0.048,2946,true,0.000352011,0.002201366,69,27
kiddo,panda,table_under_pick,10,0.048,2946,true,0.000999828,0.000073528,69,27
mvtable_simd,panda,table_under_pick,10,0.048,2946,true,0.000295114,0.000060193,69,27
mvtable_mutable_simd,panda,table_under_pick,10,0.048,2946,true,0.000297689,0.000072897,69,27
mvt_cpp_simd,panda,table_under_pick,10,0.048,2946,true,0.000259818,0.000057308,69,27
capt_simd,panda,table_under_pick,10,0.048,2946,true,0.00029295,0.002123761,69,27
primitive,panda,table_under_pick,11,0.048,2856,true,0.00008531,0.00000043,23,15
mvtable,panda,table_under_pick,11,0.048,2856,true,0.000115948,0.000057458,23,15
mvtable_mutable,panda,table_under_pick,11,0.048,2856,true,0.000115136,0.000083968,23,15
mvtable_cpp,panda,table_under_pick,11,0.048,2856,true,0.000131928,0.000043281,23,15
capt,panda,table_under_pick,11,0.048,2856,true,0.000169649,0.002131716,23,15
kiddo,panda,table_under_pick,11,0.048,2856,true,0.000760759,0.000078548,23,15
mvtable_simd,panda,table_under_pick,11,0.048,2856,true,0.000103755,0.000057848,23,15
mvtable_mutable_simd,panda,table_under_pick,11,0.048,2856,true,0.00010147,0.000070994,23,15
mvt_cpp_simd,panda,table_under_pick,11,0.048,2856,true,0.00012281,0.000043672,23,15
capt_simd,panda,table_under_pick,11,0.048,2856,true,0.000147006,0.002056785,23,15
primitive,panda,table_under_pick,12,0.048,1913,true,0.000113644,0.00000022,43,19
mvtable,panda,table_under_pick,12,0.048,1913,true,0.000162816,0.000044303,43,16
mvtable_mutable,panda,table_under_pick,12,0.048,1913,true,0.00016526,0.000055724,43,16
mvtable_cpp,panda,table_under_pick,12,0.048,1913,true,0.000214143,0.000036058,43,16
capt,panda,table_under_pick,12,0.048,1913,true,0.000207159,0.000991001,43,16
kiddo,panda,table_under_pick,12,0.048,1913,true,0.000821804,0.000044564,43,16
mvtable_simd,panda,table_under_pick,12,0.048,1913,true,0.000145313,0.000044233,43,16
mvtable_mutable_simd,panda,table_under_pick,12,0.048,1913,true,0.000142768,0.000055455,43,16
mvt_cpp_simd,panda,table_under_pick,12,0.048,1913,true,0.000164749,0.000036338,43,16
capt_simd,panda,table_under_pick,12,0.048,1913,true,0.000189296,0.001012211,43,16
primitive,panda,table_under_pick,13,0.048,2911,true,0.000317748,0.00000023,1288,10
mvtable,panda,table_under_pick,13,0.048,2911,true,0.000178175,0.000059472,102,15
mvtable_mutable,panda,table_under_pick,13,0.048,2911,true,0.000184807,0.000071114,102,15
mvtable_cpp,panda,table_under_pick,13,0.048,2911,true,0.00019156,0.000052138,102,15
capt,panda,table_under_pick,13,0.048,2911,true,0.000209193,0.002181799,102,15
kiddo,panda,table_under_pick,13,0.048,2911,true,0.000626687,0.00007443,102,15
mvtable_simd,panda,table_under_pick,13,0.048,2911,true,0.000168837,0.000058529,102,15
mvtable_mutable_simd,panda,table_under_pick,13,0.048,2911,true,0.000166172,0.000071354,102,15
mvt_cpp_simd,panda,table_under_pick,13,0.048,2911,true,0.00015981,0.000051096,102,15
capt_simd,panda,table_under_pick,13,0.048,2911,true,0.000173697,0.002215182,102,15
primitive,panda,table_under_pick,14,0.048,2904,true,0.000073148,0.000000211,23,12
mvtable,panda,table_under_pick,14,0.048,2904,true,0.000193714,0.000059923,30,15
mvtable_mutable,panda,table_under_pick,14,0.048,2904,true,0.000200447,0.000072907,30,15
mvtable_cpp,panda,table_under_pick,14,0.048,2904,true,0.000212099,0.000053741,30,15
capt,panda,table_under_pick,14,0.048,2904,true,0.000219302,0.002213449,30,15
kiddo,panda,table_under_pick,14,0.048,2904,true,0.000602663,0.000075803,30,15
mvtable_simd,panda,table_under_pick,14,0.048,2904,true,0.000185328,0.000059531,30,15
mvtable_mutable_simd,panda,table_under_pick,14,0.048,2904,true,0.00018612,0.000072897,30,15
mvt_cpp_simd,panda,table_under_pick,14,0.048,2904,true,0.000186701,0.000052999,30,15
capt_simd,panda,table_under_pick,14,0.048,2904,true,0.000169418,0.002109604,30,15
primitive,panda,table_under_pick,15,0.048,2875,true,0.000145693,0.00000022,74,20
mvtable,panda,table_under_pick,15,0.048,2875,true,0.000208812,0.000057097,74,20
mvtable_mutable,panda,table_under_pick,15,0.048,2875,true,0.000215966,0.00006927,74,20
mvtable_cpp,panda,table_under_pick,15,0.048,2875,true,0.000238679,0.000043091,74,20
capt,panda,table_under_pick,15,0.048,2875,true,0.000354196,0.002130914,74,20
kiddo,panda,table_under_pick,15,0.048,2875,true,0.001187141,0.000076204,74,20
mvtable_simd,panda,table_under_pick,15,0.048,2875,true,0.000183455,0.000057247,74,20
mvtable_mutable_simd,panda,table_under_pick,15,0.048,2875,true,0.000181982,0.000069441,74,20
mvt_cpp_simd,panda,table_under_pick,15,0.048,2875,true,0.000197551,0.000043642,74,20
capt_simd,panda,table_under_pick,15,0.048,2875,true,0.000279024,0.002052417,74,20
primitive,panda,table_under_pick,16,0.048,2007,true,0.000128912,0.00000023,172,8
mvtable,panda,table_under_pick,16,0.048,2007,true,0.000158768,0.000046588,36,10
mvtable_mutable,panda,table_under_pick,16,0.048,2007,true,0.000161053,0.000057227,36,10
mvtable_cpp,panda,table_under_pick,16,0.048,2007,true,0.000184387,0.000038583,36,10
capt,panda,table_under_pick,16,0.048,2007,true,0.000256492,0.001055914,36,10
kiddo,panda,table_under_pick,16,0.048,2007,true,0.000749808,0.000046076,36,10
mvtable_simd,panda,table_under_pick,16,0.048,2007,true,0.000148198,0.000046888,36,10
mvtable_mutable_simd,panda,table_under_pick,16,0.048,2007,true,0.000145013,0.000057548,36,10
mvt_cpp_simd,panda,table_under_pick,16,0.048,2007,true,0.000147988,0.000034605,36,10
capt_simd,panda,table_under_pick,16,0.048,2007,true,0.000173075,0.001103013,36,10
primitive,panda,table_under_pick,17,0.048,1875,true,0.000215605,0.00000023,68,36
mvtable,panda,table_under_pick,17,0.048,1875,true,0.000279816,0.000044704,68,36
mvtable_mutable,panda,table_under_pick,17,0.048,1875,true,0.000281269,0.000056556,68,36
mvtable_cpp,panda,table_under_pick,17,0.048,1875,true,0.000338927,0.000039624,68,36
capt,panda,table_under_pick,17,0.048,1875,true,0.00042048,0.000965504,68,36
kiddo,panda,table_under_pick,17,0.048,1875,true,0.001358793,0.000046447,68,36
mvtable_simd,panda,table_under_pick,17,0.048,1875,true,0.000245972,0.000044784,68,36
mvtable_mutable_simd,panda,table_under_pick,17,0.048,1875,true,0.000245691,0.000055985,68,36
mvt_cpp_simd,panda,table_under_pick,17,0.048,1875,true,0.00027108,0.000035267,68,36
capt_simd,panda,table_under_pick,17,0.048,1875,true,0.000356751,0.000990612,68,36
primitive,panda,table_under_pick,18,0.048,2971,true,0.000113153,0.00000023,140,9
mvtable,panda,table_under_pick,18,0.048,2971,true,0.000116699,0.000060915,40,8
mvtable_mutable,panda,table_under_pick,18,0.048,2971,true,0.00012228,0.000073849,40,8
mvtable_cpp,panda,table_under_pick,18,0.048,2971,true,0.00012243,0.000047359,40,8
capt,panda,table_under_pick,18,0.048,2971,true,0.000131627,0.002177872,40,8
kiddo,panda,table_under_pick,18,0.048,2971,true,0.000419739,0.000073068,40,8
mvtable_simd,panda,table_under_pick,18,0.048,2971,true,0.000116439,0.000060243,40,8
mvtable_mutable_simd,panda,table_under_pick,18,0.048,2971,true,0.000109827,0.000074129,40,8
mvt_cpp_simd,panda,table_under_pick,18,0.048,2971,true,0.000103484,0.000049302,40,8
capt_simd,panda,table_under_pick,18,0.048,2971,true,0.00010646,0.002097772,40,8
primitive,panda,table_under_pick,19,0.048,2870,true,0.000131677,0.000000221,73,20
mvtable,panda,table_under_pick,19,0.048,2870,true,0.000220034,0.000057348,67,20
mvtable_mutable,panda,table_under_pick,19,0.048,2870,true,0.000195617,0.000071595,67,20
mvtable_cpp,panda,table_under_pick,19,0.048,2870,true,0.000230683,0.000043702,67,20
capt,panda,table_under_pick,19,0.048,2870,true,0.000297809,0.002183622,67,20
kiddo,panda,table_under_pick,19,0.048,2870,true,0.000838466,0.00007431,67,20
mvtable_simd,panda,table_under_pick,19,0.048,2870,true,0.000178024,0.000056636,67,20
mvtable_mutable_simd,panda,table_under_pick,19,0.048,2870,true,0.000176271,0.000070803,67,20
mvt_cpp_simd,panda,table_under_pick,19,0.048,2870,true,0.000189856,0.000043041,67,20
capt_simd,panda,table_under_pick,19,0.048,2870,true,0.000253206,0.002097471,67,20
primitive,panda,table_under_pick,20,0.048,2894,true,0.000073699,0.00000022,59,11
mvtable,panda,table_under_pick,20,0.048,2894,true,0.000135695,0.000059412,59,10
mvtable_mutable,panda,table_under_pick,20,0.048,2894,true,0.000134463,0.000072646,59,10
mvtable_cpp,panda,table_under_pick,20,0.048,2894,true,0.000198113,0.000050214,59,10
capt,panda,table_under_pick,20,0.048,2894,true,0.000284896,0.00222988,59,10
kiddo,panda,table_under_pick,20,0.048,2894,true,0.00064939,0.000075872,59,10
mvtable_simd,panda,table_under_pick,20,0.048,2894,true,0.00012246,0.000059852,59,10
mvtable_mutable_simd,panda,table_under_pick,20,0.048,2894,true,0.000120737,0.000073398,59,10
mvt_cpp_simd,panda,table_under_pick,20,0.048,2894,true,0.00013812,0.000050946,59,10
capt_simd,panda,table_under_pick,20,0.048,2894,true,0.000186831,0.002172041,59,10
primitive,panda,table_under_pick,21,0.048,2850,true,0.000118182,0.000000381,45,19
mvtable,panda,table_under_pick,21,0.048,2850,true,0.000195718,0.000057939,54,21
mvtable_mutable,panda,table_under_pick,21,0.048,2850,true,0.000195327,0.000070062,54,21
mvtable_cpp,panda,table_under_pick,21,0.048,2850,true,0.000230724,0.000055685,54,21
capt,panda,table_under_pick,21,0.048,2850,true,0.000286939,0.002192659,54,21
kiddo,panda,table_under_pick,21,0.048,2850,true,0.000921492,0.000077135,54,21
mvtable_simd,panda,table_under_pick,21,0.048,2850,true,0.000178806,0.000057007,54,21
mvtable_mutable_simd,panda,table_under_pick,21,0.048,2850,true,0.000179087,0.000069661,54,21
mvt_cpp_simd,panda,table_under_pick,21,0.048,2850,true,0.000183755,0.000055364,54,21
capt_simd,panda,table_under_pick,21,0.048,2850,true,0.000247695,0.00210726,54,21
primitive,panda,table_under_pick,22,0.048,2935,true,0.000070672,0.000000271,40,10
mvtable,panda,table_under_pick,22,0.048,2935,true,0.000126317,0.000065363,40,10
mvtable_mutable,panda,table_under_pick,22,0.048,2935,true,0.000121298,0.000074941,40,10
mvtable_cpp,panda,table_under_pick,22,0.048,2935,true,0.000136327,0.000039755,40,10
capt,panda,table_under_pick,22,0.048,2935,true,0.000161113,0.002264365,40,10
kiddo,panda,table_under_pick,22,0.048,2935,true,0.000495111,0.000075191,40,10
mvtable_simd,panda,table_under_pick,22,0.048,2935,true,0.000107983,0.000060794,40,10
mvtable_mutable_simd,panda,table_under_pick,22,0.048,2935,true,0.000108675,0.000074239,40,10
mvt_cpp_simd,panda,table_under_pick,22,0.048,2935,true,0.000111619,0.000044453,40,10
capt_simd,panda,table_under_pick,22,0.048,2935,true,0.000125366,0.002209141,40,10
primitive,panda,table_under_pick,23,0.048,1885,true,0.000199775,0.00000023,54,36
mvtable,panda,table_under_pick,23,0.048,1885,true,0.000295265,0.000044864,70,29
mvtable_mutable,panda,table_under_pick,23,0.048,1885,true,0.000303871,0.000059391,70,29
mvtable_cpp,panda,table_under_pick,23,0.048,1885,true,0.000310644,0.000028463,70,29
capt,panda,table_under_pick,23,0.048,1885,true,0.00045232,0.000987205,70,29
kiddo,panda,table_under_pick,23,0.048,1885,true,0.001329277,0.000045817,70,29
mvtable_simd,panda,table_under_pick,23,0.048,1885,true,0.000275889,0.000044684,70,29
mvtable_mutable_simd,panda,table_under_pick,23,0.048,1885,true,0.0002819,0.000055734,70,29
mvt_cpp_simd,panda,table_under_pick,23,0.048,1885,true,0.000264067,0.000029966,70,29
capt_simd,panda,table_under_pick,23,0.048,1885,true,0.000334969,0.001025216,70,29
primitive,panda,table_under_pick,24,0.048,2927,true,0.000051397,0.000000231,90,6
mvtable,panda,table_under_pick,24,0.048,2927,true,0.00009005,0.000060493,76,7
mvtable_mutable,panda,table_under_pick,24,0.048,2927,true,0.000089539,0.000085281,76,7
mvtable_cpp,panda,table_under_pick,24,0.048,2927,true,0.000092283,0.000050635,76,7
capt,panda,table_under_pick,24,0.048,2927,true,0.000099787,0.002263943,76,7
kiddo,panda,table_under_pick,24,0.048,2927,true,0.000333837,0.000073398,76,7
mvtable_simd,panda,table_under_pick,24,0.048,2927,true,0.000083397,0.000060373,76,7
mvtable_mutable_simd,panda,table_under_pick,24,0.048,2927,true,0.000082044,0.000073899,76,7
mvt_cpp_simd,panda,table_under_pick,24,0.048,2927,true,0.000081423,0.000050625,76,7
capt_simd,panda,table_under_pick,24,0.048,2927,true,0.000080992,0.002091691,76,7
primitive,panda,table_under_pick,25,0.048,2978,true,0.000045376,0.00000021,29,6
mvtable,panda,table_under_pick,25,0.048,2978,true,0.000120256,0.000059702,29,6
mvtable_mutable,panda,table_under_pick,25,0.048,2978,true,0.000106019,0.000073387,29,6
mvtable_cpp,panda,table_under_pick,25,0.048,2978,true,0.00010116,0.0000529,29,6
capt,panda,table_under_pick,25,0.048,2978,true,0.000108384,0.002244247,29,6
kiddo,panda,table_under_pick,25,0.048,2978,true,0.000347523,0.000076624,29,6
mvtable_simd,panda,table_under_pick,25,0.048,2978,true,0.000100739,0.000059261,29,6
mvtable_mutable_simd,panda,table_under_pick,25,0.048,2978,true,0.000097644,0.000073027,29,6
mvt_cpp_simd,panda,table_under_pick,25,0.048,2978,true,0.000086492,0.000053039,29,6
capt_simd,panda,table_under_pick,25,0.048,2978,true,0.000090981,0.002157303,29,6
primitive,panda,table_under_pick,26,0.048,2973,true,0.000062868,0.0000004,47,8
mvtable,panda,table_under_pick,26,0.048,2973,true,0.00009576,0.000061335,47,8
mvtable_mutable,panda,table_under_pick,26,0.048,2973,true,0.00009611,0.000073558,47,8
mvtable_cpp,panda,table_under_pick,26,0.048,2973,true,0.000102613,0.000036328,47,8
capt,panda,table_under_pick,26,0.048,2973,true,0.000147276,0.002251441,47,8
kiddo,panda,table_under_pick,26,0.048,2973,true,0.000413607,0.000082295,47,8
mvtable_simd,panda,table_under_pick,26,0.048,2973,true,0.000087684,0.000059843,47,8
mvtable_mutable_simd,panda,table_under_pick,26,0.048,2973,true,0.000087114,0.000073799,47,8
mvt_cpp_simd,panda,table_under_pick,26,0.048,2973,true,0.000086092,0.000036137,47,8
capt_simd,panda,table_under_pick,26,0.048,2973,true,0.000114696,0.002178483,47,8
primitive,panda,table_under_pick,27,0.048,2937,true,0.000052078,0.00000022,10,9
mvtable,panda,table_under_pick,27,0.048,2937,true,0.000118883,0.00005863,10,9
mvtable_mutable,panda,table_under_pick,27,0.048,2937,true,0.00012234,0.000071104,10,9
mvtable_cpp,panda,table_under_pick,27,0.048,2937,true,0.000109917,0.000050255,10,9
capt,panda,table_under_pick,27,0.048,2937,true,0.000129995,0.002242604,10,9
kiddo,panda,table_under_pick,27,0.048,2937,true,0.00045252,0.000072897,10,9
mvtable_simd,panda,table_under_pick,27,0.048,2937,true,0.000112782,0.00005853,10,9
mvtable_mutable_simd,panda,table_under_pick,27,0.048,2937,true,0.000125365,0.000071304,10,9
mvt_cpp_simd,panda,table_under_pick,27,0.048,2937,true,0.000093015,0.000050034,10,9
capt_simd,panda,table_under_pick,27,0.048,2937,true,0.000096201,0.00213943,10,9
primitive,panda,table_under_pick,28,0.048,2912,true,0.000052348,0.00000023,71,6
mvtable,panda,table_under_pick,28,0.048,2912,true,0.000081874,0.000059913,71,6
mvtable_mutable,panda,table_under_pick,28,0.048,2912,true,0.000081994,0.000073849,71,6
mvtable_cpp,panda,table_under_pick,28,0.048,2912,true,0.00011149,0.000040035,71,6
capt,panda,table_under_pick,28,0.048,2912,true,0.000117951,0.002245069,71,6
kiddo,panda,table_under_pick,28,0.048,2912,true,0.00034063,0.000076694,71,6
mvtable_simd,panda,table_under_pick,28,0.048,2912,true,0.000075922,0.000059352,71,6
mvtable_mutable_simd,panda,table_under_pick,28,0.048,2912,true,0.000074019,0.000089719,71,6
mvt_cpp_simd,panda,table_under_pick,28,0.048,2912,true,0.000078227,0.000041127,71,6
capt_simd,panda,table_under_pick,28,0.048,2912,true,0.000097413,0.002164147,71,6
primitive,panda,table_under_pick,29,0.048,2942,true,0.000053019,0.000000261,10,9
mvtable,panda,table_under_pick,29,0.048,2942,true,0.000083727,0.000058921,10,9
mvtable_mutable,panda,table_under_pick,29,0.048,2942,true,0.000084459,0.000072937,10,9
mvtable_cpp,panda,table_under_pick,29,0.048,2942,true,0.000108054,0.000047279,10,9
capt,panda,table_under_pick,29,0.048,2942,true,0.000129874,0.002184234,10,9
kiddo,panda,table_under_pick,29,0.048,2942,true,0.000505429,0.000073598,10,9
mvtable_simd,panda,table_under_pick,29,0.048,2942,true,0.000073658,0.000060634,10,9
mvtable_mutable_simd,panda,table_under_pick,29,0.048,2942,true,0.000072636,0.000071785,10,9
mvt_cpp_simd,panda,table_under_pick,29,0.048,2942,true,0.00007449,0.000046908,10,9
capt_simd,panda,table_under_pick,29,0.048,2942,true,0.000097083,0.002099014,10,9
primitive,panda,table_under_pick,30,0.048,1955,true,0.000055324,0.00000025,32,9
mvtable,panda,table_under_pick,30,0.048,1955,true,0.000183494,0.00004778,60,11
mvtable_mutable,panda,table_under_pick,30,0.048,1955,true,0.000185629,0.000071565,60,11
mvtable_cpp,panda,table_under_pick,30,0.048,1955,true,0.00019702,0.000036388,60,11
capt,panda,table_under_pick,30,0.048,1955,true,0.000288993,0.001037129,60,11
kiddo,panda,table_under_pick,30,0.048,1955,true,0.000642136,0.000057638,60,11
mvtable_simd,panda,table_under_pick,30,0.048,1955,true,0.000177173,0.00004774,60,11
mvtable_mutable_simd,panda,table_under_pick,30,0.048,1955,true,0.00018612,0.000059222,60,11
mvt_cpp_simd,panda,table_under_pick,30,0.048,1955,true,0.000171302,0.00003775,60,11
capt_simd,panda,table_under_pick,30,0.048,1955,true,0.000172574,0.001108433,60,11
primitive,panda,table_under_pick,31,0.048,2950,true,0.000065092,0.000000692,30,9
mvtable,panda,table_under_pick,31,0.048,2950,true,0.000128762,0.000059832,20,10
mvtable_mutable,panda,table_under_pick,31,0.048,2950,true,0.000151194,0.000073768,20,10
mvtable_cpp,panda,table_under_pick,31,0.048,2950,true,0.000144892,0.000049273,20,10
capt,panda,table_under_pick,31,0.048,2950,true,0.00021807,0.002246021,20,10
kiddo,panda,table_under_pick,31,0.048,2950,true,0.000495461,0.000077035,20,10
mvtable_simd,panda,table_under_pick,31,0.048,2950,true,0.00012266,0.000059792,20,10
mvtable_mutable_simd,panda,table_under_pick,31,0.048,2950,true,0.000119535,0.000072877,20,10
mvt_cpp_simd,panda,table_under_pick,31,0.048,2950,true,0.000120807,0.000049443,20,10
capt_simd,panda,table_under_pick,31,0.048,2950,true,0.000133361,0.002208209,20,10
primitive,panda,table_under_pick,32,0.048,1932,true,0.00010108,0.000000661,28,17
mvtable,panda,table_under_pick,32,0.048,1932,true,0.000132629,0.000047279,27,15
mvtable_mutable,panda,table_under_pick,32,0.048,1932,true,0.000133741,0.00005865,27,15
mvtable_cpp,panda,table_under_pick,32,0.048,1932,true,0.000141205,0.000030808,27,15
capt,panda,table_under_pick,32,0.048,1932,true,0.000208572,0.001007533,27,15
kiddo,panda,table_under_pick,32,0.048,1932,true,0.000767953,0.000048982,27,15
mvtable_simd,panda,table_under_pick,32,0.048,1932,true,0.000119094,0.00004778,27,15
mvtable_mutable_simd,panda,table_under_pick,32,0.048,1932,true,0.000117721,0.000057438,27,15
mvt_cpp_simd,panda,table_under_pick,32,0.048,1932,true,0.000116839,0.000028774,27,15
capt_simd,panda,table_under_pick,32,0.048,1932,true,0.00015953,0.001036087,27,15
primitive,panda,table_under_pick,33,0.048,1923,true,0.000153859,0.000000261,76,25
mvtable,panda,table_under_pick,33,0.048,1923,true,0.000208662,0.000046247,58,15
mvtable_mutable,panda,table_under_pick,33,0.048,1923,true,0.00019203,0.000058891,58,15
mvtable_cpp,panda,table_under_pick,33,0.048,1923,true,0.000213912,0.000035917,58,15
capt,panda,table_under_pick,33,0.048,1923,true,0.000244599,0.001104014,58,15
kiddo,panda,table_under_pick,33,0.048,1923,true,0.000773294,0.000048771,58,15
mvtable_simd,panda,table_under_pick,33,0.048,1923,true,0.000200607,0.000045806,58,15
mvtable_mutable_simd,panda,table_under_pick,33,0.048,1923,true,0.000180579,0.000058941,58,15
mvt_cpp_simd,panda,table_under_pick,33,0.048,1923,true,0.000171562,0.000036588,58,15
capt_simd,panda,table_under_pick,33,0.048,1923,true,0.000192241,0.001045474,58,15
primitive,panda,table_under_pick,34,0.048,2943,true,0.00009059,0.000000311,43,9
mvtable,panda,table_under_pick,34,0.048,2943,true,0.00015438,0.000062186,43,9
mvtable_mutable,panda,table_under_pick,34,0.048,2943,true,0.000155502,0.000073819,43,9
mvtable_cpp,panda,table_under_pick,34,0.048,2943,true,0.000164759,0.000048661,43,9
capt,panda,table_under_pick,34,0.048,2943,true,0.000228639,0.002232024,43,9
kiddo,panda,table_under_pick,34,0.048,2943,true,0.00069146,0.000072416,43,9
mvtable_simd,panda,table_under_pick,34,0.048,2943,true,0.000142848,0.000067607,43,9
mvtable_mutable_simd,panda,table_under_pick,34,0.048,2943,true,0.000140054,0.000073608,43,9
mvt_cpp_simd,panda,table_under_pick,34,0.048,2943,true,0.000145183,0.000048611,43,9
capt_simd,panda,table_under_pick,34,0.048,2943,true,0.000160772,0.002151713,43,9
primitive,panda,table_under_pick,35,0.048,2988,true,0.000100208,0.0000003,28,12
mvtable,panda,table_under_pick,35,0.048,2988,true,0.000154451,0.000060825,28,12
mvtable_mutable,panda,table_under_pick,35,0.048,2988,true,0.000156264,0.000074069,28,12
mvtable_cpp,panda,table_under_pick,35,0.048,2988,true,0.000145393,0.000053681,28,12
capt,panda,table_under_pick,35,0.048,2988,true,0.000218681,0.002182511,28,12
kiddo,panda,table_under_pick,35,0.048,2988,true,0.000602512,0.000080571,28,12
mvtable_simd,panda,table_under_pick,35,0.048,2988,true,0.000153889,0.000068448,28,12
mvtable_mutable_simd,panda,table_under_pick,35,0.048,2988,true,0.000144882,0.00007444,28,12
mvt_cpp_simd,panda,table_under_pick,35,0.048,2988,true,0.000130134,0.000055414,28,12
capt_simd,panda,table_under_pick,35,0.048,2988,true,0.00015395,0.002132607,28,12
primitive,panda,table_under_pick,36,0.048,2939,true,0.000081122,0.00000028,33,12
mvtable,panda,table_under_pick,36,0.048,2939,true,0.000180308,0.000060934,32,13
mvtable_mutable,panda,table_under_pick,36,0.048,2939,true,0.00018089,0.000072316,32,13
mvtable_cpp,panda,table_under_pick,36,0.048,2939,true,0.000181531,0.000052448,32,13
capt,panda,table_under_pick,36,0.048,2939,true,0.000293812,0.002258273,32,13
kiddo,panda,table_under_pick,36,0.048,2939,true,0.000596521,0.000075021,32,13
mvtable_simd,panda,table_under_pick,36,0.048,2939,true,0.000164119,0.000058701,32,13
mvtable_mutable_simd,panda,table_under_pick,36,0.048,2939,true,0.000162786,0.000071535,32,13
mvt_cpp_simd,panda,table_under_pick,36,0.048,2939,true,0.000150362,0.000052609,32,13
capt_simd,panda,table_under_pick,36,0.048,2939,true,0.0001912,0.002150811,32,13
primitive,panda,table_under_pick,37,0.048,2920,true,0.000052899,0.000000231,36,8
mvtable,panda,table_under_pick,37,0.048,2920,true,0.000083757,0.000059773,22,6
mvtable_mutable,panda,table_under_pick,37,0.048,2920,true,0.000085301,0.000073067,22,6
mvtable_cpp,panda,table_under_pick,37,0.048,2920,true,0.000082746,0.00004761,22,6
capt,panda,table_under_pick,37,0.048,2920,true,0.0000959,0.002179015,22,6
kiddo,panda,table_under_pick,37,0.048,2920,true,0.000354065,0.000071815,22,6
mvtable_simd,panda,table_under_pick,37,0.048,2920,true,0.000080001,0.000059652,22,6
mvtable_mutable_simd,panda,table_under_pick,37,0.048,2920,true,0.000078819,0.000073438,22,6
mvt_cpp_simd,panda,table_under_pick,37,0.048,2920,true,0.000071033,0.000047419,22,6
capt_simd,panda,table_under_pick,37,0.048,2920,true,0.000077395,0.002091971,22,6
primitive,panda,table_under_pick,38,0.048,1891,true,0.000048181,0.00000027,90,5
mvtable,panda,table_under_pick,38,0.048,1891,true,0.000087114,0.000044805,67,4
mvtable_mutable,panda,table_under_pick,38,0.048,1891,true,0.000077004,0.000059562,67,4
mvtable_cpp,panda,table_under_pick,38,0.048,1891,true,0.000071735,0.000031289,67,4
capt,panda,table_under_pick,38,0.048,1891,true,0.000084839,0.001014576,67,4
kiddo,panda,table_under_pick,38,0.048,1891,true,0.000215866,0.000045565,67,4
mvtable_simd,panda,table_under_pick,38,0.048,1891,true,0.000073337,0.000043962,67,4
mvtable_mutable_simd,panda,table_under_pick,38,0.048,1891,true,0.000070973,0.000055073,67,4
mvt_cpp_simd,panda,table_under_pick,38,0.048,1891,true,0.000067847,0.000039915,67,4
capt_simd,panda,table_under_pick,38,0.048,1891,true,0.000065834,0.001046606,67,4
primitive,panda,table_under_pick,39,0.048,1934,true,0.000055695,0.000000291,30,8
mvtable,panda,table_under_pick,39,0.048,1934,true,0.00009627,0.000045155,20,8
mvtable_mutable,panda,table_under_pick,39,0.048,1934,true,0.000098094,0.000056176,20,8
mvtable_cpp,panda,table_under_pick,39,0.048,1934,true,0.000097804,0.000032891,20,8
capt,panda,table_under_pick,39,0.048,1934,true,0.000105749,0.001010909,20,8
kiddo,panda,table_under_pick,39,0.048,1934,true,0.000382268,0.000044213,20,8
mvtable_simd,panda,table_under_pick,39,0.048,1934,true,0.000092493,0.000044935,20,8
mvtable_mutable_simd,panda,table_under_pick,39,0.048,1934,true,0.000090249,0.000056205,20,8
mvt_cpp_simd,panda,table_under_pick,39,0.048,1934,true,0.000083196,0.000032351,20,8
capt_simd,panda,table_under_pick,39,0.048,1934,true,0.000089849,0.001034133,20,8
primitive,panda,table_under_pick,40,0.048,2923,true,0.00008494,0.00000022,32,13
mvtable,panda,table_under_pick,40,0.048,2923,true,0.000163287,0.000059481,32,13
mvtable_mutable,panda,table_under_pick,40,0.048,2923,true,0.000150503,0.000073438,32,13
mvtable_cpp,panda,table_under_pick,40,0.048,2923,true,0.000157326,0.000054202,32,13
capt,panda,table_under_pick,40,0.048,2923,true,0.000181751,0.002194454,32,13
kiddo,panda,table_under_pick,40,0.048,2923,true,0.00058042,0.000084028,32,13
mvtable_simd,panda,table_under_pick,40,0.048,2923,true,0.000139893,0.000059692,32,13
mvtable_mutable_simd,panda,table_under_pick,40,0.048,2923,true,0.000148288,0.000073488,32,13
mvt_cpp_simd,panda,table_under_pick,40,0.048,2923,true,0.000135775,0.000058179,32,13
capt_simd,panda,table_under_pick,40,0.048,2923,true,0.000155672,0.002116407,32,13
primitive,panda,table_under_pick,41,0.048,2932,true,0.00005876,0.000000301,23,9
mvtable,panda,table_under_pick,41,0.048,2932,true,0.000214543,0.000059993,60,16
mvtable_mutable,panda,table_under_pick,41,0.048,2932,true,0.00023456,0.000073268,60,16
mvtable_cpp,panda,table_under_pick,41,0.048,2932,true,0.000228128,0.000050244,60,16
capt,panda,table_under_pick,41,0.048,2932,true,0.000289163,0.002188993,60,16
kiddo,panda,table_under_pick,41,0.048,2932,true,0.000827605,0.000083687,60,16
mvtable_simd,panda,table_under_pick,41,0.048,2932,true,0.000221537,0.000060924,60,16
mvtable_mutable_simd,panda,table_under_pick,41,0.048,2932,true,0.00020227,0.000073619,60,16
mvt_cpp_simd,panda,table_under_pick,41,0.048,2932,true,0.000191851,0.000050245,60,16
capt_simd,panda,table_under_pick,41,0.048,2932,true,0.000224172,0.002104514,60,16
primitive,panda,table_under_pick,42,0.048,2856,true,0.000118062,0.00000022,76,17
mvtable,panda,table_under_pick,42,0.048,2856,true,0.000119364,0.000058159,46,14
mvtable_mutable,panda,table_under_pick,42,0.048,2856,true,0.000122069,0.000071484,46,14
mvtable_cpp,panda,table_under_pick,42,0.048,2856,true,0.000130916,0.000048411,46,14
capt,panda,table_under_pick,42,0.048,2856,true,0.000170841,0.002131244,46,14
kiddo,panda,table_under_pick,42,0.048,2856,true,0.00064395,0.000076724,46,14
mvtable_simd,panda,table_under_pick,42,0.048,2856,true,0.000119675,0.000057869,46,14
mvtable_mutable_simd,panda,table_under_pick,42,0.048,2856,true,0.000109656,0.000075261,46,14
mvt_cpp_simd,panda,table_under_pick,42,0.048,2856,true,0.00011186,0.000049002,46,14
capt_simd,panda,table_under_pick,42,0.048,2856,true,0.00013334,0.002040104,46,14
primitive,panda,table_under_pick,43,0.048,1944,true,0.000086993,0.00000026,30,14
mvtable,panda,table_under_pick,43,0.048,1944,true,0.000113083,0.000046747,27,11
mvtable_mutable,panda,table_under_pick,43,0.048,1944,true,0.000113634,0.000059502,27,11
mvtable_cpp,panda,table_under_pick,43,0.048,1944,true,0.000132529,0.000029104,27,11
capt,panda,table_under_pick,43,0.048,1944,true,0.000146695,0.001001713,27,11
kiddo,panda,table_under_pick,43,0.048,1944,true,0.000519746,0.000045265,27,11
mvtable_simd,panda,table_under_pick,43,0.048,1944,true,0.000116279,0.000046758,27,11
mvtable_mutable_simd,panda,table_under_pick,43,0.048,1944,true,0.000102012,0.000059061,27,11
mvt_cpp_simd,panda,table_under_pick,43,0.048,1944,true,0.000107272,0.000030878,27,11
capt_simd,panda,table_under_pick,43,0.048,1944,true,0.000130145,0.00103794,27,11
primitive,panda,table_under_pick,44,0.048,2938,true,0.000040356,0.00000022,59,4
mvtable,panda,table_under_pick,44,0.048,2938,true,0.000083327,0.00006381,59,4
mvtable_mutable,panda,table_under_pick,44,0.048,2938,true,0.000085711,0.000087304,59,4
mvtable_cpp,panda,table_under_pick,44,0.048,2938,true,0.000096311,0.000054151,59,4
capt,panda,table_under_pick,44,0.048,2938,true,0.000098154,0.002249657,59,4
kiddo,panda,table_under_pick,44,0.048,2938,true,0.000290266,0.000073508,59,4
mvtable_simd,panda,table_under_pick,44,0.048,2938,true,0.000081503,0.000059932,59,4
mvtable_mutable_simd,panda,table_under_pick,44,0.048,2938,true,0.000080341,0.000076684,59,4
mvt_cpp_simd,panda,table_under_pick,44,0.048,2938,true,0.00007478,0.00005844,59,4
capt_simd,panda,table_under_pick,44,0.048,2938,true,0.000081583,0.002152625,59,4
primitive,panda,table_under_pick,45,0.048,2925,true,0.000066014,0.000000251,41,10
mvtable,panda,table_under_pick,45,0.048,2925,true,0.000117761,0.000059472,41,10
mvtable_mutable,panda,table_under_pick,45,0.048,2925,true,0.000119625,0.000073688,41,10
mvtable_cpp,panda,table_under_pick,45,0.048,2925,true,0.000129032,0.000055404,41,10
capt,panda,table_under_pick,45,0.048,2925,true,0.000167164,0.00217154,41,10
kiddo,panda,table_under_pick,45,0.048,2925,true,0.000602402,0.000072607,41,10
mvtable_simd,panda,table_under_pick,45,0.048,2925,true,0.000107813,0.000059131,41,10
mvtable_mutable_simd,panda,table_under_pick,45,0.048,2925,true,0.000105358,0.000072747,41,10
mvt_cpp_simd,panda,table_under_pick,45,0.048,2925,true,0.00010649,0.000048882,41,10
capt_simd,panda,table_under_pick,45,0.048,2925,true,0.000141336,0.002104544,41,10
primitive,panda,table_under_pick,46,0.048,1993,true,0.00012203,0.0000004,58,18
mvtable,panda,table_under_pick,46,0.048,1993,true,0.000212329,0.000046607,47,17
mvtable_mutable,panda,table_under_pick,46,0.048,1993,true,0.000213902,0.00005843,47,17
mvtable_cpp,panda,table_under_pick,46,0.048,1993,true,0.000202881,0.000035296,47,17
capt,panda,table_under_pick,46,0.048,1993,true,0.000256221,0.001027892,47,17
kiddo,panda,table_under_pick,46,0.048,1993,true,0.000708822,0.000045295,47,17
mvtable_simd,panda,table_under_pick,46,0.048,1993,true,0.000200877,0.000050625,47,17
mvtable_mutable_simd,panda,table_under_pick,46,0.048,1993,true,0.000195156,0.000057468,47,17
mvt_cpp_simd,panda,table_under_pick,46,0.048,1993,true,0.000172404,0.000034495,47,17
capt_simd,panda,table_under_pick,46,0.048,1993,true,0.000187031,0.001061284,47,17
primitive,panda,table_under_pick,47,0.048,2883,true,0.000071514,0.000000201,23,11
mvtable,panda,table_under_pick,47,0.048,2883,true,0.000092795,0.000059241,28,10
mvtable_mutable,panda,table_under_pick,47,0.048,2883,true,0.000092554,0.000076664,28,10
mvtable_cpp,panda,table_under_pick,47,0.048,2883,true,0.000100649,0.000040426,28,10
capt,panda,table_under_pick,47,0.048,2883,true,0.000143459,0.002148628,28,10
kiddo,panda,table_under_pick,47,0.048,2883,true,0.000498467,0.000070422,28,10
mvtable_simd,panda,table_under_pick,47,0.048,2883,true,0.000084378,0.00005844,28,10
mvtable_mutable_simd,panda,table_under_pick,47,0.048,2883,true,0.000083908,0.000073097,28,10
mvt_cpp_simd,panda,table_under_pick,47,0.048,2883,true,0.000084519,0.000041107,28,10
capt_simd,panda,table_under_pick,47,0.048,2883,true,0.00013301,0.002080399,28,10
primitive,panda,table_under_pick,48,0.048,2960,true,0.000105668,0.00000022,195,13
mvtable,panda,table_under_pick,48,0.048,2960,true,0.000341662,0.000061025,100,30
mvtable_mutable,panda,table_under_pick,48,0.048,2960,true,0.000359215,0.000074199,100,30
mvtable_cpp,panda,table_under_pick,48,0.048,2960,true,0.000376527,0.000049332,100,30
capt,panda,table_under_pick,48,0.048,2960,true,0.000420099,0.002173934,100,30
kiddo,panda,table_under_pick,48,0.048,2960,true,0.001779764,0.000073708,100,30
mvtable_simd,panda,table_under_pick,48,0.048,2960,true,0.000318729,0.000068659,100,30
mvtable_mutable_simd,panda,table_under_pick,48,0.048,2960,true,0.000316164,0.000073628,100,30
mvt_cpp_simd,panda,table_under_pick,48,0.048,2960,true,0.000323297,0.000049523,100,30
capt_simd,panda,table_under_pick,48,0.048,2960,true,0.000342373,0.002099795,100,30
primitive,panda,table_under_pick,49,0.048,1941,true,0.00003184,0.00000022,21,5
mvtable,panda,table_under_pick,49,0.048,1941,true,0.000100188,0.000045355,21,6
mvtable_mutable,panda,table_under_pick,49,0.048,1941,true,0.000102753,0.000055855,21,6
mvtable_cpp,panda,table_under_pick,49,0.048,1941,true,0.000114946,0.000034144,21,6
capt,panda,table_under_pick,49,0.048,1941,true,0.000113363,0.00104292,21,6
kiddo,panda,table_under_pick,49,0.048,1941,true,0.000393068,0.000044583,21,6
mvtable_simd,panda,table_under_pick,49,0.048,1941,true,0.000096862,0.000045045,21,6
mvtable_mutable_simd,panda,table_under_pick,49,0.048,1941,true,0.000107633,0.000056406,21,6
mvt_cpp_simd,panda,table_under_pick,49,0.048,1941,true,0.000088827,0.000034034,21,6
capt_simd,panda,table_under_pick,49,0.048,1941,true,0.000084448,0.001077294,21,6
primitive,panda,table_under_pick,50,0.048,2914,true,0.00007969,0.00000042,45,12
mvtable,panda,table_under_pick,50,0.048,2914,true,0.000097283,0.000061105,20,9
mvtable_mutable,panda,table_under_pick,50,0.048,2914,true,0.000097223,0.000076324,20,9
mvtable_cpp,panda,table_under_pick,50,0.048,2914,true,0.000116789,0.000046468,20,9
capt,panda,table_under_pick,50,0.048,2914,true,0.000153479,0.002227886,20,9
kiddo,panda,table_under_pick,50,0.048,2914,true,0.000466907,0.000078608,20,9
mvtable_simd,panda,table_under_pick,50,0.048,2914,true,0.000100929,0.000060865,20,9
mvtable_mutable_simd,panda,table_under_pick,50,0.048,2914,true,0.000092494,0.000075481,20,9
mvt_cpp_simd,panda,table_under_pick,50,0.048,2914,true,0.000097163,0.000048091,20,9
capt_simd,panda,table_under_pick,50,0.048,2914,true,0.000114525,0.002153366,20,9
primitive,ur5,bookshelf_small,1,0.06,1086,true,0.000032532,0.000000451,2,5
mvtable,ur5,bookshelf_small,1,0.06,1086,true,0.000044513,0.000018926,2,5
mvtable_mutable,ur5,bookshelf_small,1,0.06,1086,true,0.000039495,0.000023234,2,5
mvtable_cpp,ur5,bookshelf_small,1,0.06,1086,true,0.000041007,0.000018765,2,5
capt,ur5,bookshelf_small,1,0.06,1086,true,0.000077726,0.000573267,2,5
kiddo,ur5,bookshelf_small,1,0.06,1086,true,0.000221046,0.000026741,2,5
mvtable_simd,ur5,bookshelf_small,1,0.06,1086,true,0.000032441,0.000017843,2,5
mvtable_mutable_simd,ur5,bookshelf_small,1,0.06,1086,true,0.000031769,0.000021891,2,5
mvt_cpp_simd,ur5,bookshelf_small,1,0.06,1086,true,0.000030738,0.000011481,2,5
capt_simd,ur5,bookshelf_small,1,0.06,1086,true,0.000059782,0.000580891,2,5
primitive,ur5,bookshelf_small,2,0.06,1147,true,0.000080691,0.00000018,597,7
mvtable,ur5,bookshelf_small,2,0.06,1147,true,0.000163046,0.000019577,339,16
mvtable_mutable,ur5,bookshelf_small,2,0.06,1147,true,0.000158488,0.000023655,339,16
mvtable_cpp,ur5,bookshelf_small,2,0.06,1147,true,0.000209633,0.000012423,339,16
capt,ur5,bookshelf_small,2,0.06,1147,true,0.000306576,0.000589497,339,16
kiddo,ur5,bookshelf_small,2,0.06,1147,true,0.00077658,0.000027842,339,16
mvtable_simd,ur5,bookshelf_small,2,0.06,1147,true,0.000135695,0.000019377,339,16
mvtable_mutable_simd,ur5,bookshelf_small,2,0.06,1147,true,0.0001326,0.000023394,339,16
mvt_cpp_simd,ur5,bookshelf_small,2,0.06,1147,true,0.000147197,0.000012333,339,16
capt_simd,ur5,bookshelf_small,2,0.06,1147,true,0.000258075,0.000614054,339,16
primitive,ur5,bookshelf_small,3,0.06,1439,true,0.000129584,0.00000018,2080,6
mvtable,ur5,bookshelf_small,3,0.06,1439,true,0.000184547,0.000022833,1540,6
mvtable_mutable,ur5,bookshelf_small,3,0.06,1439,true,0.000177694,0.000027341,1540,6
mvtable_cpp,ur5,bookshelf_small,3,0.06,1439,true,0.000209634,0.000014587,1540,6
capt,ur5,bookshelf_small,3,0.06,1439,true,0.00031908,0.000846371,1540,6
kiddo,ur5,bookshelf_small,3,0.06,1439,true,0.000592363,0.000032361,1540,6
mvtable_simd,ur5,bookshelf_small,3,0.06,1439,true,0.000170591,0.000022973,1540,6
mvtable_mutable_simd,ur5,bookshelf_small,3,0.06,1439,true,0.000177523,0.000027362,1540,6
mvt_cpp_simd,ur5,bookshelf_small,3,0.06,1439,true,0.000169499,0.000014427,1540,6
capt_simd,ur5,bookshelf_small,3,0.06,1439,true,0.000222749,0.000875495,1540,6
primitive,ur5,bookshelf_small,4,0.06,1074,true,0.000033653,0.00000016,2,6
mvtable,ur5,bookshelf_small,4,0.06,1074,true,0.000050525,0.000018605,3,6
mvtable_mutable,ur5,bookshelf_small,4,0.06,1074,true,0.000049322,0.000022182,3,6
mvtable_cpp,ur5,bookshelf_small,4,0.06,1074,true,0.000065342,0.000011492,3,6
capt,ur5,bookshelf_small,4,0.06,1074,true,0.000112641,0.000591331,3,6
kiddo,ur5,bookshelf_small,4,0.06,1074,true,0.000403769,0.000026269,3,6
mvtable_simd,ur5,bookshelf_small,4,0.06,1074,true,0.0000374,0.000018274,3,6
mvtable_mutable_simd,ur5,bookshelf_small,4,0.06,1074,true,0.00003727,0.00002161,3,6
mvt_cpp_simd,ur5,bookshelf_small,4,0.06,1074,true,0.000039004,0.000011241,3,6
capt_simd,ur5,bookshelf_small,4,0.06,1074,true,0.000092664,0.000608424,3,6
primitive,ur5,bookshelf_small,5,0.06,1153,true,0.000163087,0.000000171,1407,15
mvtable,ur5,bookshelf_small,5,0.06,1153,true,0.000071114,0.000020068,96,6
mvtable_mutable,ur5,bookshelf_small,5,0.06,1153,true,0.000069511,0.000024285,96,6
mvtable_cpp,ur5,bookshelf_small,5,0.06,1153,true,0.000092684,0.000012564,96,6
capt,ur5,bookshelf_small,5,0.06,1153,true,0.000128121,0.000611909,96,6
kiddo,ur5,bookshelf_small,5,0.06,1153,true,0.00033566,0.000028113,96,6
mvtable_simd,ur5,bookshelf_small,5,0.06,1153,true,0.000059922,0.000020348,96,6
mvtable_mutable_simd,ur5,bookshelf_small,5,0.06,1153,true,0.000059492,0.000023604,96,6
mvt_cpp_simd,ur5,bookshelf_small,5,0.06,1153,true,0.000062628,0.000012463,96,6
capt_simd,ur5,bookshelf_small,5,0.06,1153,true,0.000094527,0.000626587,96,6
primitive,ur5,bookshelf_small,6,0.06,1028,true,0.000052679,0.00000018,312,6
mvtable,ur5,bookshelf_small,6,0.06,1028,true,0.000059341,0.000016941,23,9
mvtable_mutable,ur5,bookshelf_small,6,0.06,1028,true,0.000057298,0.000020589,23,9
mvtable_cpp,ur5,bookshelf_small,6,0.06,1028,true,0.000077315,0.00001094,23,9
capt,ur5,bookshelf_small,6,0.06,1028,true,0.000148189,0.000540235,23,9
kiddo,ur5,bookshelf_small,6,0.06,1028,true,0.000441419,0.000025447,23,9
mvtable_simd,ur5,bookshelf_small,6,0.06,1028,true,0.000043432,0.000017082,23,9
mvtable_mutable_simd,ur5,bookshelf_small,6,0.06,1028,true,0.000043362,0.000020298,23,9
mvt_cpp_simd,ur5,bookshelf_small,6,0.06,1028,true,0.000049172,0.00001092,23,9
capt_simd,ur5,bookshelf_small,6,0.06,1028,true,0.000121067,0.000556596,23,9
primitive,ur5,bookshelf_small,7,0.06,1111,true,0.000053651,0.000000161,312,6
mvtable,ur5,bookshelf_small,7,0.06,1111,true,0.000041708,0.000019156,18,5
mvtable_mutable,ur5,bookshelf_small,7,0.06,1111,true,0.000040315,0.000023584,18,5
mvtable_cpp,ur5,bookshelf_small,7,0.06,1111,true,0.000048151,0.000012223,18,5
capt,ur5,bookshelf_small,7,0.06,1111,true,0.000092494,0.000599126,18,5
kiddo,ur5,bookshelf_small,7,0.06,1111,true,0.000310183,0.00002679,18,5
mvtable_simd,ur5,bookshelf_small,7,0.06,1111,true,0.000031569,0.000019527,18,5
mvtable_mutable_simd,ur5,bookshelf_small,7,0.06,1111,true,0.000032,0.000023284,18,5
mvt_cpp_simd,ur5,bookshelf_small,7,0.06,1111,true,0.000032782,0.000011922,18,5
capt_simd,ur5,bookshelf_small,7,0.06,1111,true,0.000070322,0.000608353,18,5
primitive,ur5,bookshelf_small,8,0.06,1109,true,0.000045435,0.00000015,324,5
mvtable,ur5,bookshelf_small,8,0.06,1109,true,0.000062427,0.000019326,324,5
mvtable_mutable,ur5,bookshelf_small,8,0.06,1109,true,0.000061486,0.000023625,324,5
mvtable_cpp,ur5,bookshelf_small,8,0.06,1109,true,0.000067387,0.000011882,324,5
capt,ur5,bookshelf_small,8,0.06,1109,true,0.000114305,0.000598735,324,5
kiddo,ur5,bookshelf_small,8,0.06,1109,true,0.000353794,0.000027041,324,5
mvtable_simd,ur5,bookshelf_small,8,0.06,1109,true,0.000053169,0.000019166,324,5
mvtable_mutable_simd,ur5,bookshelf_small,8,0.06,1109,true,0.000057838,0.000023043,324,5
mvt_cpp_simd,ur5,bookshelf_small,8,0.06,1109,true,0.00005331,0.000011622,324,5
capt_simd,ur5,bookshelf_small,8,0.06,1109,true,0.00009059,0.000598083,324,5
primitive,ur5,bookshelf_small,10,0.06,1472,true,0.000104186,0.000000101,570,10
mvtable,ur5,bookshelf_small,10,0.06,1472,true,0.000076764,0.000023955,127,7
mvtable_mutable,ur5,bookshelf_small,10,0.06,1472,true,0.000073989,0.000028614,127,7
mvtable_cpp,ur5,bookshelf_small,10,0.06,1472,true,0.000106861,0.000019016,127,7
capt,ur5,bookshelf_small,10,0.06,1472,true,0.000155041,0.000870606,127,7
kiddo,ur5,bookshelf_small,10,0.06,1472,true,0.000501302,0.000030858,127,7
mvtable_simd,ur5,bookshelf_small,10,0.06,1472,true,0.000061235,0.000023865,127,7
mvtable_mutable_simd,ur5,bookshelf_small,10,0.06,1472,true,0.000061515,0.000028845,127,7
mvt_cpp_simd,ur5,bookshelf_small,10,0.06,1472,true,0.000073709,0.000019086,127,7
capt_simd,ur5,bookshelf_small,10,0.06,1472,true,0.000118443,0.000893279,127,7
primitive,ur5,bookshelf_small,11,0.06,1417,true,0.000018855,0.00000018,1,3
mvtable,ur5,bookshelf_small,11,0.06,1417,true,0.000027342,0.000023985,1,3
mvtable_mutable,ur5,bookshelf_small,11,0.06,1417,true,0.00002664,0.000027712,1,3
mvtable_cpp,ur5,bookshelf_small,11,0.06,1417,true,0.000035808,0.000014117,1,3
capt,ur5,bookshelf_small,11,0.06,1417,true,0.000060263,0.000842152,1,3
kiddo,ur5,bookshelf_small,11,0.06,1417,true,0.000219593,0.000032831,1,3
mvtable_simd,ur5,bookshelf_small,11,0.06,1417,true,0.000020428,0.000023515,1,3
mvtable_mutable_simd,ur5,bookshelf_small,11,0.06,1417,true,0.000020068,0.000027682,1,3
mvt_cpp_simd,ur5,bookshelf_small,11,0.06,1417,true,0.000021621,0.000013706,1,3
capt_simd,ur5,bookshelf_small,11,0.06,1417,true,0.000045866,0.000862781,1,3
primitive,ur5,bookshelf_small,12,0.06,1451,true,0.000052208,0.00000016,250,5
mvtable,ur5,bookshelf_small,12,0.06,1451,true,0.000038102,0.000023835,1,4
mvtable_mutable,ur5,bookshelf_small,12,0.06,1451,true,0.00003725,0.000028584,1,4
mvtable_cpp,ur5,bookshelf_small,12,0.06,1451,true,0.000061536,0.000015328,1,4
capt,ur5,bookshelf_small,12,0.06,1451,true,0.000079309,0.000863232,1,4
kiddo,ur5,bookshelf_small,12,0.06,1451,true,0.000190257,0.000032791,1,4
mvtable_simd,ur5,bookshelf_small,12,0.06,1451,true,0.000031399,0.000023595,1,4
mvtable_mutable_simd,ur5,bookshelf_small,12,0.06,1451,true,0.000029585,0.000029605,1,4
mvt_cpp_simd,ur5,bookshelf_small,12,0.06,1451,true,0.000036239,0.0000156,1,4
capt_simd,ur5,bookshelf_small,12,0.06,1451,true,0.000051506,0.00087312,1,4
primitive,ur5,bookshelf_small,13,0.06,1401,true,0.000724331,0.00000019,14456,5
mvtable,ur5,bookshelf_small,13,0.06,1401,true,0.000068819,0.000023073,416,5
mvtable_mutable,ur5,bookshelf_small,13,0.06,1401,true,0.000060754,0.000027702,416,5
mvtable_cpp,ur5,bookshelf_small,13,0.06,1401,true,0.000073738,0.000014647,416,5
capt,ur5,bookshelf_small,13,0.06,1401,true,0.000120947,0.000826212,416,5
kiddo,ur5,bookshelf_small,13,0.06,1401,true,0.000348305,0.000032712,416,5
mvtable_simd,ur5,bookshelf_small,13,0.06,1401,true,0.000055364,0.000023374,416,5
mvtable_mutable_simd,ur5,bookshelf_small,13,0.06,1401,true,0.00005317,0.000028453,416,5
mvt_cpp_simd,ur5,bookshelf_small,13,0.06,1401,true,0.000056517,0.000014387,416,5
capt_simd,ur5,bookshelf_small,13,0.06,1401,true,0.000089288,0.00085165,416,5
primitive,ur5,bookshelf_small,14,0.06,1151,true,0.000022092,0.00000018,2,4
mvtable,ur5,bookshelf_small,14,0.06,1151,true,0.000037731,0.000020718,2,4
mvtable_mutable,ur5,bookshelf_small,14,0.06,1151,true,0.00003706,0.000024857,2,4
mvtable_cpp,ur5,bookshelf_small,14,0.06,1151,true,0.000056636,0.000015619,2,4
capt,ur5,bookshelf_small,14,0.06,1151,true,0.000071555,0.000598194,2,4
kiddo,ur5,bookshelf_small,14,0.06,1151,true,0.000182553,0.000027301,2,4
mvtable_simd,ur5,bookshelf_small,14,0.06,1151,true,0.000029355,0.000020188,2,4
mvtable_mutable_simd,ur5,bookshelf_small,14,0.06,1151,true,0.000030227,0.000024185,2,4
mvt_cpp_simd,ur5,bookshelf_small,14,0.06,1151,true,0.000039213,0.000012583,2,4
capt_simd,ur5,bookshelf_small,14,0.06,1151,true,0.000054252,0.000607601,2,4
primitive,ur5,bookshelf_small,15,0.06,1091,true,0.000049603,0.00000017,325,6
mvtable,ur5,bookshelf_small,15,0.06,1091,true,0.000063419,0.000019397,325,6
mvtable_mutable,ur5,bookshelf_small,15,0.06,1091,true,0.000061065,0.000023534,325,6
mvtable_cpp,ur5,bookshelf_small,15,0.06,1091,true,0.000064561,0.000011622,325,6
capt,ur5,bookshelf_small,15,0.06,1091,true,0.000130425,0.000584869,325,6
kiddo,ur5,bookshelf_small,15,0.06,1091,true,0.000402987,0.00002676,325,6
mvtable_simd,ur5,bookshelf_small,15,0.06,1091,true,0.000050606,0.000019106,325,6
mvtable_mutable_simd,ur5,bookshelf_small,15,0.06,1091,true,0.000049834,0.000022833,325,6
mvt_cpp_simd,ur5,bookshelf_small,15,0.06,1091,true,0.000054252,0.000011802,325,6
capt_simd,ur5,bookshelf_small,15,0.06,1091,true,0.000108774,0.000592483,325,6
primitive,ur5,bookshelf_small,16,0.06,1136,true,0.000056305,0.000000171,145,8
mvtable,ur5,bookshelf_small,16,0.06,1136,true,0.000107161,0.000020369,145,8
mvtable_mutable,ur5,bookshelf_small,16,0.06,1136,true,0.000106851,0.000024777,145,8
mvtable_cpp,ur5,bookshelf_small,16,0.06,1136,true,0.000142778,0.00001613,145,8
capt,ur5,bookshelf_small,16,0.06,1136,true,0.000182873,0.00060693,145,8
kiddo,ur5,bookshelf_small,16,0.06,1136,true,0.00044204,0.000027572,145,8
mvtable_simd,ur5,bookshelf_small,16,0.06,1136,true,0.000092874,0.000020669,145,8
mvtable_mutable_simd,ur5,bookshelf_small,16,0.06,1136,true,0.000095359,0.000024817,145,8
mvt_cpp_simd,ur5,bookshelf_small,16,0.06,1136,true,0.000099477,0.00001608,145,8
capt_simd,ur5,bookshelf_small,16,0.06,1136,true,0.00013812,0.000619885,145,8
primitive,ur5,bookshelf_small,17,0.06,1125,true,0.000034294,0.000000801,61,4
mvtable,ur5,bookshelf_small,17,0.06,1125,true,0.000036639,0.000020419,2,4
mvtable_mutable,ur5,bookshelf_small,17,0.06,1125,true,0.000034264,0.000024676,2,4
mvtable_cpp,ur5,bookshelf_small,17,0.06,1125,true,0.00004263,0.000016091,2,4
capt,ur5,bookshelf_small,17,0.06,1125,true,0.000072066,0.000609625,2,4
kiddo,ur5,bookshelf_small,17,0.06,1125,true,0.000240982,0.000028764,2,4
mvtable_simd,ur5,bookshelf_small,17,0.06,1125,true,0.00002675,0.000019647,2,4
mvtable_mutable_simd,ur5,bookshelf_small,17,0.06,1125,true,0.000025168,0.000023294,2,4
mvt_cpp_simd,ur5,bookshelf_small,17,0.06,1125,true,0.000029696,0.000014848,2,4
capt_simd,ur5,bookshelf_small,17,0.06,1125,true,0.000054252,0.000621659,2,4
primitive,ur5,bookshelf_small,18,0.06,1139,true,0.000022994,0.00000024,57,3
mvtable,ur5,bookshelf_small,18,0.06,1139,true,0.000018795,0.000019887,1,3
mvtable_mutable,ur5,bookshelf_small,18,0.06,1139,true,0.000018484,0.000023554,1,3
mvtable_cpp,ur5,bookshelf_small,18,0.06,1139,true,0.000027251,0.000016902,1,3
capt,ur5,bookshelf_small,18,0.06,1139,true,0.000046939,0.000615456,1,3
kiddo,ur5,bookshelf_small,18,0.06,1139,true,0.000127709,0.000028283,1,3
mvtable_simd,ur5,bookshelf_small,18,0.06,1139,true,0.000013876,0.000019557,1,3
mvtable_mutable_simd,ur5,bookshelf_small,18,0.06,1139,true,0.000014036,0.000023615,1,3
mvt_cpp_simd,ur5,bookshelf_small,18,0.06,1139,true,0.000018405,0.000016942,1,3
capt_simd,ur5,bookshelf_small,18,0.06,1139,true,0.000046327,0.000635524,1,3
primitive,ur5,bookshelf_small,19,0.06,1110,true,0.000028674,0.000000181,87,5
mvtable,ur5,bookshelf_small,19,0.06,1110,true,0.000033303,0.000019056,1,4
mvtable_mutable,ur5,bookshelf_small,19,0.06,1110,true,0.000027542,0.000023314,1,4
mvtable_cpp,ur5,bookshelf_small,19,0.06,1110,true,0.000034084,0.000011742,1,4
capt,ur5,bookshelf_small,19,0.06,1110,true,0.00006378,0.000596541,1,4
kiddo,ur5,bookshelf_small,19,0.06,1110,true,0.000207831,0.000026239,1,4
mvtable_simd,ur5,bookshelf_small,19,0.06,1110,true,0.000020148,0.000019156,1,4
mvtable_mutable_simd,ur5,bookshelf_small,19,0.06,1110,true,0.000019647,0.000022923,1,4
mvt_cpp_simd,ur5,bookshelf_small,19,0.06,1110,true,0.000022262,0.000011562,1,4
capt_simd,ur5,bookshelf_small,19,0.06,1110,true,0.000049924,0.000601891,1,4
primitive,ur5,bookshelf_small,20,0.06,1091,true,0.000037471,0.00000014,192,5
mvtable,ur5,bookshelf_small,20,0.06,1091,true,0.000049844,0.000019337,192,5
mvtable_mutable,ur5,bookshelf_small,20,0.06,1091,true,0.00004806,0.000023354,192,5
mvtable_cpp,ur5,bookshelf_small,20,0.06,1091,true,0.000060373,0.000011732,192,5
capt,ur5,bookshelf_small,20,0.06,1091,true,0.00009574,0.000582826,192,5
kiddo,ur5,bookshelf_small,20,0.06,1091,true,0.00030876,0.000027161,192,5
mvtable_simd,ur5,bookshelf_small,20,0.06,1091,true,0.000040376,0.000019266,192,5
mvtable_mutable_simd,ur5,bookshelf_small,20,0.06,1091,true,0.000040756,0.000023124,192,5
mvt_cpp_simd,ur5,bookshelf_small,20,0.06,1091,true,0.000041679,0.000011552,192,5
capt_simd,ur5,bookshelf_small,20,0.06,1091,true,0.000079259,0.000594006,192,5
primitive,ur5,bookshelf_small,21,0.06,1155,true,0.000025158,0.00000016,45,3
mvtable,ur5,bookshelf_small,21,0.06,1155,true,0.000025438,0.00002123,1,2
mvtable_mutable,ur5,bookshelf_small,21,0.06,1155,true,0.000025358,0.000026379,1,2
mvtable_cpp,ur5,bookshelf_small,21,0.06,1155,true,0.000040156,0.000015709,1,2
capt,ur5,bookshelf_small,21,0.06,1155,true,0.000047149,0.000618562,1,2
kiddo,ur5,bookshelf_small,21,0.06,1155,true,0.000113263,0.000027291,1,2
mvtable_simd,ur5,bookshelf_small,21,0.06,1155,true,0.000020809,0.000020979,1,2
mvtable_mutable_simd,ur5,bookshelf_small,21,0.06,1155,true,0.000020509,0.000026339,1,2
mvt_cpp_simd,ur5,bookshelf_small,21,0.06,1155,true,0.000028403,0.000015229,1,2
capt_simd,ur5,bookshelf_small,21,0.06,1155,true,0.000034415,0.000627319,1,2
primitive,ur5,bookshelf_small,23,0.06,1030,true,0.000022502,0.00000012,57,3
mvtable,ur5,bookshelf_small,23,0.06,1030,true,0.000019146,0.000017283,1,3
mvtable_mutable,ur5,bookshelf_small,23,0.06,1030,true,0.000019186,0.000020389,1,3
mvtable_cpp,ur5,bookshelf_small,23,0.06,1030,true,0.000022171,0.000010941,1,3
capt,ur5,bookshelf_small,23,0.06,1030,true,0.000045476,0.000544643,1,3
kiddo,ur5,bookshelf_small,23,0.06,1030,true,0.000159129,0.000025508,1,3
mvtable_simd,ur5,bookshelf_small,23,0.06,1030,true,0.000014066,0.000017032,1,3
mvtable_mutable_simd,ur5,bookshelf_small,23,0.06,1030,true,0.000013505,0.000020368,1,3
mvt_cpp_simd,ur5,bookshelf_small,23,0.06,1030,true,0.000015099,0.00001091,1,3
capt_simd,ur5,bookshelf_small,23,0.06,1030,true,0.000036739,0.00055361,1,3
primitive,ur5,bookshelf_small,24,0.06,1120,true,0.000118373,0.00000016,591,15
mvtable,ur5,bookshelf_small,24,0.06,1120,true,0.000045686,0.000020068,54,6
mvtable_mutable,ur5,bookshelf_small,24,0.06,1120,true,0.000043552,0.000023684,54,6
mvtable_cpp,ur5,bookshelf_small,24,0.06,1120,true,0.000047269,0.000012403,54,6
capt,ur5,bookshelf_small,24,0.06,1120,true,0.000104407,0.000593095,54,6
kiddo,ur5,bookshelf_small,24,0.06,1120,true,0.000320643,0.000027852,54,6
mvtable_simd,ur5,bookshelf_small,24,0.06,1120,true,0.000039234,0.000020338,54,6
mvtable_mutable_simd,ur5,bookshelf_small,24,0.06,1120,true,0.000034675,0.000023384,54,6
mvt_cpp_simd,ur5,bookshelf_small,24,0.06,1120,true,0.000033453,0.000012173,54,6
capt_simd,ur5,bookshelf_small,24,0.06,1120,true,0.000077455,0.000608524,54,6
primitive,ur5,bookshelf_small,25,0.06,1112,true,0.000068528,0.00000022,111,9
mvtable,ur5,bookshelf_small,25,0.06,1112,true,0.000108534,0.000019868,111,9
mvtable_mutable,ur5,bookshelf_small,25,0.06,1112,true,0.000106139,0.000023925,111,9
mvtable_cpp,ur5,bookshelf_small,25,0.06,1112,true,0.000125966,0.000012123,111,9
capt,ur5,bookshelf_small,25,0.06,1112,true,0.00021249,0.000598505,111,9
kiddo,ur5,bookshelf_small,25,0.06,1112,true,0.000680158,0.00002694,111,9
mvtable_simd,ur5,bookshelf_small,25,0.06,1112,true,0.000086562,0.000019847,111,9
mvtable_mutable_simd,ur5,bookshelf_small,25,0.06,1112,true,0.000090881,0.000023584,111,9
mvt_cpp_simd,ur5,bookshelf_small,25,0.06,1112,true,0.000090871,0.000011922,111,9
capt_simd,ur5,bookshelf_small,25,0.06,1112,true,0.000169498,0.000610367,111,9
primitive,ur5,bookshelf_small,26,0.06,1124,true,0.000077405,0.00000019,597,5
mvtable,ur5,bookshelf_small,26,0.06,1124,true,0.000137859,0.000020148,240,13
mvtable_mutable,ur5,bookshelf_small,26,0.06,1124,true,0.000127981,0.000023794,240,13
mvtable_cpp,ur5,bookshelf_small,26,0.06,1124,true,0.000160541,0.000012504,240,13
capt,ur5,bookshelf_small,26,0.06,1124,true,0.000250842,0.000608554,240,13
kiddo,ur5,bookshelf_small,26,0.06,1124,true,0.000830591,0.000027932,240,13
mvtable_simd,ur5,bookshelf_small,26,0.06,1124,true,0.000105358,0.000019947,240,13
mvtable_mutable_simd,ur5,bookshelf_small,26,0.06,1124,true,0.000105768,0.000023464,240,13
mvt_cpp_simd,ur5,bookshelf_small,26,0.06,1124,true,0.000117751,0.000012594,240,13
capt_simd,ur5,bookshelf_small,26,0.06,1124,true,0.000216366,0.000616077,240,13
primitive,ur5,bookshelf_small,27,0.06,1145,true,0.000257093,0.000000221,4014,5
mvtable,ur5,bookshelf_small,27,0.06,1145,true,0.00005343,0.000019998,114,4
mvtable_mutable,ur5,bookshelf_small,27,0.06,1145,true,0.000052488,0.000023584,114,4
mvtable_cpp,ur5,bookshelf_small,27,0.06,1145,true,0.000069631,0.000014698,114,4
capt,ur5,bookshelf_small,27,0.06,1145,true,0.0001061,0.000609224,114,4
kiddo,ur5,bookshelf_small,27,0.06,1145,true,0.000301296,0.000027171,114,4
mvtable_simd,ur5,bookshelf_small,27,0.06,1145,true,0.000045014,0.000019577,114,4
mvtable_mutable_simd,ur5,bookshelf_small,27,0.06,1145,true,0.000044954,0.000023243,114,4
mvt_cpp_simd,ur5,bookshelf_small,27,0.06,1145,true,0.00005308,0.000017152,114,4
capt_simd,ur5,bookshelf_small,27,0.06,1145,true,0.000071014,0.000625375,114,4
primitive,ur5,bookshelf_small,28,0.06,1452,true,0.000050655,0.00000016,234,6
mvtable,ur5,bookshelf_small,28,0.06,1452,true,0.000052178,0.000024025,18,5
mvtable_mutable,ur5,bookshelf_small,28,0.06,1452,true,0.000050855,0.000028394,18,5
mvtable_cpp,ur5,bookshelf_small,28,0.06,1452,true,0.000069761,0.00001627,18,5
capt,ur5,bookshelf_small,28,0.06,1452,true,0.000115056,0.000852592,18,5
kiddo,ur5,bookshelf_small,28,0.06,1452,true,0.00027648,0.000035697,18,5
mvtable_simd,ur5,bookshelf_small,28,0.06,1452,true,0.000041748,0.000023985,18,5
mvtable_mutable_simd,ur5,bookshelf_small,28,0.06,1452,true,0.00004289,0.000028253,18,5
mvt_cpp_simd,ur5,bookshelf_small,28,0.06,1452,true,0.00004281,0.00001609,18,5
capt_simd,ur5,bookshelf_small,28,0.06,1452,true,0.000082014,0.000875234,18,5
primitive,ur5,bookshelf_small,29,0.06,1100,true,0.000024526,0.00000023,36,4
mvtable,ur5,bookshelf_small,29,0.06,1100,true,0.000037801,0.000024676,1,4
mvtable_mutable,ur5,bookshelf_small,29,0.06,1100,true,0.000037461,0.000023334,1,4
mvtable_cpp,ur5,bookshelf_small,29,0.06,1100,true,0.000038713,0.000012693,1,4
capt,ur5,bookshelf_small,29,0.06,1100,true,0.000084118,0.000592032,1,4
kiddo,ur5,bookshelf_small,29,0.06,1100,true,0.000220354,0.000027202,1,4
mvtable_simd,ur5,bookshelf_small,29,0.06,1100,true,0.000030778,0.000019447,1,4
mvtable_mutable_simd,ur5,bookshelf_small,29,0.06,1100,true,0.000028815,0.000022873,1,4
mvt_cpp_simd,ur5,bookshelf_small,29,0.06,1100,true,0.000027893,0.000012253,1,4
capt_simd,ur5,bookshelf_small,29,0.06,1100,true,0.000056947,0.000606169,1,4
primitive,ur5,bookshelf_small,31,0.06,1157,true,0.000471556,0.00000011,6993,6
mvtable,ur5,bookshelf_small,31,0.06,1157,true,0.000164289,0.000020418,954,6
mvtable_mutable,ur5,bookshelf_small,31,0.06,1157,true,0.00016493,0.000023955,954,6
mvtable_cpp,ur5,bookshelf_small,31,0.06,1157,true,0.000200166,0.000015409,954,6
capt,ur5,bookshelf_small,31,0.06,1157,true,0.000268234,0.000613082,954,6
kiddo,ur5,bookshelf_small,31,0.06,1157,true,0.00054861,0.000027272,954,6
mvtable_simd,ur5,bookshelf_small,31,0.06,1157,true,0.000142218,0.000020328,954,6
mvtable_mutable_simd,ur5,bookshelf_small,31,0.06,1157,true,0.000148849,0.000023644,954,6
mvt_cpp_simd,ur5,bookshelf_small,31,0.06,1157,true,0.000153669,0.000015439,954,6
capt_simd,ur5,bookshelf_small,31,0.06,1157,true,0.00023424,0.000623,954,6
primitive,ur5,bookshelf_small,32,0.06,1149,true,0.000115266,0.000000221,244,17
mvtable,ur5,bookshelf_small,32,0.06,1149,true,0.000128962,0.000020689,102,15
mvtable_mutable,ur5,bookshelf_small,32,0.06,1149,true,0.000125736,0.000024336,102,15
mvtable_cpp,ur5,bookshelf_small,32,0.06,1149,true,0.000175189,0.000015569,102,15
capt,ur5,bookshelf_small,32,0.06,1149,true,0.000234942,0.000609235,102,15
kiddo,ur5,bookshelf_small,32,0.06,1149,true,0.000596771,0.000031048,102,15
mvtable_simd,ur5,bookshelf_small,32,0.06,1149,true,0.000104717,0.000020428,102,15
mvtable_mutable_simd,ur5,bookshelf_small,32,0.06,1149,true,0.000106571,0.000024275,102,15
mvt_cpp_simd,ur5,bookshelf_small,32,0.06,1149,true,0.000129353,0.000015368,102,15
capt_simd,ur5,bookshelf_small,32,0.06,1149,true,0.000194736,0.000625275,102,15
primitive,ur5,bookshelf_small,33,0.06,1085,true,0.00019139,0.00000018,722,24
mvtable,ur5,bookshelf_small,33,0.06,1085,true,0.000235573,0.000022813,722,26
mvtable_mutable,ur5,bookshelf_small,33,0.06,1085,true,0.000232517,0.000021981,722,26
mvtable_cpp,ur5,bookshelf_small,33,0.06,1085,true,0.000281669,0.000011712,722,26
capt,ur5,bookshelf_small,33,0.06,1085,true,0.000527191,0.000596341,722,26
kiddo,ur5,bookshelf_small,33,0.06,1085,true,0.001703511,0.000028173,722,26
mvtable_simd,ur5,bookshelf_small,33,0.06,1085,true,0.000178506,0.000018375,722,26
mvtable_mutable_simd,ur5,bookshelf_small,33,0.06,1085,true,0.000180409,0.000021971,722,26
mvt_cpp_simd,ur5,bookshelf_small,33,0.06,1085,true,0.000186851,0.000011893,722,26
capt_simd,ur5,bookshelf_small,33,0.06,1085,true,0.000451658,0.000615456,722,26
primitive,ur5,bookshelf_small,34,0.06,1030,true,0.000041488,0.00000017,219,5
mvtable,ur5,bookshelf_small,34,0.06,1030,true,0.000057207,0.000017122,219,5
mvtable_mutable,ur5,bookshelf_small,34,0.06,1030,true,0.000055885,0.000025558,219,5
mvtable_cpp,ur5,bookshelf_small,34,0.06,1030,true,0.000060624,0.000011231,219,5
capt,ur5,bookshelf_small,34,0.06,1030,true,0.00011748,0.000543611,219,5
kiddo,ur5,bookshelf_small,34,0.06,1030,true,0.000375215,0.000026149,219,5
mvtable_simd,ur5,bookshelf_small,34,0.06,1030,true,0.00004818,0.000016982,219,5
mvtable_mutable_simd,ur5,bookshelf_small,34,0.06,1030,true,0.000046768,0.000020258,219,5
mvt_cpp_simd,ur5,bookshelf_small,34,0.06,1030,true,0.000049112,0.000011081,219,5
capt_simd,ur5,bookshelf_small,34,0.06,1030,true,0.000093375,0.000548441,219,5
primitive,ur5,bookshelf_small,35,0.06,1119,true,0.000035407,0.000000171,54,6
mvtable,ur5,bookshelf_small,35,0.06,1119,true,0.000045235,0.000020138,18,6
mvtable_mutable,ur5,bookshelf_small,35,0.06,1119,true,0.000043933,0.000024195,18,6
mvtable_cpp,ur5,bookshelf_small,35,0.06,1119,true,0.000054793,0.000015038,18,6
capt,ur5,bookshelf_small,35,0.06,1119,true,0.000090901,0.000597924,18,6
kiddo,ur5,bookshelf_small,35,0.06,1119,true,0.000309692,0.000033884,18,6
mvtable_simd,ur5,bookshelf_small,35,0.06,1119,true,0.000035176,0.000019777,18,6
mvtable_mutable_simd,ur5,bookshelf_small,35,0.06,1119,true,0.000035236,0.000024085,18,6
mvt_cpp_simd,ur5,bookshelf_small,35,0.06,1119,true,0.000039404,0.000017623,18,6
capt_simd,ur5,bookshelf_small,35,0.06,1119,true,0.000070613,0.000609475,18,6
primitive,ur5,bookshelf_small,36,0.06,1146,true,0.000139853,0.000000241,981,9
mvtable,ur5,bookshelf_small,36,0.06,1146,true,0.000082194,0.000021541,9,9
mvtable_mutable,ur5,bookshelf_small,36,0.06,1146,true,0.00008026,0.000025148,9,9
mvtable_cpp,ur5,bookshelf_small,36,0.06,1146,true,0.000115547,0.000012594,9,9
capt,ur5,bookshelf_small,36,0.06,1146,true,0.000153809,0.000600308,9,9
kiddo,ur5,bookshelf_small,36,0.06,1146,true,0.000386446,0.000028814,9,9
mvtable_simd,ur5,bookshelf_small,36,0.06,1146,true,0.000066986,0.00002122,9,9
mvtable_mutable_simd,ur5,bookshelf_small,36,0.06,1146,true,0.000071204,0.000024436,9,9
mvt_cpp_simd,ur5,bookshelf_small,36,0.06,1146,true,0.000075302,0.000012724,9,9
capt_simd,ur5,bookshelf_small,36,0.06,1146,true,0.000119885,0.000613402,9,9
primitive,ur5,bookshelf_small,37,0.06,1104,true,0.000059882,0.00000022,169,8
mvtable,ur5,bookshelf_small,37,0.06,1104,true,0.000069901,0.000019246,169,8
mvtable_mutable,ur5,bookshelf_small,37,0.06,1104,true,0.000073368,0.000022593,169,8
mvtable_cpp,ur5,bookshelf_small,37,0.06,1104,true,0.000080341,0.000012113,169,8
capt,ur5,bookshelf_small,37,0.06,1104,true,0.000135234,0.000587675,169,8
kiddo,ur5,bookshelf_small,37,0.06,1104,true,0.00042549,0.000027161,169,8
mvtable_simd,ur5,bookshelf_small,37,0.06,1104,true,0.000056366,0.000019076,169,8
mvtable_mutable_simd,ur5,bookshelf_small,37,0.06,1104,true,0.000055304,0.000022722,169,8
mvt_cpp_simd,ur5,bookshelf_small,37,0.06,1104,true,0.000060102,0.000012143,169,8
capt_simd,ur5,bookshelf_small,37,0.06,1104,true,0.000115457,0.000604736,169,8
primitive,ur5,bookshelf_small,38,0.06,1119,true,0.000189246,0.000000171,1800,10
mvtable,ur5,bookshelf_small,38,0.06,1119,true,0.000317687,0.000019928,1047,19
mvtable_mutable,ur5,bookshelf_small,38,0.06,1119,true,0.000311225,0.000023174,1047,19
mvtable_cpp,ur5,bookshelf_small,38,0.06,1119,true,0.000364385,0.000012163,1047,19
capt,ur5,bookshelf_small,38,0.06,1119,true,0.000568027,0.000599616,1047,19
kiddo,ur5,bookshelf_small,38,0.06,1119,true,0.001515628,0.000025859,1047,19
mvtable_simd,ur5,bookshelf_small,38,0.06,1119,true,0.000269486,0.000019557,1047,19
mvtable_mutable_simd,ur5,bookshelf_small,38,0.06,1119,true,0.000278433,0.000023274,1047,19
mvt_cpp_simd,ur5,bookshelf_small,38,0.06,1119,true,0.0002875,0.000012223,1047,19
capt_simd,ur5,bookshelf_small,38,0.06,1119,true,0.000456878,0.000614655,1047,19
primitive,ur5,bookshelf_small,39,0.06,1111,true,0.000045846,0.000000181,279,5
mvtable,ur5,bookshelf_small,39,0.06,1111,true,0.000098796,0.000019497,345,10
mvtable_mutable,ur5,bookshelf_small,39,0.06,1111,true,0.000095289,0.000023073,345,10
mvtable_cpp,ur5,bookshelf_small,39,0.06,1111,true,0.000120436,0.000012864,345,10
capt,ur5,bookshelf_small,39,0.06,1111,true,0.000171422,0.000611389,345,10
kiddo,ur5,bookshelf_small,39,0.06,1111,true,0.000529245,0.000028233,345,10
mvtable_simd,ur5,bookshelf_small,39,0.06,1111,true,0.000086423,0.000019226,345,10
mvtable_mutable_simd,ur5,bookshelf_small,39,0.06,1111,true,0.000080491,0.000023664,345,10
mvt_cpp_simd,ur5,bookshelf_small,39,0.06,1111,true,0.000089498,0.000012514,345,10
capt_simd,ur5,bookshelf_small,39,0.06,1111,true,0.000150072,0.000612791,345,10
primitive,ur5,bookshelf_small,40,0.06,1150,true,0.000168657,0.00000029,1995,8
mvtable,ur5,bookshelf_small,40,0.06,1150,true,0.000118202,0.000020308,130,9
mvtable_mutable,ur5,bookshelf_small,40,0.06,1150,true,0.000116088,0.000025538,130,9
mvtable_cpp,ur5,bookshelf_small,40,0.06,1150,true,0.000149611,0.0000163,130,9
capt,ur5,bookshelf_small,40,0.06,1150,true,0.000200216,0.000608674,130,9
kiddo,ur5,bookshelf_small,40,0.06,1150,true,0.000446779,0.000028033,130,9
mvtable_simd,ur5,bookshelf_small,40,0.06,1150,true,0.000101531,0.000020158,130,9
mvtable_mutable_simd,ur5,bookshelf_small,40,0.06,1150,true,0.000100569,0.000029696,130,9
mvt_cpp_simd,ur5,bookshelf_small,40,0.06,1150,true,0.000106249,0.00001607,130,9
capt_simd,ur5,bookshelf_small,40,0.06,1150,true,0.000155251,0.000618923,130,9
primitive,ur5,bookshelf_small,41,0.06,1065,true,0.000089178,0.00000017,558,7
mvtable,ur5,bookshelf_small,41,0.06,1065,true,0.000029686,0.000017343,1,4
mvtable_mutable,ur5,bookshelf_small,41,0.06,1065,true,0.000028894,0.00002103,1,4
mvtable_cpp,ur5,bookshelf_small,41,0.06,1065,true,0.000034345,0.000011542,1,4
capt,ur5,bookshelf_small,41,0.06,1065,true,0.000071745,0.000578507,1,4
kiddo,ur5,bookshelf_small,41,0.06,1065,true,0.000234991,0.000025648,1,4
mvtable_simd,ur5,bookshelf_small,41,0.06,1065,true,0.000020819,0.000017383,1,4
mvtable_mutable_simd,ur5,bookshelf_small,41,0.06,1065,true,0.000020519,0.000020719,1,4
mvt_cpp_simd,ur5,bookshelf_small,41,0.06,1065,true,0.000023735,0.000011291,1,4
capt_simd,ur5,bookshelf_small,41,0.06,1065,true,0.000055996,0.000580411,1,4
primitive,ur5,bookshelf_small,42,0.06,1142,true,0.000084168,0.000000151,955,5
mvtable,ur5,bookshelf_small,42,0.06,1142,true,0.000086573,0.000020008,501,5
mvtable_mutable,ur5,bookshelf_small,42,0.06,1142,true,0.000078638,0.000024265,501,5
mvtable_cpp,ur5,bookshelf_small,42,0.06,1142,true,0.000095229,0.000012724,501,5
capt,ur5,bookshelf_small,42,0.06,1142,true,0.000148329,0.000612421,501,5
kiddo,ur5,bookshelf_small,42,0.06,1142,true,0.000362721,0.000027952,501,5
mvtable_simd,ur5,bookshelf_small,42,0.06,1142,true,0.000068188,0.000019858,501,5
mvtable_mutable_simd,ur5,bookshelf_small,42,0.06,1142,true,0.000068198,0.000023625,501,5
mvt_cpp_simd,ur5,bookshelf_small,42,0.06,1142,true,0.000076474,0.000012373,501,5
capt_simd,ur5,bookshelf_small,42,0.06,1142,true,0.000114805,0.000621648,501,5
primitive,ur5,bookshelf_small,43,0.06,1118,true,0.000062147,0.00000017,81,10
mvtable,ur5,bookshelf_small,43,0.06,1118,true,0.000075161,0.000019396,81,10
mvtable_mutable,ur5,bookshelf_small,43,0.06,1118,true,0.000073489,0.000023614,81,10
mvtable_cpp,ur5,bookshelf_small,43,0.06,1118,true,0.000088927,0.000012764,81,10
capt,ur5,bookshelf_small,43,0.06,1118,true,0.000152116,0.000596441,81,10
kiddo,ur5,bookshelf_small,43,0.06,1118,true,0.000483498,0.000028483,81,10
mvtable_simd,ur5,bookshelf_small,43,0.06,1118,true,0.00005859,0.000019396,81,10
mvtable_mutable_simd,ur5,bookshelf_small,43,0.06,1118,true,0.00005848,0.000023274,81,10
mvt_cpp_simd,ur5,bookshelf_small,43,0.06,1118,true,0.000070152,0.000015329,81,10
capt_simd,ur5,bookshelf_small,43,0.06,1118,true,0.00013304,0.000611268,81,10
primitive,ur5,bookshelf_small,44,0.06,1093,true,0.000013105,0.00000016,1,2
mvtable,ur5,bookshelf_small,44,0.06,1093,true,0.000018805,0.000019437,1,2
mvtable_mutable,ur5,bookshelf_small,44,0.06,1093,true,0.000015329,0.000022773,1,2
mvtable_cpp,ur5,bookshelf_small,44,0.06,1093,true,0.000018595,0.000012022,1,2
capt,ur5,bookshelf_small,44,0.06,1093,true,0.000039224,0.000593946,1,2
kiddo,ur5,bookshelf_small,44,0.06,1093,true,0.000121248,0.000028173,1,2
mvtable_simd,ur5,bookshelf_small,44,0.06,1093,true,0.000012804,0.000018645,1,2
mvtable_mutable_simd,ur5,bookshelf_small,44,0.06,1093,true,0.000018665,0.000022352,1,2
mvt_cpp_simd,ur5,bookshelf_small,44,0.06,1093,true,0.000017212,0.000011541,1,2
capt_simd,ur5,bookshelf_small,44,0.06,1093,true,0.000030307,0.000599276,1,2
primitive,ur5,bookshelf_small,45,0.06,1151,true,0.000480823,0.000000421,7982,11
mvtable,ur5,bookshelf_small,45,0.06,1151,true,0.000065563,0.00002098,400,5
mvtable_mutable,ur5,bookshelf_small,45,0.06,1151,true,0.000062167,0.000025508,400,5
mvtable_cpp,ur5,bookshelf_small,45,0.06,1151,true,0.00007982,0.000016501,400,5
capt,ur5,bookshelf_small,45,0.06,1151,true,0.000113183,0.000616318,400,5
kiddo,ur5,bookshelf_small,45,0.06,1151,true,0.000240793,0.000028784,400,5
mvtable_simd,ur5,bookshelf_small,45,0.06,1151,true,0.000056997,0.000021049,400,5
mvtable_mutable_simd,ur5,bookshelf_small,45,0.06,1151,true,0.000055434,0.000024857,400,5
mvt_cpp_simd,ur5,bookshelf_small,45,0.06,1151,true,0.000061015,0.000016431,400,5
capt_simd,ur5,bookshelf_small,45,0.06,1151,true,0.000085361,0.000633881,400,5
primitive,ur5,bookshelf_small,46,0.06,1146,true,0.000034645,0.00000016,54,6
mvtable,ur5,bookshelf_small,46,0.06,1146,true,0.000059982,0.000020729,18,6
mvtable_mutable,ur5,bookshelf_small,46,0.06,1146,true,0.00005844,0.000024356,18,6
mvtable_cpp,ur5,bookshelf_small,46,0.06,1146,true,0.000082175,0.000017333,18,6
capt,ur5,bookshelf_small,46,0.06,1146,true,0.000116759,0.000613463,18,6
kiddo,ur5,bookshelf_small,46,0.06,1146,true,0.000278474,0.000028384,18,6
mvtable_simd,ur5,bookshelf_small,46,0.06,1146,true,0.000048261,0.000020458,18,6
mvtable_mutable_simd,ur5,bookshelf_small,46,0.06,1146,true,0.000048141,0.000024135,18,6
mvt_cpp_simd,ur5,bookshelf_small,46,0.06,1146,true,0.000050485,0.000016781,18,6
capt_simd,ur5,bookshelf_small,46,0.06,1146,true,0.000083808,0.000621187,18,6
primitive,ur5,bookshelf_small,47,0.06,1128,true,0.000024386,0.00000017,2,5
mvtable,ur5,bookshelf_small,47,0.06,1128,true,0.000040987,0.000020339,2,5
mvtable_mutable,ur5,bookshelf_small,47,0.06,1128,true,0.000040977,0.000027913,2,5
mvtable_cpp,ur5,bookshelf_small,47,0.06,1128,true,0.000052679,0.000012193,2,5
capt,ur5,bookshelf_small,47,0.06,1128,true,0.000082545,0.000606169,2,5
kiddo,ur5,bookshelf_small,47,0.06,1128,true,0.000260108,0.000027762,2,5
mvtable_simd,ur5,bookshelf_small,47,0.06,1128,true,0.000032571,0.000020078,2,5
mvtable_mutable_simd,ur5,bookshelf_small,47,0.06,1128,true,0.00003238,0.000023434,2,5
mvt_cpp_simd,ur5,bookshelf_small,47,0.06,1128,true,0.000035727,0.000012303,2,5
capt_simd,ur5,bookshelf_small,47,0.06,1128,true,0.000062998,0.000612131,2,5
primitive,ur5,bookshelf_small,48,0.06,1101,true,0.000033102,0.000000151,85,5
mvtable,ur5,bookshelf_small,48,0.06,1101,true,0.000025428,0.000018975,1,4
mvtable_mutable,ur5,bookshelf_small,48,0.06,1101,true,0.000024797,0.00002654,1,4
mvtable_cpp,ur5,bookshelf_small,48,0.06,1101,true,0.000028103,0.000011522,1,4
capt,ur5,bookshelf_small,48,0.06,1101,true,0.000062477,0.000590931,1,4
kiddo,ur5,bookshelf_small,48,0.06,1101,true,0.000208381,0.000026901,1,4
mvtable_simd,ur5,bookshelf_small,48,0.06,1101,true,0.000022562,0.000018836,1,4
mvtable_mutable_simd,ur5,bookshelf_small,48,0.06,1101,true,0.000017803,0.000022231,1,4
mvt_cpp_simd,ur5,bookshelf_small,48,0.06,1101,true,0.000020649,0.000011351,1,4
capt_simd,ur5,bookshelf_small,48,0.06,1101,true,0.00004755,0.000595278,1,4
primitive,ur5,bookshelf_small,49,0.06,1088,true,0.000140294,0.00000016,1809,7
mvtable,ur5,bookshelf_small,49,0.06,1088,true,0.000129824,0.000018595,954,7
mvtable_mutable,ur5,bookshelf_small,49,0.06,1088,true,0.000123893,0.00002682,954,7
mvtable_cpp,ur5,bookshelf_small,49,0.06,1088,true,0.000141366,0.000011932,954,7
capt,ur5,bookshelf_small,49,0.06,1088,true,0.000237786,0.000596591,954,7
kiddo,ur5,bookshelf_small,49,0.06,1088,true,0.00059601,0.000027461,954,7
mvtable_simd,ur5,bookshelf_small,49,0.06,1088,true,0.000113062,0.000018795,954,7
mvtable_mutable_simd,ur5,bookshelf_small,49,0.06,1088,true,0.000110408,0.000022533,954,7
mvt_cpp_simd,ur5,bookshelf_small,49,0.06,1088,true,0.000114906,0.000011571,954,7
capt_simd,ur5,bookshelf_small,49,0.06,1088,true,0.000177053,0.000604776,954,7
primitive,ur5,bookshelf_small,50,0.06,1071,true,0.000094748,0.000000241,925,4
mvtable,ur5,bookshelf_small,50,0.06,1071,true,0.000227197,0.00002131,349,23
mvtable_mutable,ur5,bookshelf_small,50,0.06,1071,true,0.000225684,0.00002082,349,23
mvtable_cpp,ur5,bookshelf_small,50,0.06,1071,true,0.000257985,0.000011071,349,23
capt,ur5,bookshelf_small,50,0.06,1071,true,0.000496744,0.000574199,349,23
kiddo,ur5,bookshelf_small,50,0.06,1071,true,0.001367459,0.000026449,349,23
mvtable_simd,ur5,bookshelf_small,50,0.06,1071,true,0.000183114,0.000017353,349,23
mvtable_mutable_simd,ur5,bookshelf_small,50,0.06,1071,true,0.00017587,0.000020919,349,23
mvt_cpp_simd,ur5,bookshelf_small,50,0.06,1071,true,0.000178986,0.000011271,349,23
capt_simd,ur5,bookshelf_small,50,0.06,1071,true,0.000401154,0.00059067,349,23
primitive,ur5,bookshelf_tall,1,0.06,4742,true,0.000037981,0.000000581,2,5
mvtable,ur5,bookshelf_tall,1,0.06,4742,true,0.000033373,0.000091041,1,4
mvtable_mutable,ur5,bookshelf_tall,1,0.06,4742,true,0.000031439,0.000111149,1,4
mvtable_cpp,ur5,bookshelf_tall,1,0.06,4742,true,0.000044894,0.000050805,1,4
capt,ur5,bookshelf_tall,1,0.06,4742,true,0.000101881,0.004046042,1,4
kiddo,ur5,bookshelf_tall,1,0.06,4742,true,0.000320743,0.000132739,1,4
mvtable_simd,ur5,bookshelf_tall,1,0.06,4742,true,0.000027592,0.000092854,1,4
mvtable_mutable_simd,ur5,bookshelf_tall,1,0.06,4742,true,0.000025848,0.000110688,1,4
mvt_cpp_simd,ur5,bookshelf_tall,1,0.06,4742,true,0.000028854,0.000047379,1,4
capt_simd,ur5,bookshelf_tall,1,0.06,4742,true,0.000061085,0.004596116,1,4
primitive,ur5,bookshelf_tall,2,0.06,5036,true,0.000038112,0.000000231,18,6
mvtable,ur5,bookshelf_tall,2,0.06,5036,true,0.000056626,0.000093326,18,6
mvtable_mutable,ur5,bookshelf_tall,2,0.06,5036,true,0.000051907,0.000123592,18,6
mvtable_cpp,ur5,bookshelf_tall,2,0.06,5036,true,0.000089188,0.000054782,18,6
capt,ur5,bookshelf_tall,2,0.06,5036,true,0.00010082,0.003977594,18,6
kiddo,ur5,bookshelf_tall,2,0.06,5036,true,0.000294283,0.000187693,18,6
mvtable_simd,ur5,bookshelf_tall,2,0.06,5036,true,0.000045195,0.000091472,18,6
mvtable_mutable_simd,ur5,bookshelf_tall,2,0.06,5036,true,0.000045285,0.000115958,18,6
mvt_cpp_simd,ur5,bookshelf_tall,2,0.06,5036,true,0.000050825,0.000063319,18,6
capt_simd,ur5,bookshelf_tall,2,0.06,5036,true,0.000075021,0.004740788,18,6
primitive,ur5,bookshelf_tall,3,0.06,5007,true,0.000113373,0.000000201,628,7
mvtable,ur5,bookshelf_tall,3,0.06,5007,true,0.000224051,0.000091171,130,18
mvtable_mutable,ur5,bookshelf_tall,3,0.06,5007,true,0.000226586,0.000116018,130,18
mvtable_cpp,ur5,bookshelf_tall,3,0.06,5007,true,0.000439226,0.000046858,130,18
capt,ur5,bookshelf_tall,3,0.06,5007,true,0.000357803,0.004083333,130,18
kiddo,ur5,bookshelf_tall,3,0.06,5007,true,0.001265598,0.000163948,130,18
mvtable_simd,ur5,bookshelf_tall,3,0.06,5007,true,0.00019733,0.000091773,130,18
mvtable_mutable_simd,ur5,bookshelf_tall,3,0.06,5007,true,0.000232527,0.000117511,130,18
mvt_cpp_simd,ur5,bookshelf_tall,3,0.06,5007,true,0.000220284,0.000059352,130,18
capt_simd,ur5,bookshelf_tall,3,0.06,5007,true,0.000288922,0.005143735,130,18
primitive,ur5,bookshelf_tall,4,0.06,5088,true,0.000104526,0.000000622,184,9
mvtable,ur5,bookshelf_tall,4,0.06,5088,true,0.000176261,0.000095078,184,9
mvtable_mutable,ur5,bookshelf_tall,4,0.06,5088,true,0.000177283,0.000122901,184,9
mvtable_cpp,ur5,bookshelf_tall,4,0.06,5088,true,0.000268665,0.000052839,184,9
capt,ur5,bookshelf_tall,4,0.06,5088,true,0.000306065,0.004269763,184,9
kiddo,ur5,bookshelf_tall,4,0.06,5088,true,0.000773153,0.000134192,184,9
mvtable_simd,ur5,bookshelf_tall,4,0.06,5088,true,0.000155261,0.000092263,184,9
mvtable_mutable_simd,ur5,bookshelf_tall,4,0.06,5088,true,0.000161864,0.0001171,184,9
mvt_cpp_simd,ur5,bookshelf_tall,4,0.06,5088,true,0.000178816,0.000057968,184,9
capt_simd,ur5,bookshelf_tall,4,0.06,5088,true,0.000210425,0.004931677,184,9
primitive,ur5,bookshelf_tall,5,0.06,4875,true,0.000368161,0.0000004,3375,8
mvtable,ur5,bookshelf_tall,5,0.06,4875,true,0.000110217,0.00008521,415,9
mvtable_mutable,ur5,bookshelf_tall,5,0.06,4875,true,0.000108154,0.000109786,415,9
mvtable_cpp,ur5,bookshelf_tall,5,0.06,4875,true,0.000148659,0.000044894,415,9
capt,ur5,bookshelf_tall,5,0.06,4875,true,0.000263135,0.003936697,415,9
kiddo,ur5,bookshelf_tall,5,0.06,4875,true,0.000870286,0.000134713,415,9
mvtable_simd,ur5,bookshelf_tall,5,0.06,4875,true,0.000092063,0.000085591,415,9
mvtable_mutable_simd,ur5,bookshelf_tall,5,0.06,4875,true,0.000091773,0.000109235,415,9
mvt_cpp_simd,ur5,bookshelf_tall,5,0.06,4875,true,0.000107152,0.000048571,415,9
capt_simd,ur5,bookshelf_tall,5,0.06,4875,true,0.000193994,0.004726631,415,9
primitive,ur5,bookshelf_tall,6,0.06,5068,true,0.000076033,0.000000451,357,5
mvtable,ur5,bookshelf_tall,6,0.06,5068,true,0.000067387,0.000090741,37,7
mvtable_mutable,ur5,bookshelf_tall,6,0.06,5068,true,0.000077626,0.000120386,37,7
mvtable_cpp,ur5,bookshelf_tall,6,0.06,5068,true,0.000078367,0.000045496,37,7
capt,ur5,bookshelf_tall,6,0.06,5068,true,0.000134753,0.003977414,37,7
kiddo,ur5,bookshelf_tall,6,0.06,5068,true,0.000393189,0.00013823,37,7
mvtable_simd,ur5,bookshelf_tall,6,0.06,5068,true,0.000053691,0.000091351,37,7
mvtable_mutable_simd,ur5,bookshelf_tall,6,0.06,5068,true,0.000053621,0.000116288,37,7
mvt_cpp_simd,ur5,bookshelf_tall,6,0.06,5068,true,0.000054442,0.000051356,37,7
capt_simd,ur5,bookshelf_tall,6,0.06,5068,true,0.000104096,0.004723736,37,7
primitive,ur5,bookshelf_tall,7,0.06,5047,true,0.000073248,0.000000441,289,5
mvtable,ur5,bookshelf_tall,7,0.06,5047,true,0.000099647,0.000092704,214,5
mvtable_mutable,ur5,bookshelf_tall,7,0.06,5047,true,0.000099186,0.000117961,214,5
mvtable_cpp,ur5,bookshelf_tall,7,0.06,5047,true,0.000131387,0.000045415,214,5
capt,ur5,bookshelf_tall,7,0.06,5047,true,0.00017554,0.00397568,214,5
kiddo,ur5,bookshelf_tall,7,0.06,5047,true,0.000440909,0.000136707,214,5
mvtable_simd,ur5,bookshelf_tall,7,0.06,5047,true,0.000088887,0.000093245,214,5
mvtable_mutable_simd,ur5,bookshelf_tall,7,0.06,5047,true,0.000096882,0.00012215,214,5
mvt_cpp_simd,ur5,bookshelf_tall,7,0.06,5047,true,0.000094708,0.000053942,214,5
capt_simd,ur5,bookshelf_tall,7,0.06,5047,true,0.000144962,0.004647042,214,5
primitive,ur5,bookshelf_tall,8,0.06,4979,true,0.000035307,0.00000023,18,5
mvtable,ur5,bookshelf_tall,8,0.06,4979,true,0.000046708,0.000092163,18,5
mvtable_mutable,ur5,bookshelf_tall,8,0.06,4979,true,0.000045826,0.000125836,18,5
mvtable_cpp,ur5,bookshelf_tall,8,0.06,4979,true,0.000056597,0.000054152,18,5
capt,ur5,bookshelf_tall,8,0.06,4979,true,0.000097003,0.003921508,18,5
kiddo,ur5,bookshelf_tall,8,0.06,4979,true,0.000314771,0.000135605,18,5
mvtable_simd,ur5,bookshelf_tall,8,0.06,4979,true,0.000039845,0.000093555,18,5
mvtable_mutable_simd,ur5,bookshelf_tall,8,0.06,4979,true,0.000040797,0.000128432,18,5
mvt_cpp_simd,ur5,bookshelf_tall,8,0.06,4979,true,0.000038792,0.000049593,18,5
capt_simd,ur5,bookshelf_tall,8,0.06,4979,true,0.000071274,0.00458739,18,5
primitive,ur5,bookshelf_tall,9,0.06,5037,true,0.000136096,0.000000221,1005,9
mvtable,ur5,bookshelf_tall,9,0.06,5037,true,0.000061937,0.000092023,114,4
mvtable_mutable,ur5,bookshelf_tall,9,0.06,5037,true,0.000060825,0.000120877,114,4
mvtable_cpp,ur5,bookshelf_tall,9,0.06,5037,true,0.000105859,0.000052929,114,4
capt,ur5,bookshelf_tall,9,0.06,5037,true,0.000111209,0.003962445,114,4
kiddo,ur5,bookshelf_tall,9,0.06,5037,true,0.000266942,0.000136627,114,4
mvtable_simd,ur5,bookshelf_tall,9,0.06,5037,true,0.000068309,0.000099707,114,4
mvtable_mutable_simd,ur5,bookshelf_tall,9,0.06,5037,true,0.000057508,0.000118984,114,4
mvt_cpp_simd,ur5,bookshelf_tall,9,0.06,5037,true,0.000066685,0.000052558,114,4
capt_simd,ur5,bookshelf_tall,9,0.06,5037,true,0.000078117,0.004673401,114,4
primitive,ur5,bookshelf_tall,10,0.06,5002,true,0.000165631,0.000000251,162,19
mvtable,ur5,bookshelf_tall,10,0.06,5002,true,0.000086592,0.00009094,57,9
mvtable_mutable,ur5,bookshelf_tall,10,0.06,5002,true,0.000083016,0.000115397,57,9
mvtable_cpp,ur5,bookshelf_tall,10,0.06,5002,true,0.000125757,0.000047369,57,9
capt,ur5,bookshelf_tall,10,0.06,5002,true,0.000185558,0.003989526,57,9
kiddo,ur5,bookshelf_tall,10,0.06,5002,true,0.000610677,0.000151956,57,9
mvtable_simd,ur5,bookshelf_tall,10,0.06,5002,true,0.000072145,0.000090701,57,9
mvtable_mutable_simd,ur5,bookshelf_tall,10,0.06,5002,true,0.000078257,0.000123953,57,9
mvt_cpp_simd,ur5,bookshelf_tall,10,0.06,5002,true,0.000086252,0.000055454,57,9
capt_simd,ur5,bookshelf_tall,10,0.06,5002,true,0.000148439,0.004989745,57,9
primitive,ur5,bookshelf_tall,11,0.06,5024,true,0.000053671,0.00000038,219,5
mvtable,ur5,bookshelf_tall,11,0.06,5024,true,0.000064031,0.000090961,219,5
mvtable_mutable,ur5,bookshelf_tall,11,0.06,5024,true,0.000062839,0.00011715,219,5
mvtable_cpp,ur5,bookshelf_tall,11,0.06,5024,true,0.000078017,0.000046768,219,5
capt,ur5,bookshelf_tall,11,0.06,5024,true,0.000115707,0.003995367,219,5
kiddo,ur5,bookshelf_tall,11,0.06,5024,true,0.00027147,0.000133881,219,5
mvtable_simd,ur5,bookshelf_tall,11,0.06,5024,true,0.000056035,0.000092003,219,5
mvtable_mutable_simd,ur5,bookshelf_tall,11,0.06,5024,true,0.000054682,0.000116709,219,5
mvt_cpp_simd,ur5,bookshelf_tall,11,0.06,5024,true,0.000059622,0.00005341,219,5
capt_simd,ur5,bookshelf_tall,11,0.06,5024,true,0.000086142,0.004820618,219,5
primitive,ur5,bookshelf_tall,12,0.06,4975,true,0.00014368,0.000000221,453,13
mvtable,ur5,bookshelf_tall,12,0.06,4975,true,0.000199494,0.000089979,453,13
mvtable_mutable,ur5,bookshelf_tall,12,0.06,4975,true,0.000185979,0.000113764,453,13
mvtable_cpp,ur5,bookshelf_tall,12,0.06,4975,true,0.00026066,0.000061746,453,13
capt,ur5,bookshelf_tall,12,0.06,4975,true,0.0003621,0.003937549,453,13
kiddo,ur5,bookshelf_tall,12,0.06,4975,true,0.001089257,0.000133972,453,13
mvtable_simd,ur5,bookshelf_tall,12,0.06,4975,true,0.000170611,0.00009057,453,13
mvtable_mutable_simd,ur5,bookshelf_tall,12,0.06,4975,true,0.000177273,0.000114876,453,13
mvt_cpp_simd,ur5,bookshelf_tall,12,0.06,4975,true,0.000186811,0.000071555,453,13
capt_simd,ur5,bookshelf_tall,12,0.06,4975,true,0.000268334,0.004756016,453,13
primitive,ur5,bookshelf_tall,13,0.06,4727,true,0.000080171,0.000000311,325,7
mvtable,ur5,bookshelf_tall,13,0.06,4727,true,0.000064411,0.000084048,120,8
mvtable_mutable,ur5,bookshelf_tall,13,0.06,4727,true,0.000061846,0.00010625,120,8
mvtable_cpp,ur5,bookshelf_tall,13,0.06,4727,true,0.000076965,0.000041358,120,8
capt,ur5,bookshelf_tall,13,0.06,4727,true,0.000149991,0.003878909,120,8
kiddo,ur5,bookshelf_tall,13,0.06,4727,true,0.000700045,0.000129463,120,8
mvtable_simd,ur5,bookshelf_tall,13,0.06,4727,true,0.000062718,0.000088747,120,8
mvtable_mutable_simd,ur5,bookshelf_tall,13,0.06,4727,true,0.000072686,0.000123993,120,8
mvt_cpp_simd,ur5,bookshelf_tall,13,0.06,4727,true,0.000055595,0.000050014,120,8
capt_simd,ur5,bookshelf_tall,13,0.06,4727,true,0.000131688,0.004714138,120,8
primitive,ur5,bookshelf_tall,14,0.06,5059,true,0.000102573,0.000000321,774,5
mvtable,ur5,bookshelf_tall,14,0.06,5059,true,0.000104978,0.000092955,57,11
mvtable_mutable,ur5,bookshelf_tall,14,0.06,5059,true,0.000097322,0.000118172,57,11
mvtable_cpp,ur5,bookshelf_tall,14,0.06,5059,true,0.00012804,0.000055985,57,11
capt,ur5,bookshelf_tall,14,0.06,5059,true,0.000215976,0.004064677,57,11
kiddo,ur5,bookshelf_tall,14,0.06,5059,true,0.000920239,0.000144602,57,11
mvtable_simd,ur5,bookshelf_tall,14,0.06,5059,true,0.000077917,0.000093075,57,11
mvtable_mutable_simd,ur5,bookshelf_tall,14,0.06,5059,true,0.000078207,0.000118803,57,11
mvt_cpp_simd,ur5,bookshelf_tall,14,0.06,5059,true,0.000089438,0.000063098,57,11
capt_simd,ur5,bookshelf_tall,14,0.06,5059,true,0.00017036,0.004812672,57,11
primitive,ur5,bookshelf_tall,15,0.06,5075,true,0.000050075,0.000000211,117,6
mvtable,ur5,bookshelf_tall,15,0.06,5075,true,0.000058219,0.000094257,54,6
mvtable_mutable,ur5,bookshelf_tall,15,0.06,5075,true,0.000063048,0.000126307,54,6
mvtable_cpp,ur5,bookshelf_tall,15,0.06,5075,true,0.000067246,0.000045906,54,6
capt,ur5,bookshelf_tall,15,0.06,5075,true,0.000130615,0.004082852,54,6
kiddo,ur5,bookshelf_tall,15,0.06,5075,true,0.000448873,0.000156504,54,6
mvtable_simd,ur5,bookshelf_tall,15,0.06,5075,true,0.000049523,0.000102382,54,6
mvtable_mutable_simd,ur5,bookshelf_tall,15,0.06,5075,true,0.000050154,0.000124343,54,6
mvt_cpp_simd,ur5,bookshelf_tall,15,0.06,5075,true,0.00004772,0.000052017,54,6
capt_simd,ur5,bookshelf_tall,15,0.06,5075,true,0.000089709,0.00476293,54,6
primitive,ur5,bookshelf_tall,16,0.06,4994,true,0.000121789,0.000000221,163,12
mvtable,ur5,bookshelf_tall,16,0.06,4994,true,0.000118784,0.000092243,163,12
mvtable_mutable,ur5,bookshelf_tall,16,0.06,4994,true,0.000116288,0.000116028,163,12
mvtable_cpp,ur5,bookshelf_tall,16,0.06,4994,true,0.000137428,0.000043822,163,12
capt,ur5,bookshelf_tall,16,0.06,4994,true,0.000236484,0.004024862,163,12
kiddo,ur5,bookshelf_tall,16,0.06,4994,true,0.000625085,0.000142989,163,12
mvtable_simd,ur5,bookshelf_tall,16,0.06,4994,true,0.000100579,0.000098636,163,12
mvtable_mutable_simd,ur5,bookshelf_tall,16,0.06,4994,true,0.000102703,0.000122029,163,12
mvt_cpp_simd,ur5,bookshelf_tall,16,0.06,4994,true,0.00010083,0.000050194,163,12
capt_simd,ur5,bookshelf_tall,16,0.06,4994,true,0.00018636,0.004724307,163,12
primitive,ur5,bookshelf_tall,17,0.06,4847,true,0.000040025,0.000000351,100,4
mvtable,ur5,bookshelf_tall,17,0.06,4847,true,0.000063329,0.000088105,42,7
mvtable_mutable,ur5,bookshelf_tall,17,0.06,4847,true,0.000060774,0.000112111,42,7
mvtable_cpp,ur5,bookshelf_tall,17,0.06,4847,true,0.000091622,0.000043542,42,7
capt,ur5,bookshelf_tall,17,0.06,4847,true,0.000141706,0.003839584,42,7
kiddo,ur5,bookshelf_tall,17,0.06,4847,true,0.000596441,0.000141776,42,7
mvtable_simd,ur5,bookshelf_tall,17,0.06,4847,true,0.00004785,0.000087895,42,7
mvtable_mutable_simd,ur5,bookshelf_tall,17,0.06,4847,true,0.00004747,0.000113503,42,7
mvt_cpp_simd,ur5,bookshelf_tall,17,0.06,4847,true,0.000057438,0.000051988,42,7
capt_simd,ur5,bookshelf_tall,17,0.06,4847,true,0.000128321,0.004820357,42,7
primitive,ur5,bookshelf_tall,19,0.06,4952,true,0.000154861,0.000000321,162,19
mvtable,ur5,bookshelf_tall,19,0.06,4952,true,0.000193764,0.000091552,162,19
mvtable_mutable,ur5,bookshelf_tall,19,0.06,4952,true,0.000183655,0.000116469,162,19
mvtable_cpp,ur5,bookshelf_tall,19,0.06,4952,true,0.000264427,0.00004809,162,19
capt,ur5,bookshelf_tall,19,0.06,4952,true,0.000402196,0.003963637,162,19
kiddo,ur5,bookshelf_tall,19,0.06,4952,true,0.001463861,0.000138811,162,19
mvtable_simd,ur5,bookshelf_tall,19,0.06,4952,true,0.000156685,0.00010085,162,19
mvtable_mutable_simd,ur5,bookshelf_tall,19,0.06,4952,true,0.000157466,0.000120487,162,19
mvt_cpp_simd,ur5,bookshelf_tall,19,0.06,4952,true,0.000171963,0.000054443,162,19
capt_simd,ur5,bookshelf_tall,19,0.06,4952,true,0.000303831,0.004701083,162,19
primitive,ur5,bookshelf_tall,20,0.06,4855,true,0.001126727,0.00000022,13212,11
mvtable,ur5,bookshelf_tall,20,0.06,4855,true,0.00017053,0.000089227,602,8
mvtable_mutable,ur5,bookshelf_tall,20,0.06,4855,true,0.000169248,0.000120597,602,8
mvtable_cpp,ur5,bookshelf_tall,20,0.06,4855,true,0.000195608,0.000044283,602,8
capt,ur5,bookshelf_tall,20,0.06,4855,true,0.000299332,0.003787176,602,8
kiddo,ur5,bookshelf_tall,20,0.06,4855,true,0.000659419,0.000133832,602,8
mvtable_simd,ur5,bookshelf_tall,20,0.06,4855,true,0.000156944,0.000088637,602,8
mvtable_mutable_simd,ur5,bookshelf_tall,20,0.06,4855,true,0.000164529,0.000113994,602,8
mvt_cpp_simd,ur5,bookshelf_tall,20,0.06,4855,true,0.000161494,0.00004791,602,8
capt_simd,ur5,bookshelf_tall,20,0.06,4855,true,0.000221446,0.004439412,602,8
primitive,ur5,bookshelf_tall,21,0.06,5053,true,0.001083085,0.000000231,11920,11
mvtable,ur5,bookshelf_tall,21,0.06,5053,true,0.000076674,0.000091743,18,6
mvtable_mutable,ur5,bookshelf_tall,21,0.06,5053,true,0.00007456,0.000119294,18,6
mvtable_cpp,ur5,bookshelf_tall,21,0.06,5053,true,0.000105568,0.000046307,18,6
capt,ur5,bookshelf_tall,21,0.06,5053,true,0.000131056,0.004019322,18,6
kiddo,ur5,bookshelf_tall,21,0.06,5053,true,0.000326534,0.000136116,18,6
mvtable_simd,ur5,bookshelf_tall,21,0.06,5053,true,0.000067396,0.000092324,18,6
mvtable_mutable_simd,ur5,bookshelf_tall,21,0.06,5053,true,0.000069741,0.00011685,18,6
mvt_cpp_simd,ur5,bookshelf_tall,21,0.06,5053,true,0.000070422,0.000052759,18,6
capt_simd,ur5,bookshelf_tall,21,0.06,5053,true,0.000092184,0.00471504,18,6
primitive,ur5,bookshelf_tall,22,0.06,5049,true,0.000070392,0.00000023,459,6
mvtable,ur5,bookshelf_tall,22,0.06,5049,true,0.000057568,0.000095649,39,6
mvtable_mutable,ur5,bookshelf_tall,22,0.06,5049,true,0.000052549,0.000119685,39,6
mvtable_cpp,ur5,bookshelf_tall,22,0.06,5049,true,0.000065283,0.000045456,39,6
capt,ur5,bookshelf_tall,22,0.06,5049,true,0.000109275,0.004063645,39,6
kiddo,ur5,bookshelf_tall,22,0.06,5049,true,0.000344558,0.00013295,39,6
mvtable_simd,ur5,bookshelf_tall,22,0.06,5049,true,0.000044894,0.000096922,39,6
mvtable_mutable_simd,ur5,bookshelf_tall,22,0.06,5049,true,0.000045666,0.000120847,39,6
mvt_cpp_simd,ur5,bookshelf_tall,22,0.06,5049,true,0.000051076,0.000052108,39,6
capt_simd,ur5,bookshelf_tall,22,0.06,5049,true,0.000082144,0.004732042,39,6
primitive,ur5,bookshelf_tall,23,0.06,4925,true,0.000049333,0.00000026,126,5
mvtable,ur5,bookshelf_tall,23,0.06,4925,true,0.000075672,0.000091532,126,5
mvtable_mutable,ur5,bookshelf_tall,23,0.06,4925,true,0.000072666,0.000115387,126,5
mvtable_cpp,ur5,bookshelf_tall,23,0.06,4925,true,0.000110217,0.000054502,126,5
capt,ur5,bookshelf_tall,23,0.06,4925,true,0.000146105,0.003966363,126,5
kiddo,ur5,bookshelf_tall,23,0.06,4925,true,0.000476245,0.000133881,126,5
mvtable_simd,ur5,bookshelf_tall,23,0.06,4925,true,0.000065793,0.000092493,126,5
mvtable_mutable_simd,ur5,bookshelf_tall,23,0.06,4925,true,0.000070463,0.000116659,126,5
mvt_cpp_simd,ur5,bookshelf_tall,23,0.06,4925,true,0.000069781,0.000062267,126,5
capt_simd,ur5,bookshelf_tall,23,0.06,4925,true,0.000106119,0.004634177,126,5
primitive,ur5,bookshelf_tall,25,0.06,4483,true,0.000873652,0.000000371,7451,11
mvtable,ur5,bookshelf_tall,25,0.06,4483,true,0.00009054,0.000133841,95,6
mvtable_mutable,ur5,bookshelf_tall,25,0.06,4483,true,0.000085591,0.00012775,95,6
mvtable_cpp,ur5,bookshelf_tall,25,0.06,4483,true,0.00008028,0.000043451,95,6
capt,ur5,bookshelf_tall,25,0.06,4483,true,0.00015938,0.003775094,95,6
kiddo,ur5,bookshelf_tall,25,0.06,4483,true,0.000503075,0.000136757,95,6
mvtable_simd,ur5,bookshelf_tall,25,0.06,4483,true,0.000060203,0.000076103,95,6
mvtable_mutable_simd,ur5,bookshelf_tall,25,0.06,4483,true,0.000059722,0.000098135,95,6
mvt_cpp_simd,ur5,bookshelf_tall,25,0.06,4483,true,0.000057689,0.000045896,95,6
capt_simd,ur5,bookshelf_tall,25,0.06,4483,true,0.000130666,0.004344673,95,6
primitive,ur5,bookshelf_tall,26,0.06,5212,true,0.000128772,0.000000351,208,12
mvtable,ur5,bookshelf_tall,26,0.06,5212,true,0.000138931,0.000096191,20,14
mvtable_mutable,ur5,bookshelf_tall,26,0.06,5212,true,0.000135645,0.00012215,20,14
mvtable_cpp,ur5,bookshelf_tall,26,0.06,5212,true,0.000210987,0.000056826,20,14
capt,ur5,bookshelf_tall,26,0.06,5212,true,0.00027178,0.004282187,20,14
kiddo,ur5,bookshelf_tall,26,0.06,5212,true,0.000746062,0.000148379,20,14
mvtable_simd,ur5,bookshelf_tall,26,0.06,5212,true,0.000114505,0.000092003,20,14
mvtable_mutable_simd,ur5,bookshelf_tall,26,0.06,5212,true,0.000120266,0.000116769,20,14
mvt_cpp_simd,ur5,bookshelf_tall,26,0.06,5212,true,0.000134242,0.000059081,20,14
capt_simd,ur5,bookshelf_tall,26,0.06,5212,true,0.000202,0.004767297,20,14
primitive,ur5,bookshelf_tall,27,0.06,5105,true,0.000205556,0.000000211,1901,7
mvtable,ur5,bookshelf_tall,27,0.06,5105,true,0.000135785,0.00009566,581,7
mvtable_mutable,ur5,bookshelf_tall,27,0.06,5105,true,0.000133701,0.000114856,581,7
mvtable_cpp,ur5,bookshelf_tall,27,0.06,5105,true,0.000173586,0.000057728,581,7
capt,ur5,bookshelf_tall,27,0.06,5105,true,0.000227096,0.003940003,581,7
kiddo,ur5,bookshelf_tall,27,0.06,5105,true,0.000465655,0.000138971,581,7
mvtable_simd,ur5,bookshelf_tall,27,0.06,5105,true,0.00013266,0.000092414,581,7
mvtable_mutable_simd,ur5,bookshelf_tall,27,0.06,5105,true,0.000128381,0.000118322,581,7
mvt_cpp_simd,ur5,bookshelf_tall,27,0.06,5105,true,0.000141556,0.000065713,581,7
capt_simd,ur5,bookshelf_tall,27,0.06,5105,true,0.00016514,0.004703899,581,7
primitive,ur5,bookshelf_tall,28,0.06,4826,true,0.000049904,0.000000371,280,5
mvtable,ur5,bookshelf_tall,28,0.06,4826,true,0.000055795,0.000087535,280,5
mvtable_mutable,ur5,bookshelf_tall,28,0.06,4826,true,0.000054372,0.000110858,280,5
mvtable_cpp,ur5,bookshelf_tall,28,0.06,4826,true,0.000070492,0.0000423,280,5
capt,ur5,bookshelf_tall,28,0.06,4826,true,0.000116068,0.003790662,280,5
kiddo,ur5,bookshelf_tall,28,0.06,4826,true,0.000379453,0.000138821,280,5
mvtable_simd,ur5,bookshelf_tall,28,0.06,4826,true,0.00004813,0.000088576,280,5
mvtable_mutable_simd,ur5,bookshelf_tall,28,0.06,4826,true,0.00004797,0.000110478,280,5
mvt_cpp_simd,ur5,bookshelf_tall,28,0.06,4826,true,0.00005345,0.000047349,280,5
capt_simd,ur5,bookshelf_tall,28,0.06,4826,true,0.000109496,0.004807493,280,5
primitive,ur5,bookshelf_tall,29,0.06,5057,true,0.000039524,0.000000251,60,4
mvtable,ur5,bookshelf_tall,29,0.06,5057,true,0.000065673,0.000094247,60,4
mvtable_mutable,ur5,bookshelf_tall,29,0.06,5057,true,0.000069851,0.000119334,60,4
mvtable_cpp,ur5,bookshelf_tall,29,0.06,5057,true,0.000086793,0.000056275,60,4
capt,ur5,bookshelf_tall,29,0.06,5057,true,0.000108805,0.00401825,60,4
kiddo,ur5,bookshelf_tall,29,0.06,5057,true,0.000253667,0.000134282,60,4
mvtable_simd,ur5,bookshelf_tall,29,0.06,5057,true,0.000058129,0.000099427,60,4
mvtable_mutable_simd,ur5,bookshelf_tall,29,0.06,5057,true,0.000059683,0.000116539,60,4
mvt_cpp_simd,ur5,bookshelf_tall,29,0.06,5057,true,0.000055484,0.000062037,60,4
capt_simd,ur5,bookshelf_tall,29,0.06,5057,true,0.000073808,0.004723486,60,4
primitive,ur5,bookshelf_tall,30,0.06,5112,true,0.000290145,0.000000311,1988,10
mvtable,ur5,bookshelf_tall,30,0.06,5112,true,0.000166493,0.000091843,42,19
mvtable_mutable,ur5,bookshelf_tall,30,0.06,5112,true,0.000161524,0.000119164,42,19
mvtable_cpp,ur5,bookshelf_tall,30,0.06,5112,true,0.000201218,0.000045105,42,19
capt,ur5,bookshelf_tall,30,0.06,5112,true,0.000354075,0.004031465,42,19
kiddo,ur5,bookshelf_tall,30,0.06,5112,true,0.001191709,0.000134844,42,19
mvtable_simd,ur5,bookshelf_tall,30,0.06,5112,true,0.000139853,0.000095249,42,19
mvtable_mutable_simd,ur5,bookshelf_tall,30,0.06,5112,true,0.000141987,0.000116479,42,19
mvt_cpp_simd,ur5,bookshelf_tall,30,0.06,5112,true,0.000139402,0.000062407,42,19
capt_simd,ur5,bookshelf_tall,30,0.06,5112,true,0.000273404,0.00483784,42,19
primitive,ur5,bookshelf_tall,31,0.06,4776,true,0.000235142,0.00000022,2528,8
mvtable,ur5,bookshelf_tall,31,0.06,4776,true,0.000254879,0.000087955,618,29
mvtable_mutable,ur5,bookshelf_tall,31,0.06,4776,true,0.000238108,0.000109967,618,29
mvtable_cpp,ur5,bookshelf_tall,31,0.06,4776,true,0.000271029,0.000049783,618,29
capt,ur5,bookshelf_tall,31,0.06,4776,true,0.00056921,0.003913233,618,29
kiddo,ur5,bookshelf_tall,31,0.06,4776,true,0.002537768,0.00013808,618,29
mvtable_simd,ur5,bookshelf_tall,31,0.06,4776,true,0.000199615,0.000088286,618,29
mvtable_mutable_simd,ur5,bookshelf_tall,31,0.06,4776,true,0.000195487,0.000113133,618,29
mvt_cpp_simd,ur5,bookshelf_tall,31,0.06,4776,true,0.000228249,0.000048211,618,29
capt_simd,ur5,bookshelf_tall,31,0.06,4776,true,0.000480883,0.004809366,618,29
primitive,ur5,bookshelf_tall,32,0.06,4754,true,0.000236144,0.000000961,1920,10
mvtable,ur5,bookshelf_tall,32,0.06,4754,true,0.000081664,0.000097624,423,4
mvtable_mutable,ur5,bookshelf_tall,32,0.06,4754,true,0.000080221,0.000129023,423,4
mvtable_cpp,ur5,bookshelf_tall,32,0.06,4754,true,0.000090931,0.000057508,423,4
capt,ur5,bookshelf_tall,32,0.06,4754,true,0.000150623,0.004049057,423,4
kiddo,ur5,bookshelf_tall,32,0.06,4754,true,0.000439085,0.000145323,423,4
mvtable_simd,ur5,bookshelf_tall,32,0.06,4754,true,0.000075622,0.000090019,423,4
mvtable_mutable_simd,ur5,bookshelf_tall,32,0.06,4754,true,0.00007414,0.000112952,423,4
mvt_cpp_simd,ur5,bookshelf_tall,32,0.06,4754,true,0.000076183,0.000052148,423,4
capt_simd,ur5,bookshelf_tall,32,0.06,4754,true,0.000116649,0.004842038,423,4
primitive,ur5,bookshelf_tall,33,0.06,5092,true,0.00007432,0.000000311,750,3
mvtable,ur5,bookshelf_tall,33,0.06,5092,true,0.000033803,0.000099777,2,2
mvtable_mutable,ur5,bookshelf_tall,33,0.06,5092,true,0.000033604,0.000124333,2,2
mvtable_cpp,ur5,bookshelf_tall,33,0.06,5092,true,0.000038282,0.000075933,2,2
capt,ur5,bookshelf_tall,33,0.06,5092,true,0.00005834,0.004148785,2,2
kiddo,ur5,bookshelf_tall,33,0.06,5092,true,0.00014353,0.000134172,2,2
mvtable_simd,ur5,bookshelf_tall,33,0.06,5092,true,0.000040045,0.000098525,2,2
mvtable_mutable_simd,ur5,bookshelf_tall,33,0.06,5092,true,0.000030417,0.000122841,2,2
mvt_cpp_simd,ur5,bookshelf_tall,33,0.06,5092,true,0.000029395,0.000054042,2,2
capt_simd,ur5,bookshelf_tall,33,0.06,5092,true,0.000041749,0.004870461,2,2
primitive,ur5,bookshelf_tall,34,0.06,5076,true,0.000214233,0.000000421,1591,8
mvtable,ur5,bookshelf_tall,34,0.06,5076,true,0.000128131,0.000094507,489,5
mvtable_mutable,ur5,bookshelf_tall,34,0.06,5076,true,0.000125105,0.000119344,489,5
mvtable_cpp,ur5,bookshelf_tall,34,0.06,5076,true,0.000176923,0.000055364,489,5
capt,ur5,bookshelf_tall,34,0.06,5076,true,0.000225103,0.004185925,489,5
kiddo,ur5,bookshelf_tall,34,0.06,5076,true,0.000468981,0.00014369,489,5
mvtable_simd,ur5,bookshelf_tall,34,0.06,5076,true,0.000116208,0.000094327,489,5
mvtable_mutable_simd,ur5,bookshelf_tall,34,0.06,5076,true,0.000116539,0.000118804,489,5
mvt_cpp_simd,ur5,bookshelf_tall,34,0.06,5076,true,0.00013302,0.000061967,489,5
capt_simd,ur5,bookshelf_tall,34,0.06,5076,true,0.000146005,0.004859861,489,5
primitive,ur5,bookshelf_tall,35,0.06,4919,true,0.000100729,0.00000029,336,10
mvtable,ur5,bookshelf_tall,35,0.06,4919,true,0.000082175,0.000085741,126,8
mvtable_mutable,ur5,bookshelf_tall,35,0.06,4919,true,0.000076073,0.000129975,126,8
mvtable_cpp,ur5,bookshelf_tall,35,0.06,4919,true,0.000070252,0.000043121,126,8
capt,ur5,bookshelf_tall,35,0.06,4919,true,0.000153498,0.003889328,126,8
kiddo,ur5,bookshelf_tall,35,0.06,4919,true,0.000518414,0.00013826,126,8
mvtable_simd,ur5,bookshelf_tall,35,0.06,4919,true,0.000055494,0.00008497,126,8
mvtable_mutable_simd,ur5,bookshelf_tall,35,0.06,4919,true,0.000055134,0.000109035,126,8
mvt_cpp_simd,ur5,bookshelf_tall,35,0.06,4919,true,0.000054523,0.000049132,126,8
capt_simd,ur5,bookshelf_tall,35,0.06,4919,true,0.000119865,0.004595755,126,8
primitive,ur5,bookshelf_tall,36,0.06,5102,true,0.000093376,0.000000231,279,9
mvtable,ur5,bookshelf_tall,36,0.06,5102,true,0.000116008,0.000099587,253,6
mvtable_mutable,ur5,bookshelf_tall,36,0.06,5102,true,0.000114144,0.00011687,253,6
mvtable_cpp,ur5,bookshelf_tall,36,0.06,5102,true,0.00017558,0.000056607,253,6
capt,ur5,bookshelf_tall,36,0.06,5102,true,0.000199054,0.004005507,253,6
kiddo,ur5,bookshelf_tall,36,0.06,5102,true,0.0004413,0.000141175,253,6
mvtable_simd,ur5,bookshelf_tall,36,0.06,5102,true,0.000109576,0.000097874,253,6
mvtable_mutable_simd,ur5,bookshelf_tall,36,0.06,5102,true,0.000114636,0.000119224,253,6
mvt_cpp_simd,ur5,bookshelf_tall,36,0.06,5102,true,0.000118563,0.000063379,253,6
capt_simd,ur5,bookshelf_tall,36,0.06,5102,true,0.000130055,0.004705111,253,6
primitive,ur5,bookshelf_tall,37,0.06,4873,true,0.000068449,0.000000251,241,7
mvtable,ur5,bookshelf_tall,37,0.06,4873,true,0.000062518,0.000085561,96,6
mvtable_mutable,ur5,bookshelf_tall,37,0.06,4873,true,0.000050214,0.000108444,96,6
mvtable_cpp,ur5,bookshelf_tall,37,0.06,4873,true,0.000074229,0.000042961,96,6
capt,ur5,bookshelf_tall,37,0.06,4873,true,0.000126277,0.0038582,96,6
kiddo,ur5,bookshelf_tall,37,0.06,4873,true,0.000440748,0.000139011,96,6
mvtable_simd,ur5,bookshelf_tall,37,0.06,4873,true,0.000043612,0.0000852,96,6
mvtable_mutable_simd,ur5,bookshelf_tall,37,0.06,4873,true,0.000043983,0.000109325,96,6
mvt_cpp_simd,ur5,bookshelf_tall,37,0.06,4873,true,0.000044354,0.000048572,96,6
capt_simd,ur5,bookshelf_tall,37,0.06,4873,true,0.00009561,0.004666579,96,6
primitive,ur5,bookshelf_tall,38,0.06,4937,true,0.000107542,0.000000251,602,8
mvtable,ur5,bookshelf_tall,38,0.06,4937,true,0.00016472,0.000092664,618,10
mvtable_mutable,ur5,bookshelf_tall,38,0.06,4937,true,0.000162455,0.000115067,618,10
mvtable_cpp,ur5,bookshelf_tall,38,0.06,4937,true,0.000226826,0.000047329,618,10
capt,ur5,bookshelf_tall,38,0.06,4937,true,0.000299763,0.003866505,618,10
kiddo,ur5,bookshelf_tall,38,0.06,4937,true,0.000880004,0.000135906,618,10
mvtable_simd,ur5,bookshelf_tall,38,0.06,4937,true,0.000147968,0.000091722,618,10
mvtable_mutable_simd,ur5,bookshelf_tall,38,0.06,4937,true,0.000153699,0.000116459,618,10
mvt_cpp_simd,ur5,bookshelf_tall,38,0.06,4937,true,0.000171232,0.00005863,618,10
capt_simd,ur5,bookshelf_tall,38,0.06,4937,true,0.000229221,0.004672649,618,10
primitive,ur5,bookshelf_tall,39,0.06,4876,true,0.000091041,0.00000025,252,9
mvtable,ur5,bookshelf_tall,39,0.06,4876,true,0.000089468,0.000088877,103,9
mvtable_mutable,ur5,bookshelf_tall,39,0.06,4876,true,0.00008512,0.000118713,103,9
mvtable_cpp,ur5,bookshelf_tall,39,0.06,4876,true,0.000096411,0.000043411,103,9
capt,ur5,bookshelf_tall,39,0.06,4876,true,0.000192922,0.003957606,103,9
kiddo,ur5,bookshelf_tall,39,0.06,4876,true,0.000721025,0.000135304,103,9
mvtable_simd,ur5,bookshelf_tall,39,0.06,4876,true,0.000069481,0.000086092,103,9
mvtable_mutable_simd,ur5,bookshelf_tall,39,0.06,4876,true,0.000070392,0.000114716,103,9
mvt_cpp_simd,ur5,bookshelf_tall,39,0.06,4876,true,0.000083257,0.00004795,103,9
capt_simd,ur5,bookshelf_tall,39,0.06,4876,true,0.000156214,0.00471527,103,9
primitive,ur5,bookshelf_tall,40,0.06,5013,true,0.000145754,0.000000571,1170,9
mvtable,ur5,bookshelf_tall,40,0.06,5013,true,0.000059071,0.000091472,114,4
mvtable_mutable,ur5,bookshelf_tall,40,0.06,5013,true,0.000058571,0.000123031,114,4
mvtable_cpp,ur5,bookshelf_tall,40,0.06,5013,true,0.000087444,0.000065954,114,4
capt,ur5,bookshelf_tall,40,0.06,5013,true,0.000124143,0.004016526,114,4
kiddo,ur5,bookshelf_tall,40,0.06,5013,true,0.000374133,0.00013811,114,4
mvtable_simd,ur5,bookshelf_tall,40,0.06,5013,true,0.00005302,0.000091111,114,4
mvtable_mutable_simd,ur5,bookshelf_tall,40,0.06,5013,true,0.000052849,0.000116429,114,4
mvt_cpp_simd,ur5,bookshelf_tall,40,0.06,5013,true,0.000060083,0.00006926,114,4
capt_simd,ur5,bookshelf_tall,40,0.06,5013,true,0.00007932,0.004760194,114,4
primitive,ur5,bookshelf_tall,41,0.06,5067,true,0.000117751,0.0000002,208,15
mvtable,ur5,bookshelf_tall,41,0.06,5067,true,0.000124964,0.000091001,200,11
mvtable_mutable,ur5,bookshelf_tall,41,0.06,5067,true,0.000123022,0.000116318,200,11
mvtable_cpp,ur5,bookshelf_tall,41,0.06,5067,true,0.000205146,0.000053851,200,11
capt,ur5,bookshelf_tall,41,0.06,5067,true,0.000238318,0.003961714,200,11
kiddo,ur5,bookshelf_tall,41,0.06,5067,true,0.000715154,0.000135986,200,11
mvtable_simd,ur5,bookshelf_tall,41,0.06,5067,true,0.000111991,0.000091732,200,11
mvtable_mutable_simd,ur5,bookshelf_tall,41,0.06,5067,true,0.000113172,0.000116709,200,11
mvt_cpp_simd,ur5,bookshelf_tall,41,0.06,5067,true,0.000132188,0.000062487,200,11
capt_simd,ur5,bookshelf_tall,41,0.06,5067,true,0.000176842,0.004740166,200,11
primitive,ur5,bookshelf_tall,42,0.06,5183,true,0.00007983,0.00000022,177,9
mvtable,ur5,bookshelf_tall,42,0.06,5183,true,0.000098876,0.000093826,45,7
mvtable_mutable,ur5,bookshelf_tall,42,0.06,5183,true,0.000098015,0.000124604,45,7
mvtable_cpp,ur5,bookshelf_tall,42,0.06,5183,true,0.000146676,0.00004796,45,7
capt,ur5,bookshelf_tall,42,0.06,5183,true,0.000196109,0.004137144,45,7
kiddo,ur5,bookshelf_tall,42,0.06,5183,true,0.000534574,0.000140324,45,7
mvtable_simd,ur5,bookshelf_tall,42,0.06,5183,true,0.000086362,0.000094808,45,7
mvtable_mutable_simd,ur5,bookshelf_tall,42,0.06,5183,true,0.000088877,0.000120597,45,7
mvt_cpp_simd,ur5,bookshelf_tall,42,0.06,5183,true,0.000099027,0.000064902,45,7
capt_simd,ur5,bookshelf_tall,42,0.06,5183,true,0.000141987,0.004885189,45,7
primitive,ur5,bookshelf_tall,43,0.06,4815,true,0.00010649,0.00000022,163,12
mvtable,ur5,bookshelf_tall,43,0.06,4815,true,0.000093626,0.000093185,163,12
mvtable_mutable,ur5,bookshelf_tall,43,0.06,4815,true,0.000089859,0.000116088,163,12
mvtable_cpp,ur5,bookshelf_tall,43,0.06,4815,true,0.00010605,0.000042059,163,12
capt,ur5,bookshelf_tall,43,0.06,4815,true,0.000215254,0.003891753,163,12
kiddo,ur5,bookshelf_tall,43,0.06,4815,true,0.000842452,0.000128692,163,12
mvtable_simd,ur5,bookshelf_tall,43,0.06,4815,true,0.000073949,0.000088156,163,12
mvtable_mutable_simd,ur5,bookshelf_tall,43,0.06,4815,true,0.00007422,0.000124334,163,12
mvt_cpp_simd,ur5,bookshelf_tall,43,0.06,4815,true,0.000084058,0.000046978,163,12
capt_simd,ur5,bookshelf_tall,43,0.06,4815,true,0.000182303,0.004654305,163,12
primitive,ur5,bookshelf_tall,44,0.06,5091,true,0.000114856,0.000000271,894,5
mvtable,ur5,bookshelf_tall,44,0.06,5091,true,0.000112782,0.000098205,354,6
mvtable_mutable,ur5,bookshelf_tall,44,0.06,5091,true,0.000110398,0.000116569,354,6
mvtable_cpp,ur5,bookshelf_tall,44,0.06,5091,true,0.000187583,0.000054953,354,6
capt,ur5,bookshelf_tall,44,0.06,5091,true,0.000183044,0.003996269,354,6
kiddo,ur5,bookshelf_tall,44,0.06,5091,true,0.00061181,0.000135815,354,6
mvtable_simd,ur5,bookshelf_tall,44,0.06,5091,true,0.000099998,0.000091031,354,6
mvtable_mutable_simd,ur5,bookshelf_tall,44,0.06,5091,true,0.000100007,0.000137298,354,6
mvt_cpp_simd,ur5,bookshelf_tall,44,0.06,5091,true,0.000118934,0.000060924,354,6
capt_simd,ur5,bookshelf_tall,44,0.06,5091,true,0.000138821,0.004775403,354,6
primitive,ur5,bookshelf_tall,45,0.06,5045,true,0.000217027,0.000000441,459,20
mvtable,ur5,bookshelf_tall,45,0.06,5045,true,0.000078398,0.000092514,94,5
mvtable_mutable,ur5,bookshelf_tall,45,0.06,5045,true,0.000075882,0.000116639,94,5
mvtable_cpp,ur5,bookshelf_tall,45,0.06,5045,true,0.000128431,0.000054052,94,5
capt,ur5,bookshelf_tall,45,0.06,5045,true,0.000137689,0.00393826,94,5
kiddo,ur5,bookshelf_tall,45,0.06,5045,true,0.000410691,0.000134543,94,5
mvtable_simd,ur5,bookshelf_tall,45,0.06,5045,true,0.000070282,0.000092093,94,5
mvtable_mutable_simd,ur5,bookshelf_tall,45,0.06,5045,true,0.00008008,0.000116438,94,5
mvt_cpp_simd,ur5,bookshelf_tall,45,0.06,5045,true,0.000080992,0.000061275,94,5
capt_simd,ur5,bookshelf_tall,45,0.06,5045,true,0.000119094,0.004701003,94,5
primitive,ur5,bookshelf_tall,46,0.06,4974,true,0.000041018,0.00000034,61,4
mvtable,ur5,bookshelf_tall,46,0.06,4974,true,0.000047349,0.000092483,31,5
mvtable_mutable,ur5,bookshelf_tall,46,0.06,4974,true,0.000046357,0.000123452,31,5
mvtable_cpp,ur5,bookshelf_tall,46,0.06,4974,true,0.000059772,0.000054923,31,5
capt,ur5,bookshelf_tall,46,0.06,4974,true,0.000113142,0.003947357,31,5
kiddo,ur5,bookshelf_tall,46,0.06,4974,true,0.00038313,0.000133791,31,5
mvtable_simd,ur5,bookshelf_tall,46,0.06,4974,true,0.000039505,0.000102243,31,5
mvtable_mutable_simd,ur5,bookshelf_tall,46,0.06,4974,true,0.000039525,0.000118563,31,5
mvt_cpp_simd,ur5,bookshelf_tall,46,0.06,4974,true,0.000039905,0.000060454,31,5
capt_simd,ur5,bookshelf_tall,46,0.06,4974,true,0.000097293,0.00474726,31,5
primitive,ur5,bookshelf_tall,47,0.06,5030,true,0.000066154,0.000000511,234,6
mvtable,ur5,bookshelf_tall,47,0.06,5030,true,0.000088165,0.000093185,234,6
mvtable_mutable,ur5,bookshelf_tall,47,0.06,5030,true,0.000084248,0.000120697,234,6
mvtable_cpp,ur5,bookshelf_tall,47,0.06,5030,true,0.0001009,0.000046958,234,6
capt,ur5,bookshelf_tall,47,0.06,5030,true,0.000163286,0.004123237,234,6
kiddo,ur5,bookshelf_tall,47,0.06,5030,true,0.000495811,0.000136957,234,6
mvtable_simd,ur5,bookshelf_tall,47,0.06,5030,true,0.000078547,0.000092243,234,6
mvtable_mutable_simd,ur5,bookshelf_tall,47,0.06,5030,true,0.000078448,0.000119124,234,6
mvt_cpp_simd,ur5,bookshelf_tall,47,0.06,5030,true,0.000076534,0.000051958,234,6
capt_simd,ur5,bookshelf_tall,47,0.06,5030,true,0.000116539,0.004815027,234,6
primitive,ur5,bookshelf_tall,48,0.06,4666,true,0.000087053,0.00000028,357,5
mvtable,ur5,bookshelf_tall,48,0.06,4666,true,0.000083597,0.000078337,357,5
mvtable_mutable,ur5,bookshelf_tall,48,0.06,4666,true,0.000080411,0.000099316,357,5
mvtable_cpp,ur5,bookshelf_tall,48,0.06,4666,true,0.000097483,0.000041297,357,5
capt,ur5,bookshelf_tall,48,0.06,4666,true,0.000242686,0.003817332,357,5
kiddo,ur5,bookshelf_tall,48,0.06,4666,true,0.000511451,0.000164308,357,5
mvtable_simd,ur5,bookshelf_tall,48,0.06,4666,true,0.000069671,0.000079419,357,5
mvtable_mutable_simd,ur5,bookshelf_tall,48,0.06,4666,true,0.000068859,0.000100078,357,5
mvt_cpp_simd,ur5,bookshelf_tall,48,0.06,4666,true,0.000074069,0.000041257,357,5
capt_simd,ur5,bookshelf_tall,48,0.06,4666,true,0.000134042,0.004389187,357,5
primitive,ur5,bookshelf_tall,49,0.06,4846,true,0.000032451,0.000000261,9,4
mvtable,ur5,bookshelf_tall,49,0.06,4846,true,0.000032421,0.000086522,9,4
mvtable_mutable,ur5,bookshelf_tall,49,0.06,4846,true,0.00003188,0.000111399,9,4
mvtable_cpp,ur5,bookshelf_tall,49,0.06,4846,true,0.000036158,0.00004256,9,4
capt,ur5,bookshelf_tall,49,0.06,4846,true,0.000078197,0.003806563,9,4
kiddo,ur5,bookshelf_tall,49,0.06,4846,true,0.000286709,0.000134262,9,4
mvtable_simd,ur5,bookshelf_tall,49,0.06,4846,true,0.000025137,0.000087014,9,4
mvtable_mutable_simd,ur5,bookshelf_tall,49,0.06,4846,true,0.000025268,0.00011159,9,4
mvt_cpp_simd,ur5,bookshelf_tall,49,0.06,4846,true,0.000024967,0.000046878,9,4
capt_simd,ur5,bookshelf_tall,49,0.06,4846,true,0.000060704,0.004579294,9,4
primitive,ur5,bookshelf_tall,50,0.06,4992,true,0.000103134,0.00000024,955,5
mvtable,ur5,bookshelf_tall,50,0.06,4992,true,0.000078097,0.000104366,445,5
mvtable_mutable,ur5,bookshelf_tall,50,0.06,4992,true,0.000075893,0.00011717,445,5
mvtable_cpp,ur5,bookshelf_tall,50,0.06,4992,true,0.000092854,0.000055214,445,5
capt,ur5,bookshelf_tall,50,0.06,4992,true,0.000132679,0.003903885,445,5
kiddo,ur5,bookshelf_tall,50,0.06,4992,true,0.000304091,0.000135144,445,5
mvtable_simd,ur5,bookshelf_tall,50,0.06,4992,true,0.000073137,0.000094167,445,5
mvtable_mutable_simd,ur5,bookshelf_tall,50,0.06,4992,true,0.000071875,0.000117911,445,5
mvt_cpp_simd,ur5,bookshelf_tall,50,0.06,4992,true,0.0000745,0.000050385,445,5
capt_simd,ur5,bookshelf_tall,50,0.06,4992,true,0.00010124,0.004648735,445,5
primitive,ur5,bookshelf_thin,1,0.06,2620,true,0.000149722,0.000000371,750,9
mvtable,ur5,bookshelf_thin,1,0.06,2620,true,0.000147648,0.00005892,742,7
mvtable_mutable,ur5,bookshelf_thin,1,0.06,2620,true,0.000145924,0.000066154,742,7
mvtable_cpp,ur5,bookshelf_thin,1,0.06,2620,true,0.000183806,0.000025668,742,7
capt,ur5,bookshelf_thin,1,0.06,2620,true,0.000262884,0.002177371,742,7
kiddo,ur5,bookshelf_thin,1,0.06,2620,true,0.000783703,0.000071514,742,7
mvtable_simd,ur5,bookshelf_thin,1,0.06,2620,true,0.000131477,0.000052258,742,7
mvtable_mutable_simd,ur5,bookshelf_thin,1,0.06,2620,true,0.000132208,0.000065563,742,7
mvt_cpp_simd,ur5,bookshelf_thin,1,0.06,2620,true,0.000139953,0.000023495,742,7
capt_simd,ur5,bookshelf_thin,1,0.06,2620,true,0.000226425,0.002468358,742,7
primitive,ur5,bookshelf_thin,2,0.06,2666,true,0.000233389,0.000000541,360,22
mvtable,ur5,bookshelf_thin,2,0.06,2666,true,0.000128382,0.000054913,111,11
mvtable_mutable,ur5,bookshelf_thin,2,0.06,2666,true,0.000131808,0.000072125,111,11
mvtable_cpp,ur5,bookshelf_thin,2,0.06,2666,true,0.000163958,0.000030677,111,11
capt,ur5,bookshelf_thin,2,0.06,2666,true,0.000241042,0.002360254,111,11
kiddo,ur5,bookshelf_thin,2,0.06,2666,true,0.000649991,0.000089919,111,11
mvtable_simd,ur5,bookshelf_thin,2,0.06,2666,true,0.000110177,0.000053711,111,11
mvtable_mutable_simd,ur5,bookshelf_thin,2,0.06,2666,true,0.000117912,0.000069521,111,11
mvt_cpp_simd,ur5,bookshelf_thin,2,0.06,2666,true,0.000113724,0.000028413,111,11
capt_simd,ur5,bookshelf_thin,2,0.06,2666,true,0.00017055,0.002379591,111,11
primitive,ur5,bookshelf_thin,3,0.06,2650,true,0.000036288,0.000000441,1,4
mvtable,ur5,bookshelf_thin,3,0.06,2650,true,0.000029766,0.000052899,1,4
mvtable_mutable,ur5,bookshelf_thin,3,0.06,2650,true,0.000049443,0.00006921,1,4
mvtable_cpp,ur5,bookshelf_thin,3,0.06,2650,true,0.000036158,0.000030236,1,4
capt,ur5,bookshelf_thin,3,0.06,2650,true,0.000071184,0.00241645,1,4
kiddo,ur5,bookshelf_thin,3,0.06,2650,true,0.00020261,0.000073598,1,4
mvtable_simd,ur5,bookshelf_thin,3,0.06,2650,true,0.000026519,0.000052438,1,4
mvtable_mutable_simd,ur5,bookshelf_thin,3,0.06,2650,true,0.00002168,0.000067927,1,4
mvt_cpp_simd,ur5,bookshelf_thin,3,0.06,2650,true,0.000024235,0.000036519,1,4
capt_simd,ur5,bookshelf_thin,3,0.06,2650,true,0.000052859,0.002103933,1,4
primitive,ur5,bookshelf_thin,4,0.06,2614,true,0.000225263,0.000000261,2880,6
mvtable,ur5,bookshelf_thin,4,0.06,2614,true,0.00011164,0.000052729,900,6
mvtable_mutable,ur5,bookshelf_thin,4,0.06,2614,true,0.000108234,0.000066575,900,6
mvtable_cpp,ur5,bookshelf_thin,4,0.06,2614,true,0.000144001,0.000025758,900,6
capt,ur5,bookshelf_thin,4,0.06,2614,true,0.000189276,0.002327513,900,6
kiddo,ur5,bookshelf_thin,4,0.06,2614,true,0.000438314,0.00006408,900,6
mvtable_simd,ur5,bookshelf_thin,4,0.06,2614,true,0.000102903,0.000049994,900,6
mvtable_mutable_simd,ur5,bookshelf_thin,4,0.06,2614,true,0.000098154,0.000064642,900,6
mvt_cpp_simd,ur5,bookshelf_thin,4,0.06,2614,true,0.000102874,0.000025307,900,6
capt_simd,ur5,bookshelf_thin,4,0.06,2614,true,0.000149221,0.001987735,900,6
primitive,ur5,bookshelf_thin,5,0.06,2574,true,0.000539194,0.000000261,6780,5
mvtable,ur5,bookshelf_thin,5,0.06,2574,true,0.000043642,0.000048792,60,5
mvtable_mutable,ur5,bookshelf_thin,5,0.06,2574,true,0.000042349,0.000065994,60,5
mvtable_cpp,ur5,bookshelf_thin,5,0.06,2574,true,0.00005826,0.000025608,60,5
capt,ur5,bookshelf_thin,5,0.06,2574,true,0.0000958,0.002190826,60,5
kiddo,ur5,bookshelf_thin,5,0.06,2574,true,0.000242586,0.00006391,60,5
mvtable_simd,ur5,bookshelf_thin,5,0.06,2574,true,0.000034244,0.000048251,60,5
mvtable_mutable_simd,ur5,bookshelf_thin,5,0.06,2574,true,0.000035006,0.000061947,60,5
mvt_cpp_simd,ur5,bookshelf_thin,5,0.06,2574,true,0.000037811,0.000025238,60,5
capt_simd,ur5,bookshelf_thin,5,0.06,2574,true,0.00007418,0.001935787,60,5
primitive,ur5,bookshelf_thin,6,0.06,2631,true,0.0000584,0.000000331,150,5
mvtable,ur5,bookshelf_thin,6,0.06,2631,true,0.000059912,0.000051156,150,5
mvtable_mutable,ur5,bookshelf_thin,6,0.06,2631,true,0.00005855,0.000064922,150,5
mvtable_cpp,ur5,bookshelf_thin,6,0.06,2631,true,0.000075361,0.000024967,150,5
capt,ur5,bookshelf_thin,6,0.06,2631,true,0.000122029,0.002196347,150,5
kiddo,ur5,bookshelf_thin,6,0.06,2631,true,0.000326774,0.000064441,150,5
mvtable_simd,ur5,bookshelf_thin,6,0.06,2631,true,0.000050184,0.000051396,150,5
mvtable_mutable_simd,ur5,bookshelf_thin,6,0.06,2631,true,0.000051066,0.000065052,150,5
mvt_cpp_simd,ur5,bookshelf_thin,6,0.06,2631,true,0.000051717,0.000024706,150,5
capt_simd,ur5,bookshelf_thin,6,0.06,2631,true,0.000092002,0.001951426,150,5
primitive,ur5,bookshelf_thin,7,0.06,2502,true,0.000047459,0.000000251,85,4
mvtable,ur5,bookshelf_thin,7,0.06,2502,true,0.000038563,0.000044874,85,4
mvtable_mutable,ur5,bookshelf_thin,7,0.06,2502,true,0.00003713,0.000056255,85,4
mvtable_cpp,ur5,bookshelf_thin,7,0.06,2502,true,0.000050284,0.000023735,85,4
capt,ur5,bookshelf_thin,7,0.06,2502,true,0.000091542,0.002172983,85,4
kiddo,ur5,bookshelf_thin,7,0.06,2502,true,0.00036225,0.000061976,85,4
mvtable_simd,ur5,bookshelf_thin,7,0.06,2502,true,0.000030277,0.000044854,85,4
mvtable_mutable_simd,ur5,bookshelf_thin,7,0.06,2502,true,0.000029706,0.000055725,85,4
mvt_cpp_simd,ur5,bookshelf_thin,7,0.06,2502,true,0.000029886,0.000023544,85,4
capt_simd,ur5,bookshelf_thin,7,0.06,2502,true,0.00006896,0.001886966,85,4
primitive,ur5,bookshelf_thin,8,0.06,2641,true,0.00010633,0.00000026,681,5
mvtable,ur5,bookshelf_thin,8,0.06,2641,true,0.000107152,0.000051197,537,5
mvtable_mutable,ur5,bookshelf_thin,8,0.06,2641,true,0.000103815,0.000071425,537,5
mvtable_cpp,ur5,bookshelf_thin,8,0.06,2641,true,0.000131306,0.000023985,537,5
capt,ur5,bookshelf_thin,8,0.06,2641,true,0.000208952,0.002226203,537,5
kiddo,ur5,bookshelf_thin,8,0.06,2641,true,0.000620687,0.000064231,537,5
mvtable_simd,ur5,bookshelf_thin,8,0.06,2641,true,0.000092604,0.000050915,537,5
mvtable_mutable_simd,ur5,bookshelf_thin,8,0.06,2641,true,0.000093646,0.0000636,537,5
mvt_cpp_simd,ur5,bookshelf_thin,8,0.06,2641,true,0.00009543,0.000024145,537,5
capt_simd,ur5,bookshelf_thin,8,0.06,2641,true,0.000166202,0.001961496,537,5
primitive,ur5,bookshelf_thin,9,0.06,2694,true,0.000045095,0.000000271,10,5
mvtable,ur5,bookshelf_thin,9,0.06,2694,true,0.000027182,0.00005838,1,4
mvtable_mutable,ur5,bookshelf_thin,9,0.06,2694,true,0.00002639,0.000066505,1,4
mvtable_cpp,ur5,bookshelf_thin,9,0.06,2694,true,0.000033002,0.000026289,1,4
capt,ur5,bookshelf_thin,9,0.06,2694,true,0.000061015,0.002236212,1,4
kiddo,ur5,bookshelf_thin,9,0.06,2694,true,0.000177274,0.000065623,1,4
mvtable_simd,ur5,bookshelf_thin,9,0.06,2694,true,0.000020228,0.00005296,1,4
mvtable_mutable_simd,ur5,bookshelf_thin,9,0.06,2694,true,0.000020168,0.000066545,1,4
mvt_cpp_simd,ur5,bookshelf_thin,9,0.06,2694,true,0.00002668,0.000027942,1,4
capt_simd,ur5,bookshelf_thin,9,0.06,2694,true,0.000055575,0.00195322,1,4
primitive,ur5,bookshelf_thin,10,0.06,2731,true,0.00012225,0.00000024,414,8
mvtable,ur5,bookshelf_thin,10,0.06,2731,true,0.000084258,0.000051256,69,5
mvtable_mutable,ur5,bookshelf_thin,10,0.06,2731,true,0.000087204,0.000064842,69,5
mvtable_cpp,ur5,bookshelf_thin,10,0.06,2731,true,0.000103294,0.000027471,69,5
capt,ur5,bookshelf_thin,10,0.06,2731,true,0.000141616,0.002228638,69,5
kiddo,ur5,bookshelf_thin,10,0.06,2731,true,0.000403578,0.000067527,69,5
mvtable_simd,ur5,bookshelf_thin,10,0.06,2731,true,0.000073868,0.000051226,69,5
mvtable_mutable_simd,ur5,bookshelf_thin,10,0.06,2731,true,0.000075381,0.000064631,69,5
mvt_cpp_simd,ur5,bookshelf_thin,10,0.06,2731,true,0.000071554,0.000027421,69,5
capt_simd,ur5,bookshelf_thin,10,0.06,2731,true,0.000105308,0.001987174,69,5
primitive,ur5,bookshelf_thin,11,0.06,2727,true,0.000167435,0.00000026,568,11
mvtable,ur5,bookshelf_thin,11,0.06,2727,true,0.000142007,0.000054051,321,9
mvtable_mutable,ur5,bookshelf_thin,11,0.06,2727,true,0.000132849,0.000068308,321,9
mvtable_cpp,ur5,bookshelf_thin,11,0.06,2727,true,0.000176832,0.000027923,321,9
capt,ur5,bookshelf_thin,11,0.06,2727,true,0.000231184,0.00224072,321,9
kiddo,ur5,bookshelf_thin,11,0.06,2727,true,0.000624474,0.000071705,321,9
mvtable_simd,ur5,bookshelf_thin,11,0.06,2727,true,0.0001171,0.000053281,321,9
mvtable_mutable_simd,ur5,bookshelf_thin,11,0.06,2727,true,0.000124414,0.000067436,321,9
mvt_cpp_simd,ur5,bookshelf_thin,11,0.06,2727,true,0.000125075,0.000028693,321,9
capt_simd,ur5,bookshelf_thin,11,0.06,2727,true,0.000182482,0.002005318,321,9
primitive,ur5,bookshelf_thin,12,0.06,2659,true,0.000089077,0.00000026,349,6
mvtable,ur5,bookshelf_thin,12,0.06,2659,true,0.000145774,0.00005338,100,19
mvtable_mutable,ur5,bookshelf_thin,12,0.06,2659,true,0.000141606,0.000067837,100,19
mvtable_cpp,ur5,bookshelf_thin,12,0.06,2659,true,0.00017577,0.00002689,100,19
capt,ur5,bookshelf_thin,12,0.06,2659,true,0.000334779,0.002190576,100,19
kiddo,ur5,bookshelf_thin,12,0.06,2659,true,0.00102687,0.000065353,100,19
mvtable_simd,ur5,bookshelf_thin,12,0.06,2659,true,0.000114556,0.000052599,100,19
mvtable_mutable_simd,ur5,bookshelf_thin,12,0.06,2659,true,0.00011711,0.000068168,100,19
mvt_cpp_simd,ur5,bookshelf_thin,12,0.06,2659,true,0.000122229,0.000026941,100,19
capt_simd,ur5,bookshelf_thin,12,0.06,2659,true,0.000262774,0.001989979,100,19
primitive,ur5,bookshelf_thin,13,0.06,2650,true,0.000072286,0.00000028,451,3
mvtable,ur5,bookshelf_thin,13,0.06,2650,true,0.000050465,0.000054813,231,3
mvtable_mutable,ur5,bookshelf_thin,13,0.06,2650,true,0.000048852,0.000068799,231,3
mvtable_cpp,ur5,bookshelf_thin,13,0.06,2650,true,0.000062878,0.000029065,231,3
capt,ur5,bookshelf_thin,13,0.06,2650,true,0.000105628,0.002257271,231,3
kiddo,ur5,bookshelf_thin,13,0.06,2650,true,0.000256852,0.000064612,231,3
mvtable_simd,ur5,bookshelf_thin,13,0.06,2650,true,0.000043161,0.000054342,231,3
mvtable_mutable_simd,ur5,bookshelf_thin,13,0.06,2650,true,0.000043732,0.00006899,231,3
mvt_cpp_simd,ur5,bookshelf_thin,13,0.06,2650,true,0.000045405,0.000029015,231,3
capt_simd,ur5,bookshelf_thin,13,0.06,2650,true,0.000081934,0.001987034,231,3
primitive,ur5,bookshelf_thin,14,0.06,2643,true,0.000075392,0.000000341,451,3
mvtable,ur5,bookshelf_thin,14,0.06,2643,true,0.00004778,0.000046297,231,3
mvtable_mutable,ur5,bookshelf_thin,14,0.06,2643,true,0.000052558,0.000057718,231,3
mvtable_cpp,ur5,bookshelf_thin,14,0.06,2643,true,0.000060464,0.000024516,231,3
capt,ur5,bookshelf_thin,14,0.06,2643,true,0.000095059,0.002209221,231,3
kiddo,ur5,bookshelf_thin,14,0.06,2643,true,0.000318048,0.000065002,231,3
mvtable_simd,ur5,bookshelf_thin,14,0.06,2643,true,0.000041478,0.000045756,231,3
mvtable_mutable_simd,ur5,bookshelf_thin,14,0.06,2643,true,0.00004784,0.00005836,231,3
mvt_cpp_simd,ur5,bookshelf_thin,14,0.06,2643,true,0.000043723,0.000024586,231,3
capt_simd,ur5,bookshelf_thin,14,0.06,2643,true,0.000080351,0.001970092,231,3
primitive,ur5,bookshelf_thin,15,0.06,2729,true,0.000082796,0.00000048,240,6
mvtable,ur5,bookshelf_thin,15,0.06,2729,true,0.000123302,0.000052599,240,7
mvtable_mutable,ur5,bookshelf_thin,15,0.06,2729,true,0.000119635,0.000065654,240,7
mvtable_cpp,ur5,bookshelf_thin,15,0.06,2729,true,0.000153158,0.000036989,240,7
capt,ur5,bookshelf_thin,15,0.06,2729,true,0.000213291,0.002253334,240,7
kiddo,ur5,bookshelf_thin,15,0.06,2729,true,0.000499358,0.000069049,240,7
mvtable_simd,ur5,bookshelf_thin,15,0.06,2729,true,0.000110287,0.000051647,240,7
mvtable_mutable_simd,ur5,bookshelf_thin,15,0.06,2729,true,0.000111479,0.000064641,240,7
mvt_cpp_simd,ur5,bookshelf_thin,15,0.06,2729,true,0.000109896,0.000027562,240,7
capt_simd,ur5,bookshelf_thin,15,0.06,2729,true,0.000149872,0.002014656,240,7
primitive,ur5,bookshelf_thin,16,0.06,2597,true,0.000195588,0.0000003,865,16
mvtable,ur5,bookshelf_thin,16,0.06,2597,true,0.000131767,0.000050605,60,13
mvtable_mutable,ur5,bookshelf_thin,16,0.06,2597,true,0.000129814,0.000064431,60,13
mvtable_cpp,ur5,bookshelf_thin,16,0.06,2597,true,0.000177424,0.000031289,60,13
capt,ur5,bookshelf_thin,16,0.06,2597,true,0.000273925,0.002224269,60,13
kiddo,ur5,bookshelf_thin,16,0.06,2597,true,0.000748587,0.000064872,60,13
mvtable_simd,ur5,bookshelf_thin,16,0.06,2597,true,0.000112381,0.000050685,60,13
mvtable_mutable_simd,ur5,bookshelf_thin,16,0.06,2597,true,0.000115477,0.00006376,60,13
mvt_cpp_simd,ur5,bookshelf_thin,16,0.06,2597,true,0.000115788,0.00003192,60,13
capt_simd,ur5,bookshelf_thin,16,0.06,2597,true,0.000200166,0.001964812,60,13
primitive,ur5,bookshelf_thin,17,0.06,2670,true,0.000169468,0.000000281,1494,5
mvtable,ur5,bookshelf_thin,17,0.06,2670,true,0.000045215,0.000052298,129,4
mvtable_mutable,ur5,bookshelf_thin,17,0.06,2670,true,0.000043612,0.000065783,129,4
mvtable_cpp,ur5,bookshelf_thin,17,0.06,2670,true,0.000054262,0.000026249,129,4
capt,ur5,bookshelf_thin,17,0.06,2670,true,0.000087985,0.002209562,129,4
kiddo,ur5,bookshelf_thin,17,0.06,2670,true,0.000269246,0.000066585,129,4
mvtable_simd,ur5,bookshelf_thin,17,0.06,2670,true,0.00003704,0.000051988,129,4
mvtable_mutable_simd,ur5,bookshelf_thin,17,0.06,2670,true,0.000037541,0.000065373,129,4
mvt_cpp_simd,ur5,bookshelf_thin,17,0.06,2670,true,0.000041247,0.00002642,129,4
capt_simd,ur5,bookshelf_thin,17,0.06,2670,true,0.000068338,0.001967096,129,4
primitive,ur5,bookshelf_thin,18,0.06,2582,true,0.000073859,0.00000027,339,6
mvtable,ur5,bookshelf_thin,18,0.06,2582,true,0.000064762,0.000055023,169,6
mvtable_mutable,ur5,bookshelf_thin,18,0.06,2582,true,0.000063329,0.000064862,169,6
mvtable_cpp,ur5,bookshelf_thin,18,0.06,2582,true,0.000092393,0.000026981,169,6
capt,ur5,bookshelf_thin,18,0.06,2582,true,0.000133831,0.00221948,169,6
kiddo,ur5,bookshelf_thin,18,0.06,2582,true,0.000373432,0.000061715,169,6
mvtable_simd,ur5,bookshelf_thin,18,0.06,2582,true,0.000053661,0.000050254,169,6
mvtable_mutable_simd,ur5,bookshelf_thin,18,0.06,2582,true,0.000055574,0.00006397,169,6
mvt_cpp_simd,ur5,bookshelf_thin,18,0.06,2582,true,0.000056656,0.000027041,169,6
capt_simd,ur5,bookshelf_thin,18,0.06,2582,true,0.000105378,0.001946778,169,6
primitive,ur5,bookshelf_thin,19,0.06,2578,true,0.000126708,0.000000281,984,5
mvtable,ur5,bookshelf_thin,19,0.06,2578,true,0.000090169,0.000051387,324,6
mvtable_mutable,ur5,bookshelf_thin,19,0.06,2578,true,0.000087304,0.000064892,324,6
mvtable_cpp,ur5,bookshelf_thin,19,0.06,2578,true,0.000146064,0.000024075,324,6
capt,ur5,bookshelf_thin,19,0.06,2578,true,0.000193363,0.002175036,324,6
kiddo,ur5,bookshelf_thin,19,0.06,2578,true,0.000531518,0.000064832,324,6
mvtable_simd,ur5,bookshelf_thin,19,0.06,2578,true,0.000078898,0.000051297,324,6
mvtable_mutable_simd,ur5,bookshelf_thin,19,0.06,2578,true,0.000079128,0.000064431,324,6
mvt_cpp_simd,ur5,bookshelf_thin,19,0.06,2578,true,0.000083577,0.000023885,324,6
capt_simd,ur5,bookshelf_thin,19,0.06,2578,true,0.000125466,0.001906081,324,6
primitive,ur5,bookshelf_thin,20,0.06,2614,true,0.000578326,0.000000261,10815,3
mvtable,ur5,bookshelf_thin,20,0.06,2614,true,0.000093466,0.000051717,1155,3
mvtable_mutable,ur5,bookshelf_thin,20,0.06,2614,true,0.000088647,0.000064552,1155,3
mvtable_cpp,ur5,bookshelf_thin,20,0.06,2614,true,0.000093716,0.000030387,1155,3
capt,ur5,bookshelf_thin,20,0.06,2614,true,0.000151755,0.002241612,1155,3
kiddo,ur5,bookshelf_thin,20,0.06,2614,true,0.000301917,0.000064751,1155,3
mvtable_simd,ur5,bookshelf_thin,20,0.06,2614,true,0.00008494,0.000051096,1155,3
mvtable_mutable_simd,ur5,bookshelf_thin,20,0.06,2614,true,0.000082846,0.000064111,1155,3
mvt_cpp_simd,ur5,bookshelf_thin,20,0.06,2614,true,0.000089288,0.000030176,1155,3
capt_simd,ur5,bookshelf_thin,20,0.06,2614,true,0.000126858,0.001950625,1155,3
primitive,ur5,bookshelf_thin,21,0.06,2715,true,0.00007982,0.00000027,373,5
mvtable,ur5,bookshelf_thin,21,0.06,2715,true,0.000045686,0.000052248,73,4
mvtable_mutable,ur5,bookshelf_thin,21,0.06,2715,true,0.000045055,0.000064612,73,4
mvtable_cpp,ur5,bookshelf_thin,21,0.06,2715,true,0.000060264,0.000024756,73,4
capt,ur5,bookshelf_thin,21,0.06,2715,true,0.000087143,0.002230621,73,4
kiddo,ur5,bookshelf_thin,21,0.06,2715,true,0.000277993,0.000068028,73,4
mvtable_simd,ur5,bookshelf_thin,21,0.06,2715,true,0.000038011,0.000051106,73,4
mvtable_mutable_simd,ur5,bookshelf_thin,21,0.06,2715,true,0.000038272,0.000064841,73,4
mvt_cpp_simd,ur5,bookshelf_thin,21,0.06,2715,true,0.000040606,0.000025067,73,4
capt_simd,ur5,bookshelf_thin,21,0.06,2715,true,0.000064912,0.001976263,73,4
primitive,ur5,bookshelf_thin,22,0.06,2591,true,0.000064591,0.000000261,91,7
mvtable,ur5,bookshelf_thin,22,0.06,2591,true,0.000052088,0.000046046,91,7
mvtable_mutable,ur5,bookshelf_thin,22,0.06,2591,true,0.000050174,0.000057448,91,7
mvtable_cpp,ur5,bookshelf_thin,22,0.06,2591,true,0.000065312,0.000024205,91,7
capt,ur5,bookshelf_thin,22,0.06,2591,true,0.000133851,0.002202438,91,7
kiddo,ur5,bookshelf_thin,22,0.06,2591,true,0.000538442,0.000062397,91,7
mvtable_simd,ur5,bookshelf_thin,22,0.06,2591,true,0.000040626,0.000045866,91,7
mvtable_mutable_simd,ur5,bookshelf_thin,22,0.06,2591,true,0.000040837,0.000057398,91,7
mvt_cpp_simd,ur5,bookshelf_thin,22,0.06,2591,true,0.000045084,0.000023955,91,7
capt_simd,ur5,bookshelf_thin,22,0.06,2591,true,0.000104907,0.001955154,91,7
primitive,ur5,bookshelf_thin,23,0.06,2644,true,0.000171482,0.00000027,1059,8
mvtable,ur5,bookshelf_thin,23,0.06,2644,true,0.000048952,0.000050976,94,6
mvtable_mutable,ur5,bookshelf_thin,23,0.06,2644,true,0.000047359,0.000063219,94,6
mvtable_cpp,ur5,bookshelf_thin,23,0.06,2644,true,0.000054523,0.000026339,94,6
capt,ur5,bookshelf_thin,23,0.06,2644,true,0.000110748,0.002257472,94,6
kiddo,ur5,bookshelf_thin,23,0.06,2644,true,0.000395603,0.000065543,94,6
mvtable_simd,ur5,bookshelf_thin,23,0.06,2644,true,0.000038342,0.000050776,94,6
mvtable_mutable_simd,ur5,bookshelf_thin,23,0.06,2644,true,0.000038542,0.000062678,94,6
mvt_cpp_simd,ur5,bookshelf_thin,23,0.06,2644,true,0.000038753,0.00002633,94,6
capt_simd,ur5,bookshelf_thin,23,0.06,2644,true,0.000091301,0.001992774,94,6
primitive,ur5,bookshelf_thin,24,0.06,2669,true,0.000052278,0.000000281,2,6
mvtable,ur5,bookshelf_thin,24,0.06,2669,true,0.000041327,0.000053231,1,5
mvtable_mutable,ur5,bookshelf_thin,24,0.06,2669,true,0.000040867,0.000067968,1,5
mvtable_cpp,ur5,bookshelf_thin,24,0.06,2669,true,0.00005334,0.000027952,1,5
capt,ur5,bookshelf_thin,24,0.06,2669,true,0.000091612,0.002189554,1,5
kiddo,ur5,bookshelf_thin,24,0.06,2669,true,0.000225835,0.000065563,1,5
mvtable_simd,ur5,bookshelf_thin,24,0.06,2669,true,0.000032541,0.000052378,1,5
mvtable_mutable_simd,ur5,bookshelf_thin,24,0.06,2669,true,0.000032421,0.000068259,1,5
mvt_cpp_simd,ur5,bookshelf_thin,24,0.06,2669,true,0.000032721,0.000027592,1,5
capt_simd,ur5,bookshelf_thin,24,0.06,2669,true,0.000067196,0.001941729,1,5
primitive,ur5,bookshelf_thin,25,0.06,2603,true,0.000086683,0.00000025,444,6
mvtable,ur5,bookshelf_thin,25,0.06,2603,true,0.00009035,0.000050465,444,6
mvtable_mutable,ur5,bookshelf_thin,25,0.06,2603,true,0.000088517,0.000063409,444,6
mvtable_cpp,ur5,bookshelf_thin,25,0.06,2603,true,0.0001275,0.000023655,444,6
capt,ur5,bookshelf_thin,25,0.06,2603,true,0.000175489,0.002199533,444,6
kiddo,ur5,bookshelf_thin,25,0.06,2603,true,0.000599547,0.000065383,444,6
mvtable_simd,ur5,bookshelf_thin,25,0.06,2603,true,0.000078437,0.000050294,444,6
mvtable_mutable_simd,ur5,bookshelf_thin,25,0.06,2603,true,0.000078277,0.0000636,444,6
mvt_cpp_simd,ur5,bookshelf_thin,25,0.06,2603,true,0.000082805,0.000023554,444,6
capt_simd,ur5,bookshelf_thin,25,0.06,2603,true,0.000139512,0.001934835,444,6
primitive,ur5,bookshelf_thin,26,0.06,2717,true,0.000692491,0.00000025,7410,5
mvtable,ur5,bookshelf_thin,26,0.06,2717,true,0.000065743,0.000051687,60,5
mvtable_mutable,ur5,bookshelf_thin,26,0.06,2717,true,0.000064822,0.000065523,60,5
mvtable_cpp,ur5,bookshelf_thin,26,0.06,2717,true,0.000096291,0.000027161,60,5
capt,ur5,bookshelf_thin,26,0.06,2717,true,0.000114986,0.002196487,60,5
kiddo,ur5,bookshelf_thin,26,0.06,2717,true,0.000269857,0.000071855,60,5
mvtable_simd,ur5,bookshelf_thin,26,0.06,2717,true,0.000057889,0.000051206,60,5
mvtable_mutable_simd,ur5,bookshelf_thin,26,0.06,2717,true,0.00005873,0.000065213,60,5
mvt_cpp_simd,ur5,bookshelf_thin,26,0.06,2717,true,0.000057608,0.000031118,60,5
capt_simd,ur5,bookshelf_thin,26,0.06,2717,true,0.00008515,0.001968168,60,5
primitive,ur5,bookshelf_thin,27,0.06,2707,true,0.000042279,0.000000261,114,4
mvtable,ur5,bookshelf_thin,27,0.06,2707,true,0.000054202,0.000051006,114,4
mvtable_mutable,ur5,bookshelf_thin,27,0.06,2707,true,0.000053842,0.000065182,114,4
mvtable_cpp,ur5,bookshelf_thin,27,0.06,2707,true,0.000083407,0.000027792,114,4
capt,ur5,bookshelf_thin,27,0.06,2707,true,0.0001015,0.002225541,114,4
kiddo,ur5,bookshelf_thin,27,0.06,2707,true,0.000217198,0.000067106,114,4
mvtable_simd,ur5,bookshelf_thin,27,0.06,2707,true,0.000048972,0.000050855,114,4
mvtable_mutable_simd,ur5,bookshelf_thin,27,0.06,2707,true,0.000048551,0.000064451,114,4
mvt_cpp_simd,ur5,bookshelf_thin,27,0.06,2707,true,0.000051417,0.000027421,114,4
capt_simd,ur5,bookshelf_thin,27,0.06,2707,true,0.000070502,0.001964852,114,4
primitive,ur5,bookshelf_thin,28,0.06,2554,true,0.000124805,0.00000027,789,4
mvtable,ur5,bookshelf_thin,28,0.06,2554,true,0.000050464,0.000046637,114,4
mvtable_mutable,ur5,bookshelf_thin,28,0.06,2554,true,0.000048501,0.000058079,114,4
mvtable_cpp,ur5,bookshelf_thin,28,0.06,2554,true,0.000065744,0.000027842,114,4
capt,ur5,bookshelf_thin,28,0.06,2554,true,0.000109285,0.002210764,114,4
kiddo,ur5,bookshelf_thin,28,0.06,2554,true,0.000320572,0.000062287,114,4
mvtable_simd,ur5,bookshelf_thin,28,0.06,2554,true,0.000040817,0.000046036,114,4
mvtable_mutable_simd,ur5,bookshelf_thin,28,0.06,2554,true,0.000041889,0.000057027,114,4
mvt_cpp_simd,ur5,bookshelf_thin,28,0.06,2554,true,0.000041408,0.000026991,114,4
capt_simd,ur5,bookshelf_thin,28,0.06,2554,true,0.000076604,0.001923454,114,4
primitive,ur5,bookshelf_thin,29,0.06,2647,true,0.000140274,0.00000028,865,5
mvtable,ur5,bookshelf_thin,29,0.06,2647,true,0.000025238,0.000051045,1,4
mvtable_mutable,ur5,bookshelf_thin,29,0.06,2647,true,0.000024656,0.000064641,1,4
mvtable_cpp,ur5,bookshelf_thin,29,0.06,2647,true,0.000030548,0.00002667,1,4
capt,ur5,bookshelf_thin,29,0.06,2647,true,0.000062247,0.002247924,1,4
kiddo,ur5,bookshelf_thin,29,0.06,2647,true,0.000174398,0.000071214,1,4
mvtable_simd,ur5,bookshelf_thin,29,0.06,2647,true,0.000017763,0.000050876,1,4
mvtable_mutable_simd,ur5,bookshelf_thin,29,0.06,2647,true,0.000018234,0.000064371,1,4
mvt_cpp_simd,ur5,bookshelf_thin,29,0.06,2647,true,0.000019206,0.00002665,1,4
capt_simd,ur5,bookshelf_thin,29,0.06,2647,true,0.00004814,0.001997644,1,4
primitive,ur5,bookshelf_thin,30,0.06,2649,true,0.000060233,0.000000361,219,5
mvtable,ur5,bookshelf_thin,30,0.06,2649,true,0.00005348,0.000052579,219,5
mvtable_mutable,ur5,bookshelf_thin,30,0.06,2649,true,0.000052158,0.000067337,219,5
mvtable_cpp,ur5,bookshelf_thin,30,0.06,2649,true,0.000060334,0.000030958,219,5
capt,ur5,bookshelf_thin,30,0.06,2649,true,0.000117441,0.00224585,219,5
kiddo,ur5,bookshelf_thin,30,0.06,2649,true,0.000287551,0.000065724,219,5
mvtable_simd,ur5,bookshelf_thin,30,0.06,2649,true,0.000045205,0.000051697,219,5
mvtable_mutable_simd,ur5,bookshelf_thin,30,0.06,2649,true,0.000045115,0.000070863,219,5
mvt_cpp_simd,ur5,bookshelf_thin,30,0.06,2649,true,0.000046538,0.00002637,219,5
capt_simd,ur5,bookshelf_thin,30,0.06,2649,true,0.000088967,0.002020336,219,5
primitive,ur5,bookshelf_thin,31,0.06,2666,true,0.000145543,0.00000028,1194,5
mvtable,ur5,bookshelf_thin,31,0.06,2666,true,0.00018098,0.000052639,697,11
mvtable_mutable,ur5,bookshelf_thin,31,0.06,2666,true,0.000175129,0.000068108,697,11
mvtable_cpp,ur5,bookshelf_thin,31,0.06,2666,true,0.000288072,0.000024777,697,11
capt,ur5,bookshelf_thin,31,0.06,2666,true,0.000298941,0.002223938,697,11
kiddo,ur5,bookshelf_thin,31,0.06,2666,true,0.000721576,0.000065543,697,11
mvtable_simd,ur5,bookshelf_thin,31,0.06,2666,true,0.000158979,0.000052438,697,11
mvtable_mutable_simd,ur5,bookshelf_thin,31,0.06,2666,true,0.000160752,0.000067577,697,11
mvt_cpp_simd,ur5,bookshelf_thin,31,0.06,2666,true,0.00017553,0.000024696,697,11
capt_simd,ur5,bookshelf_thin,31,0.06,2666,true,0.000226736,0.001965103,697,11
primitive,ur5,bookshelf_thin,32,0.06,2709,true,0.00017002,0.00000034,1426,5
mvtable,ur5,bookshelf_thin,32,0.06,2709,true,0.000120817,0.000051427,480,8
mvtable_mutable,ur5,bookshelf_thin,32,0.06,2709,true,0.00011705,0.000066144,480,8
mvtable_cpp,ur5,bookshelf_thin,32,0.06,2709,true,0.000179888,0.000033112,480,8
capt,ur5,bookshelf_thin,32,0.06,2709,true,0.000227478,0.00225094,480,8
kiddo,ur5,bookshelf_thin,32,0.06,2709,true,0.000460596,0.000068669,480,8
mvtable_simd,ur5,bookshelf_thin,32,0.06,2709,true,0.000107823,0.000051056,480,8
mvtable_mutable_simd,ur5,bookshelf_thin,32,0.06,2709,true,0.000106149,0.000065754,480,8
mvt_cpp_simd,ur5,bookshelf_thin,32,0.06,2709,true,0.000115247,0.000033583,480,8
capt_simd,ur5,bookshelf_thin,32,0.06,2709,true,0.000158959,0.001993826,480,8
primitive,ur5,bookshelf_thin,33,0.06,2600,true,0.00014919,0.000000301,406,13
mvtable,ur5,bookshelf_thin,33,0.06,2600,true,0.000115527,0.000045536,397,12
mvtable_mutable,ur5,bookshelf_thin,33,0.06,2600,true,0.000112622,0.000057578,397,12
mvtable_cpp,ur5,bookshelf_thin,33,0.06,2600,true,0.000134443,0.000027352,397,12
capt,ur5,bookshelf_thin,33,0.06,2600,true,0.000261642,0.00224622,397,12
kiddo,ur5,bookshelf_thin,33,0.06,2600,true,0.000869755,0.000063639,397,12
mvtable_simd,ur5,bookshelf_thin,33,0.06,2600,true,0.000094929,0.000045595,397,12
mvtable_mutable_simd,ur5,bookshelf_thin,33,0.06,2600,true,0.000093786,0.000058029,397,12
mvt_cpp_simd,ur5,bookshelf_thin,33,0.06,2600,true,0.000104787,0.000026981,397,12
capt_simd,ur5,bookshelf_thin,33,0.06,2600,true,0.000221796,0.001977015,397,12
primitive,ur5,bookshelf_thin,34,0.06,2647,true,0.000147818,0.000000251,1194,4
mvtable,ur5,bookshelf_thin,34,0.06,2647,true,0.000094007,0.000050244,349,6
mvtable_mutable,ur5,bookshelf_thin,34,0.06,2647,true,0.000092454,0.000064161,349,6
mvtable_cpp,ur5,bookshelf_thin,34,0.06,2647,true,0.000112081,0.000026068,349,6
capt,ur5,bookshelf_thin,34,0.06,2647,true,0.000176352,0.00221371,349,6
kiddo,ur5,bookshelf_thin,34,0.06,2647,true,0.000414289,0.000066986,349,6
mvtable_simd,ur5,bookshelf_thin,34,0.06,2647,true,0.00008535,0.000050284,349,6
mvtable_mutable_simd,ur5,bookshelf_thin,34,0.06,2647,true,0.000084468,0.00006418,349,6
mvt_cpp_simd,ur5,bookshelf_thin,34,0.06,2647,true,0.00008481,0.00003749,349,6
capt_simd,ur5,bookshelf_thin,34,0.06,2647,true,0.000131107,0.002017962,349,6
primitive,ur5,bookshelf_thin,35,0.06,2642,true,0.000080341,0.00000039,93,7
mvtable,ur5,bookshelf_thin,35,0.06,2642,true,0.000065333,0.000046156,93,7
mvtable_mutable,ur5,bookshelf_thin,35,0.06,2642,true,0.000059272,0.000058229,93,7
mvtable_cpp,ur5,bookshelf_thin,35,0.06,2642,true,0.000070472,0.000029545,93,7
capt,ur5,bookshelf_thin,35,0.06,2642,true,0.000131547,0.002249236,93,7
kiddo,ur5,bookshelf_thin,35,0.06,2642,true,0.000465415,0.000065773,93,7
mvtable_simd,ur5,bookshelf_thin,35,0.06,2642,true,0.00004794,0.000045916,93,7
mvtable_mutable_simd,ur5,bookshelf_thin,35,0.06,2642,true,0.00004827,0.00005818,93,7
mvt_cpp_simd,ur5,bookshelf_thin,35,0.06,2642,true,0.000050335,0.000029175,93,7
capt_simd,ur5,bookshelf_thin,35,0.06,2642,true,0.000107281,0.001994007,93,7
primitive,ur5,bookshelf_thin,36,0.06,2632,true,0.000155562,0.00000026,453,11
mvtable,ur5,bookshelf_thin,36,0.06,2632,true,0.000053189,0.000052759,38,6
mvtable_mutable,ur5,bookshelf_thin,36,0.06,2632,true,0.000051947,0.000066956,38,6
mvtable_cpp,ur5,bookshelf_thin,36,0.06,2632,true,0.000067617,0.000025678,38,6
capt,ur5,bookshelf_thin,36,0.06,2632,true,0.000107472,0.00224081,38,6
kiddo,ur5,bookshelf_thin,36,0.06,2632,true,0.000447952,0.000064541,38,6
mvtable_simd,ur5,bookshelf_thin,36,0.06,2632,true,0.000042059,0.000052017,38,6
mvtable_mutable_simd,ur5,bookshelf_thin,36,0.06,2632,true,0.000044042,0.000071684,38,6
mvt_cpp_simd,ur5,bookshelf_thin,36,0.06,2632,true,0.000044333,0.000025538,38,6
capt_simd,ur5,bookshelf_thin,36,0.06,2632,true,0.000085961,0.001978818,38,6
primitive,ur5,bookshelf_thin,37,0.06,2609,true,0.000078407,0.00000028,87,8
mvtable,ur5,bookshelf_thin,37,0.06,2609,true,0.000069771,0.000049643,87,8
mvtable_mutable,ur5,bookshelf_thin,37,0.06,2609,true,0.000067517,0.000062367,87,8
mvtable_cpp,ur5,bookshelf_thin,37,0.06,2609,true,0.000087895,0.000027412,87,8
capt,ur5,bookshelf_thin,37,0.06,2609,true,0.00015928,0.002268452,87,8
kiddo,ur5,bookshelf_thin,37,0.06,2609,true,0.000446058,0.00006384,87,8
mvtable_simd,ur5,bookshelf_thin,37,0.06,2609,true,0.000054693,0.000049513,87,8
mvtable_mutable_simd,ur5,bookshelf_thin,37,0.06,2609,true,0.000059071,0.000061946,87,8
mvt_cpp_simd,ur5,bookshelf_thin,37,0.06,2609,true,0.000061846,0.000027231,87,8
capt_simd,ur5,bookshelf_thin,37,0.06,2609,true,0.000125075,0.002023793,87,8
primitive,ur5,bookshelf_thin,38,0.06,2713,true,0.000033703,0.00000029,1,4
mvtable,ur5,bookshelf_thin,38,0.06,2713,true,0.000034364,0.000052719,1,4
mvtable_mutable,ur5,bookshelf_thin,38,0.06,2713,true,0.000028373,0.000066144,1,4
mvtable_cpp,ur5,bookshelf_thin,38,0.06,2713,true,0.000033523,0.000025058,1,4
capt,ur5,bookshelf_thin,38,0.06,2713,true,0.000068008,0.002244347,1,4
kiddo,ur5,bookshelf_thin,38,0.06,2713,true,0.000185588,0.000066945,1,4
mvtable_simd,ur5,bookshelf_thin,38,0.06,2713,true,0.00002133,0.000052519,1,4
mvtable_mutable_simd,ur5,bookshelf_thin,38,0.06,2713,true,0.000021411,0.000065724,1,4
mvt_cpp_simd,ur5,bookshelf_thin,38,0.06,2713,true,0.000027993,0.000025568,1,4
capt_simd,ur5,bookshelf_thin,38,0.06,2713,true,0.000052117,0.001991532,1,4
primitive,ur5,bookshelf_thin,39,0.06,2686,true,0.0001173,0.000000261,789,5
mvtable,ur5,bookshelf_thin,39,0.06,2686,true,0.000145894,0.000052889,789,5
mvtable_mutable,ur5,bookshelf_thin,39,0.06,2686,true,0.0001438,0.000065944,789,5
mvtable_cpp,ur5,bookshelf_thin,39,0.06,2686,true,0.000187372,0.000027111,789,5
capt,ur5,bookshelf_thin,39,0.06,2686,true,0.000285246,0.002207167,789,5
kiddo,ur5,bookshelf_thin,39,0.06,2686,true,0.000505229,0.000066194,789,5
mvtable_simd,ur5,bookshelf_thin,39,0.06,2686,true,0.000130685,0.000052669,789,5
mvtable_mutable_simd,ur5,bookshelf_thin,39,0.06,2686,true,0.000132589,0.000065923,789,5
mvt_cpp_simd,ur5,bookshelf_thin,39,0.06,2686,true,0.000129493,0.00002649,789,5
capt_simd,ur5,bookshelf_thin,39,0.06,2686,true,0.00018651,0.001974069,789,5
primitive,ur5,bookshelf_thin,40,0.06,2668,true,0.000057067,0.000000261,153,5
mvtable,ur5,bookshelf_thin,40,0.06,2668,true,0.000054072,0.000054853,153,5
mvtable_mutable,ur5,bookshelf_thin,40,0.06,2668,true,0.000052549,0.000070453,153,5
mvtable_cpp,ur5,bookshelf_thin,40,0.06,2668,true,0.000070332,0.000028213,153,5
capt,ur5,bookshelf_thin,40,0.06,2668,true,0.000101631,0.00228851,153,5
kiddo,ur5,bookshelf_thin,40,0.06,2668,true,0.00022885,0.000067887,153,5
mvtable_simd,ur5,bookshelf_thin,40,0.06,2668,true,0.000049664,0.000054522,153,5
mvtable_mutable_simd,ur5,bookshelf_thin,40,0.06,2668,true,0.000049673,0.000069762,153,5
mvt_cpp_simd,ur5,bookshelf_thin,40,0.06,2668,true,0.000052488,0.000027923,153,5
capt_simd,ur5,bookshelf_thin,40,0.06,2668,true,0.00009024,0.002019384,153,5
primitive,ur5,bookshelf_thin,41,0.06,2547,true,0.000118643,0.000000421,453,5
mvtable,ur5,bookshelf_thin,41,0.06,2547,true,0.000067988,0.000047359,87,8
mvtable_mutable,ur5,bookshelf_thin,41,0.06,2547,true,0.000065834,0.00005869,87,8
mvtable_cpp,ur5,bookshelf_thin,41,0.06,2547,true,0.000073278,0.000028794,87,8
capt,ur5,bookshelf_thin,41,0.06,2547,true,0.000145403,0.002223999,87,8
kiddo,ur5,bookshelf_thin,41,0.06,2547,true,0.000438705,0.000063218,87,8
mvtable_simd,ur5,bookshelf_thin,41,0.06,2547,true,0.000050525,0.000045746,87,8
mvtable_mutable_simd,ur5,bookshelf_thin,41,0.06,2547,true,0.000050265,0.000058029,87,8
mvt_cpp_simd,ur5,bookshelf_thin,41,0.06,2547,true,0.000056516,0.00002696,87,8
capt_simd,ur5,bookshelf_thin,41,0.06,2547,true,0.00011171,0.001964291,87,8
primitive,ur5,bookshelf_thin,42,0.06,2598,true,0.000246964,0.000000361,2421,7
mvtable,ur5,bookshelf_thin,42,0.06,2598,true,0.000146115,0.000049883,945,10
mvtable_mutable,ur5,bookshelf_thin,42,0.06,2598,true,0.000133491,0.000062417,945,10
mvtable_cpp,ur5,bookshelf_thin,42,0.06,2598,true,0.000174848,0.000023745,945,10
capt,ur5,bookshelf_thin,42,0.06,2598,true,0.000268674,0.002225952,945,10
kiddo,ur5,bookshelf_thin,42,0.06,2598,true,0.000911613,0.000064441,945,10
mvtable_simd,ur5,bookshelf_thin,42,0.06,2598,true,0.000116499,0.000049653,945,10
mvtable_mutable_simd,ur5,bookshelf_thin,42,0.06,2598,true,0.000116048,0.000062478,945,10
mvt_cpp_simd,ur5,bookshelf_thin,42,0.06,2598,true,0.000129133,0.000024025,945,10
capt_simd,ur5,bookshelf_thin,42,0.06,2598,true,0.000220875,0.001976183,945,10
primitive,ur5,bookshelf_thin,43,0.06,2603,true,0.000196138,0.00000031,240,19
mvtable,ur5,bookshelf_thin,43,0.06,2603,true,0.00013875,0.000050375,228,17
mvtable_mutable,ur5,bookshelf_thin,43,0.06,2603,true,0.000135425,0.000066645,228,17
mvtable_cpp,ur5,bookshelf_thin,43,0.06,2603,true,0.000195979,0.000030497,228,17
capt,ur5,bookshelf_thin,43,0.06,2603,true,0.000311766,0.002221724,228,17
kiddo,ur5,bookshelf_thin,43,0.06,2603,true,0.001367429,0.00006881,228,17
mvtable_simd,ur5,bookshelf_thin,43,0.06,2603,true,0.000110298,0.000049624,228,17
mvtable_mutable_simd,ur5,bookshelf_thin,43,0.06,2603,true,0.000108784,0.000062738,228,17
mvt_cpp_simd,ur5,bookshelf_thin,43,0.06,2603,true,0.000125506,0.000023884,228,17
capt_simd,ur5,bookshelf_thin,43,0.06,2603,true,0.000265248,0.001979168,228,17
primitive,ur5,bookshelf_thin,44,0.06,2721,true,0.00015451,0.000000311,544,10
mvtable,ur5,bookshelf_thin,44,0.06,2721,true,0.000157296,0.000054783,529,7
mvtable_mutable,ur5,bookshelf_thin,44,0.06,2721,true,0.000157536,0.000071554,529,7
mvtable_cpp,ur5,bookshelf_thin,44,0.06,2721,true,0.000240011,0.000027792,529,7
capt,ur5,bookshelf_thin,44,0.06,2721,true,0.000228961,0.002295383,529,7
kiddo,ur5,bookshelf_thin,44,0.06,2721,true,0.000595729,0.000065694,529,7
mvtable_simd,ur5,bookshelf_thin,44,0.06,2721,true,0.0001489,0.000054402,529,7
mvtable_mutable_simd,ur5,bookshelf_thin,44,0.06,2721,true,0.000149972,0.000070512,529,7
mvt_cpp_simd,ur5,bookshelf_thin,44,0.06,2721,true,0.000159399,0.000027842,529,7
capt_simd,ur5,bookshelf_thin,44,0.06,2721,true,0.000188153,0.002023953,529,7
primitive,ur5,bookshelf_thin,45,0.06,2669,true,0.00007988,0.000000271,127,7
mvtable,ur5,bookshelf_thin,45,0.06,2669,true,0.00005842,0.000046878,127,7
mvtable_mutable,ur5,bookshelf_thin,45,0.06,2669,true,0.000056987,0.000059131,127,7
mvtable_cpp,ur5,bookshelf_thin,45,0.06,2669,true,0.000068549,0.000028553,127,7
capt,ur5,bookshelf_thin,45,0.06,2669,true,0.000134803,0.002271719,127,7
kiddo,ur5,bookshelf_thin,45,0.06,2669,true,0.000453422,0.000065674,127,7
mvtable_simd,ur5,bookshelf_thin,45,0.06,2669,true,0.000046287,0.000046888,127,7
mvtable_mutable_simd,ur5,bookshelf_thin,45,0.06,2669,true,0.000046017,0.000059131,127,7
mvt_cpp_simd,ur5,bookshelf_thin,45,0.06,2669,true,0.000048141,0.000028544,127,7
capt_simd,ur5,bookshelf_thin,45,0.06,2669,true,0.000107171,0.002011499,127,7
primitive,ur5,bookshelf_thin,46,0.06,2649,true,0.000131777,0.000000281,529,8
mvtable,ur5,bookshelf_thin,46,0.06,2649,true,0.000130385,0.000046507,529,8
mvtable_mutable,ur5,bookshelf_thin,46,0.06,2649,true,0.000137658,0.000058761,529,8
mvtable_cpp,ur5,bookshelf_thin,46,0.06,2649,true,0.00015439,0.000028794,529,8
capt,ur5,bookshelf_thin,46,0.06,2649,true,0.000264226,0.002267881,529,8
kiddo,ur5,bookshelf_thin,46,0.06,2649,true,0.00079305,0.000070322,529,8
mvtable_simd,ur5,bookshelf_thin,46,0.06,2649,true,0.000112702,0.000046818,529,8
mvtable_mutable_simd,ur5,bookshelf_thin,46,0.06,2649,true,0.000115807,0.00005871,529,8
mvt_cpp_simd,ur5,bookshelf_thin,46,0.06,2649,true,0.000110197,0.000028494,529,8
capt_simd,ur5,bookshelf_thin,46,0.06,2649,true,0.000212349,0.002007653,529,8
primitive,ur5,bookshelf_thin,47,0.06,2731,true,0.000310333,0.000000261,3615,5
mvtable,ur5,bookshelf_thin,47,0.06,2731,true,0.000036128,0.000054473,31,5
mvtable_mutable,ur5,bookshelf_thin,47,0.06,2731,true,0.000035016,0.000073248,31,5
mvtable_cpp,ur5,bookshelf_thin,47,0.06,2731,true,0.000041528,0.000024567,31,5
capt,ur5,bookshelf_thin,47,0.06,2731,true,0.0000797,0.002280945,31,5
kiddo,ur5,bookshelf_thin,47,0.06,2731,true,0.000209103,0.000067627,31,5
mvtable_simd,ur5,bookshelf_thin,47,0.06,2731,true,0.000028022,0.000054333,31,5
mvtable_mutable_simd,ur5,bookshelf_thin,47,0.06,2731,true,0.000028533,0.000069491,31,5
mvt_cpp_simd,ur5,bookshelf_thin,47,0.06,2731,true,0.000028373,0.000024987,31,5
capt_simd,ur5,bookshelf_thin,47,0.06,2731,true,0.000066875,0.001998065,31,5
primitive,ur5,bookshelf_thin,48,0.06,2707,true,0.000129573,0.00000026,529,7
mvtable,ur5,bookshelf_thin,48,0.06,2707,true,0.000061045,0.00005858,3,5
mvtable_mutable,ur5,bookshelf_thin,48,0.06,2707,true,0.000060764,0.00006955,3,5
mvtable_cpp,ur5,bookshelf_thin,48,0.06,2707,true,0.000071154,0.000027652,3,5
capt,ur5,bookshelf_thin,48,0.06,2707,true,0.00010091,0.002248615,3,5
kiddo,ur5,bookshelf_thin,48,0.06,2707,true,0.000290396,0.000066936,3,5
mvtable_simd,ur5,bookshelf_thin,48,0.06,2707,true,0.000053631,0.000054252,3,5
mvtable_mutable_simd,ur5,bookshelf_thin,48,0.06,2707,true,0.000053991,0.000069521,3,5
mvt_cpp_simd,ur5,bookshelf_thin,48,0.06,2707,true,0.00005288,0.000027592,3,5
capt_simd,ur5,bookshelf_thin,48,0.06,2707,true,0.000075602,0.001992845,3,5
primitive,ur5,bookshelf_thin,49,0.06,2716,true,0.000096872,0.000000331,290,6
mvtable,ur5,bookshelf_thin,49,0.06,2716,true,0.00006912,0.000055344,94,7
mvtable_mutable,ur5,bookshelf_thin,49,0.06,2716,true,0.000068028,0.000070362,94,7
mvtable_cpp,ur5,bookshelf_thin,49,0.06,2716,true,0.000083928,0.000029696,94,7
capt,ur5,bookshelf_thin,49,0.06,2716,true,0.000141546,0.002249507,94,7
kiddo,ur5,bookshelf_thin,49,0.06,2716,true,0.000400753,0.000067477,94,7
mvtable_simd,ur5,bookshelf_thin,49,0.06,2716,true,0.000056697,0.000055615,94,7
mvtable_mutable_simd,ur5,bookshelf_thin,49,0.06,2716,true,0.000057308,0.000069872,94,7
mvt_cpp_simd,ur5,bookshelf_thin,49,0.06,2716,true,0.000061786,0.000033854,94,7
capt_simd,ur5,bookshelf_thin,49,0.06,2716,true,0.000114125,0.001989408,94,7
primitive,ur5,bookshelf_thin,50,0.06,2677,true,0.0000425,0.000000271,70,4
mvtable,ur5,bookshelf_thin,50,0.06,2677,true,0.000021079,0.000053952,1,2
mvtable_mutable,ur5,bookshelf_thin,50,0.06,2677,true,0.00002094,0.000068578,1,2
mvtable_cpp,ur5,bookshelf_thin,50,0.06,2677,true,0.000027091,0.000024927,1,2
capt,ur5,bookshelf_thin,50,0.06,2677,true,0.000048201,0.002227696,1,2
kiddo,ur5,bookshelf_thin,50,0.06,2677,true,0.000134352,0.000066155,1,2
mvtable_simd,ur5,bookshelf_thin,50,0.06,2677,true,0.00001624,0.00005325,1,2
mvtable_mutable_simd,ur5,bookshelf_thin,50,0.06,2677,true,0.00001608,0.000077365,1,2
mvt_cpp_simd,ur5,bookshelf_thin,50,0.06,2677,true,0.000018044,0.000025057,1,2
capt_simd,ur5,bookshelf_thin,50,0.06,2677,true,0.000036509,0.001952899,1,2
primitive,ur5,box,1,0.06,1631,true,0.00011198,0.000000361,204,13
mvtable,ur5,box,1,0.06,1631,true,0.000206458,0.000032821,154,9
mvtable_mutable,ur5,box,1,0.06,1631,true,0.000219272,0.00004252,154,9
mvtable_cpp,ur5,box,1,0.06,1631,true,0.000262723,0.000021541,154,9
capt,ur5,box,1,0.06,1631,true,0.000451659,0.001172603,154,9
kiddo,ur5,box,1,0.06,1631,true,0.000812246,0.000038152,154,9
mvtable_simd,ur5,box,1,0.06,1631,true,0.000203392,0.000032341,154,9
mvtable_mutable_simd,ur5,box,1,0.06,1631,true,0.000195848,0.000043673,154,9
mvt_cpp_simd,ur5,box,1,0.06,1631,true,0.000191068,0.000018756,154,9
capt_simd,ur5,box,1,0.06,1631,true,0.000246393,0.001379562,154,9
primitive,ur5,box,2,0.06,1565,true,0.000074831,0.000000221,199,7
mvtable,ur5,box,2,0.06,1565,true,0.000147477,0.000032301,199,7
mvtable_mutable,ur5,box,2,0.06,1565,true,0.000125175,0.000040757,199,7
mvtable_cpp,ur5,box,2,0.06,1565,true,0.000179788,0.000016641,199,7
capt,ur5,box,2,0.06,1565,true,0.000333757,0.000951347,199,7
kiddo,ur5,box,2,0.06,1565,true,0.00059037,0.000034555,199,7
mvtable_simd,ur5,box,2,0.06,1565,true,0.000111079,0.000030017,199,7
mvtable_mutable_simd,ur5,box,2,0.06,1565,true,0.000123041,0.000035848,199,7
mvt_cpp_simd,ur5,box,2,0.06,1565,true,0.000127861,0.000016942,199,7
capt_simd,ur5,box,2,0.06,1565,true,0.000165672,0.00092096,199,7
primitive,ur5,box,3,0.06,1360,true,0.000097012,0.00000018,303,11
mvtable,ur5,box,3,0.06,1360,true,0.000171071,0.000026901,290,10
mvtable_mutable,ur5,box,3,0.06,1360,true,0.000169569,0.000032411,290,10
mvtable_cpp,ur5,box,3,0.06,1360,true,0.000224522,0.000015379,290,10
capt,ur5,box,3,0.06,1360,true,0.000355297,0.000845829,290,10
kiddo,ur5,box,3,0.06,1360,true,0.000813779,0.000035607,290,10
mvtable_simd,ur5,box,3,0.06,1360,true,0.000145213,0.000033022,290,10
mvtable_mutable_simd,ur5,box,3,0.06,1360,true,0.00014913,0.000032221,290,10
mvt_cpp_simd,ur5,box,3,0.06,1360,true,0.000164148,0.00001577,290,10
capt_simd,ur5,box,3,0.06,1360,true,0.000221486,0.000795264,290,10
primitive,ur5,box,4,0.06,1563,true,0.000030117,0.00000018,147,3
mvtable,ur5,box,4,0.06,1563,true,0.000082705,0.000031048,147,5
mvtable_mutable,ur5,box,4,0.06,1563,true,0.000081523,0.000039023,147,5
mvtable_cpp,ur5,box,4,0.06,1563,true,0.000116669,0.000017784,147,5
capt,ur5,box,4,0.06,1563,true,0.000145814,0.000857732,147,5
kiddo,ur5,box,4,0.06,1563,true,0.000339958,0.000040375,147,5
mvtable_simd,ur5,box,4,0.06,1563,true,0.000073158,0.000028714,147,5
mvtable_mutable_simd,ur5,box,4,0.06,1563,true,0.000073408,0.000034364,147,5
mvt_cpp_simd,ur5,box,4,0.06,1563,true,0.000079399,0.000017804,147,5
capt_simd,ur5,box,4,0.06,1563,true,0.000102383,0.000895352,147,5
primitive,ur5,box,5,0.06,1567,true,0.000128632,0.000000161,262,18
mvtable,ur5,box,5,0.06,1567,true,0.000233639,0.00003159,262,18
mvtable_mutable,ur5,box,5,0.06,1567,true,0.000239771,0.000035296,262,18
mvtable_cpp,ur5,box,5,0.06,1567,true,0.000310203,0.000016231,262,18
capt,ur5,box,5,0.06,1567,true,0.000551997,0.000866708,262,18
kiddo,ur5,box,5,0.06,1567,true,0.001183163,0.000040216,262,18
mvtable_simd,ur5,box,5,0.06,1567,true,0.000205005,0.000029997,262,18
mvtable_mutable_simd,ur5,box,5,0.06,1567,true,0.000209954,0.000035687,262,18
mvt_cpp_simd,ur5,box,5,0.06,1567,true,0.000230743,0.000016491,262,18
capt_simd,ur5,box,5,0.06,1567,true,0.000346401,0.000907485,262,18
primitive,ur5,box,6,0.06,1414,true,0.000042339,0.00000017,204,4
mvtable,ur5,box,6,0.06,1414,true,0.000062177,0.000030107,204,4
mvtable_mutable,ur5,box,6,0.06,1414,true,0.0000589,0.000033584,204,4
mvtable_cpp,ur5,box,6,0.06,1414,true,0.000078147,0.000015449,204,4
capt,ur5,box,6,0.06,1414,true,0.000104516,0.000810393,204,4
kiddo,ur5,box,6,0.06,1414,true,0.000246033,0.000034545,204,4
mvtable_simd,ur5,box,6,0.06,1414,true,0.00005339,0.000027421,204,4
mvtable_mutable_simd,ur5,box,6,0.06,1414,true,0.000052809,0.000032932,204,4
mvt_cpp_simd,ur5,box,6,0.06,1414,true,0.000062337,0.000017483,204,4
capt_simd,ur5,box,6,0.06,1414,true,0.000079239,0.000815582,204,4
primitive,ur5,box,7,0.06,1471,true,0.000084539,0.000000181,243,11
mvtable,ur5,box,7,0.06,1471,true,0.000172193,0.000028053,243,11
mvtable_mutable,ur5,box,7,0.06,1471,true,0.000175149,0.000038272,243,11
mvtable_cpp,ur5,box,7,0.06,1471,true,0.00024442,0.0000157,243,11
capt,ur5,box,7,0.06,1471,true,0.000359565,0.000836823,243,11
kiddo,ur5,box,7,0.06,1471,true,0.00078276,0.000035687,243,11
mvtable_simd,ur5,box,7,0.06,1471,true,0.000151355,0.000030388,243,11
mvtable_mutable_simd,ur5,box,7,0.06,1471,true,0.000153949,0.000034154,243,11
mvt_cpp_simd,ur5,box,7,0.06,1471,true,0.000170841,0.00001571,243,11
capt_simd,ur5,box,7,0.06,1471,true,0.000235403,0.000853825,243,11
primitive,ur5,box,8,0.06,1489,true,0.000035968,0.00000017,189,4
mvtable,ur5,box,8,0.06,1489,true,0.000057478,0.000028804,189,4
mvtable_mutable,ur5,box,8,0.06,1489,true,0.000051226,0.000034505,189,4
mvtable_cpp,ur5,box,8,0.06,1489,true,0.000062677,0.000016641,189,4
capt,ur5,box,8,0.06,1489,true,0.000108213,0.000848234,189,4
kiddo,ur5,box,8,0.06,1489,true,0.000244559,0.000040145,189,4
mvtable_simd,ur5,box,8,0.06,1489,true,0.000044985,0.000027972,189,4
mvtable_mutable_simd,ur5,box,8,0.06,1489,true,0.000045245,0.000033853,189,4
mvt_cpp_simd,ur5,box,8,0.06,1489,true,0.000052008,0.000016481,189,4
capt_simd,ur5,box,8,0.06,1489,true,0.000076103,0.000869113,189,4
primitive,ur5,box,9,0.06,1539,true,0.000059101,0.000000171,37,8
mvtable,ur5,box,9,0.06,1539,true,0.000141345,0.000031058,37,8
mvtable_mutable,ur5,box,9,0.06,1539,true,0.000140824,0.000038402,37,8
mvtable_cpp,ur5,box,9,0.06,1539,true,0.000210937,0.000019437,37,8
capt,ur5,box,9,0.06,1539,true,0.000289965,0.000850117,37,8
kiddo,ur5,box,9,0.06,1539,true,0.000611378,0.000040797,37,8
mvtable_simd,ur5,box,9,0.06,1539,true,0.000125687,0.000030818,37,8
mvtable_mutable_simd,ur5,box,9,0.06,1539,true,0.000132178,0.000038352,37,8
mvt_cpp_simd,ur5,box,9,0.06,1539,true,0.000133731,0.000018365,37,8
capt_simd,ur5,box,9,0.06,1539,true,0.000169208,0.000879302,37,8
primitive,ur5,box,10,0.06,1629,true,0.000046778,0.00000018,255,4
mvtable,ur5,box,10,0.06,1629,true,0.000121057,0.000033052,255,7
mvtable_mutable,ur5,box,10,0.06,1629,true,0.000120115,0.000046237,255,7
mvtable_cpp,ur5,box,10,0.06,1629,true,0.000175901,0.000018666,255,7
capt,ur5,box,10,0.06,1629,true,0.000220825,0.000924828,255,7
kiddo,ur5,box,10,0.06,1629,true,0.000440497,0.000040205,255,7
mvtable_simd,ur5,box,10,0.06,1629,true,0.000109896,0.000034144,255,7
mvtable_mutable_simd,ur5,box,10,0.06,1629,true,0.000110998,0.000039494,255,7
mvt_cpp_simd,ur5,box,10,0.06,1629,true,0.000117701,0.000018364,255,7
capt_simd,ur5,box,10,0.06,1629,true,0.000146405,0.000949654,255,7
primitive,ur5,box,11,0.06,1619,true,0.000049362,0.000000181,253,4
mvtable,ur5,box,11,0.06,1619,true,0.000080121,0.000034625,198,5
mvtable_mutable,ur5,box,11,0.06,1619,true,0.000077786,0.000039875,198,5
mvtable_cpp,ur5,box,11,0.06,1619,true,0.000103113,0.000017733,198,5
capt,ur5,box,11,0.06,1619,true,0.000164379,0.000910951,198,5
kiddo,ur5,box,11,0.06,1619,true,0.000349547,0.000037761,198,5
mvtable_simd,ur5,box,11,0.06,1619,true,0.000070282,0.000034284,198,5
mvtable_mutable_simd,ur5,box,11,0.06,1619,true,0.000070642,0.000040126,198,5
mvt_cpp_simd,ur5,box,11,0.06,1619,true,0.000075822,0.000017653,198,5
capt_simd,ur5,box,11,0.06,1619,true,0.000108203,0.000932371,198,5
primitive,ur5,box,12,0.06,1493,true,0.000036769,0.00000017,189,4
mvtable,ur5,box,12,0.06,1493,true,0.000064902,0.000030618,189,4
mvtable_mutable,ur5,box,12,0.06,1493,true,0.000064291,0.000037901,189,4
mvtable_cpp,ur5,box,12,0.06,1493,true,0.000081604,0.000016932,189,4
capt,ur5,box,12,0.06,1493,true,0.000118603,0.000833065,189,4
kiddo,ur5,box,12,0.06,1493,true,0.000273464,0.000034324,189,4
mvtable_simd,ur5,box,12,0.06,1493,true,0.000059602,0.000029926,189,4
mvtable_mutable_simd,ur5,box,12,0.06,1493,true,0.00005855,0.000039625,189,4
mvt_cpp_simd,ur5,box,12,0.06,1493,true,0.000066635,0.000017232,189,4
capt_simd,ur5,box,12,0.06,1493,true,0.000081854,0.000848104,189,4
primitive,ur5,box,13,0.06,1292,true,0.000072166,0.0000002,504,5
mvtable,ur5,box,13,0.06,1292,true,0.00017563,0.000025639,513,11
mvtable_mutable,ur5,box,13,0.06,1292,true,0.00017021,0.000028593,513,11
mvtable_cpp,ur5,box,13,0.06,1292,true,0.000243728,0.000014457,513,11
capt,ur5,box,13,0.06,1292,true,0.00035675,0.000774496,513,11
kiddo,ur5,box,13,0.06,1292,true,0.000722668,0.000038121,513,11
mvtable_simd,ur5,box,13,0.06,1292,true,0.000148549,0.000023234,513,11
mvtable_mutable_simd,ur5,box,13,0.06,1292,true,0.000154129,0.000028393,513,11
mvt_cpp_simd,ur5,box,13,0.06,1292,true,0.000179648,0.000017904,513,11
capt_simd,ur5,box,13,0.06,1292,true,0.000246783,0.000782681,513,11
primitive,ur5,box,14,0.06,1573,true,0.000085871,0.00000019,522,8
mvtable,ur5,box,14,0.06,1573,true,0.000056696,0.000029315,121,3
mvtable_mutable,ur5,box,14,0.06,1573,true,0.000056105,0.000037691,121,3
mvtable_cpp,ur5,box,14,0.06,1573,true,0.00009053,0.000022342,121,3
capt,ur5,box,14,0.06,1573,true,0.000123652,0.000894861,121,3
kiddo,ur5,box,14,0.06,1573,true,0.00026052,0.000036158,121,3
mvtable_simd,ur5,box,14,0.06,1573,true,0.000050014,0.000029174,121,3
mvtable_mutable_simd,ur5,box,14,0.06,1573,true,0.000054903,0.000035146,121,3
mvt_cpp_simd,ur5,box,14,0.06,1573,true,0.00005858,0.000022151,121,3
capt_simd,ur5,box,14,0.06,1573,true,0.000075773,0.000903488,121,3
primitive,ur5,box,15,0.06,1555,true,0.000033924,0.000000181,189,3
mvtable,ur5,box,15,0.06,1555,true,0.000050365,0.000033323,189,3
mvtable_mutable,ur5,box,15,0.06,1555,true,0.000052889,0.000035797,189,3
mvtable_cpp,ur5,box,15,0.06,1555,true,0.000068809,0.000024677,189,3
capt,ur5,box,15,0.06,1555,true,0.000096041,0.000868982,189,3
kiddo,ur5,box,15,0.06,1555,true,0.000199304,0.000033313,189,3
mvtable_simd,ur5,box,15,0.06,1555,true,0.000045325,0.000028864,189,3
mvtable_mutable_simd,ur5,box,15,0.06,1555,true,0.000045135,0.000035105,189,3
mvt_cpp_simd,ur5,box,15,0.06,1555,true,0.000053681,0.000018215,189,3
capt_simd,ur5,box,15,0.06,1555,true,0.000070563,0.000889382,189,3
primitive,ur5,box,16,0.06,1567,true,0.000048431,0.00000018,226,6
mvtable,ur5,box,16,0.06,1567,true,0.000070001,0.000029626,130,7
mvtable_mutable,ur5,box,16,0.06,1567,true,0.00006901,0.000035737,130,7
mvtable_cpp,ur5,box,16,0.06,1567,true,0.000080982,0.000016692,130,7
capt,ur5,box,16,0.06,1567,true,0.000135735,0.000889,130,7
kiddo,ur5,box,16,0.06,1567,true,0.000372821,0.000033783,130,7
mvtable_simd,ur5,box,16,0.06,1567,true,0.000059211,0.000029355,130,7
mvtable_mutable_simd,ur5,box,16,0.06,1567,true,0.000059822,0.000039665,130,7
mvt_cpp_simd,ur5,box,16,0.06,1567,true,0.000064522,0.0000162,130,7
capt_simd,ur5,box,16,0.06,1567,true,0.000099247,0.000914317,130,7
primitive,ur5,box,17,0.06,1567,true,0.000059401,0.000000181,121,7
mvtable,ur5,box,17,0.06,1567,true,0.000140394,0.000030046,121,7
mvtable_mutable,ur5,box,17,0.06,1567,true,0.000139703,0.000035767,121,7
mvtable_cpp,ur5,box,17,0.06,1567,true,0.000201228,0.000016731,121,7
capt,ur5,box,17,0.06,1567,true,0.000286379,0.000877569,121,7
kiddo,ur5,box,17,0.06,1567,true,0.000587835,0.000035166,121,7
mvtable_simd,ur5,box,17,0.06,1567,true,0.000124985,0.000038643,121,7
mvtable_mutable_simd,ur5,box,17,0.06,1567,true,0.000127579,0.000039755,121,7
mvt_cpp_simd,ur5,box,17,0.06,1567,true,0.000127519,0.000016351,121,7
capt_simd,ur5,box,17,0.06,1567,true,0.000163367,0.000899731,121,7
primitive,ur5,box,18,0.06,1471,true,0.000073137,0.00000018,294,8
mvtable,ur5,box,18,0.06,1471,true,0.000122771,0.000028453,294,8
mvtable_mutable,ur5,box,18,0.06,1471,true,0.000121128,0.000034185,294,8
mvtable_cpp,ur5,box,18,0.06,1471,true,0.000185488,0.00001594,294,8
capt,ur5,box,18,0.06,1471,true,0.000389843,0.0008246,294,8
kiddo,ur5,box,18,0.06,1471,true,0.00058532,0.000034916,294,8
mvtable_simd,ur5,box,18,0.06,1471,true,0.000105859,0.000028143,294,8
mvtable_mutable_simd,ur5,box,18,0.06,1471,true,0.000108234,0.00003764,294,8
mvt_cpp_simd,ur5,box,18,0.06,1471,true,0.000132218,0.00001606,294,8
capt_simd,ur5,box,18,0.06,1471,true,0.000196379,0.000839478,294,8
primitive,ur5,box,19,0.06,1536,true,0.000152947,0.00000018,860,12
mvtable,ur5,box,19,0.06,1536,true,0.000176702,0.000031279,290,10
mvtable_mutable,ur5,box,19,0.06,1536,true,0.00017599,0.000038082,290,10
mvtable_cpp,ur5,box,19,0.06,1536,true,0.000234331,0.000018245,290,10
capt,ur5,box,19,0.06,1536,true,0.000338156,0.000859776,290,10
kiddo,ur5,box,19,0.06,1536,true,0.000654149,0.000033954,290,10
mvtable_simd,ur5,box,19,0.06,1536,true,0.000161424,0.000030137,290,10
mvtable_mutable_simd,ur5,box,19,0.06,1536,true,0.000162445,0.000037872,290,10
mvt_cpp_simd,ur5,box,19,0.06,1536,true,0.000163407,0.000018214,290,10
capt_simd,ur5,box,19,0.06,1536,true,0.000207741,0.00088895,290,10
primitive,ur5,box,20,0.06,1529,true,0.000029535,0.0000002,22,5
mvtable,ur5,box,20,0.06,1529,true,0.000049894,0.000028845,21,4
mvtable_mutable,ur5,box,20,0.06,1529,true,0.000049383,0.000035066,21,4
mvtable_cpp,ur5,box,20,0.06,1529,true,0.000068809,0.000016761,21,4
capt,ur5,box,20,0.06,1529,true,0.000109917,0.000863743,21,4
kiddo,ur5,box,20,0.06,1529,true,0.000243648,0.000032251,21,4
mvtable_simd,ur5,box,20,0.06,1529,true,0.000041889,0.000028153,21,4
mvtable_mutable_simd,ur5,box,20,0.06,1529,true,0.000042349,0.000035697,21,4
mvt_cpp_simd,ur5,box,20,0.06,1529,true,0.000050495,0.000016161,21,4
capt_simd,ur5,box,20,0.06,1529,true,0.000071394,0.000877539,21,4
primitive,ur5,box,21,0.06,1531,true,0.000051587,0.00000016,226,6
mvtable,ur5,box,21,0.06,1531,true,0.00006402,0.000029195,61,6
mvtable_mutable,ur5,box,21,0.06,1531,true,0.000063369,0.000035296,61,6
mvtable_cpp,ur5,box,21,0.06,1531,true,0.000087745,0.000017252,61,6
capt,ur5,box,21,0.06,1531,true,0.000126488,0.000876808,61,6
kiddo,ur5,box,21,0.06,1531,true,0.000323047,0.000033693,61,6
mvtable_simd,ur5,box,21,0.06,1531,true,0.000054022,0.000029175,61,6
mvtable_mutable_simd,ur5,box,21,0.06,1531,true,0.000055154,0.000040065,61,6
mvt_cpp_simd,ur5,box,21,0.06,1531,true,0.000063038,0.000015779,61,6
capt_simd,ur5,box,21,0.06,1531,true,0.000086682,0.000896054,61,6
primitive,ur5,box,22,0.06,1626,true,0.000064081,0.00000017,387,4
mvtable,ur5,box,22,0.06,1626,true,0.000083858,0.000032651,319,5
mvtable_mutable,ur5,box,22,0.06,1626,true,0.000083928,0.000039564,319,5
mvtable_cpp,ur5,box,22,0.06,1626,true,0.000097833,0.000017483,319,5
capt,ur5,box,22,0.06,1626,true,0.000157606,0.000919097,319,5
kiddo,ur5,box,22,0.06,1626,true,0.000318528,0.000035907,319,5
mvtable_simd,ur5,box,22,0.06,1626,true,0.000076514,0.000032191,319,5
mvtable_mutable_simd,ur5,box,22,0.06,1626,true,0.000076884,0.000039535,319,5
mvt_cpp_simd,ur5,box,22,0.06,1626,true,0.00008493,0.00002142,319,5
capt_simd,ur5,box,22,0.06,1626,true,0.000110367,0.000941649,319,5
primitive,ur5,box,23,0.06,1602,true,0.000182142,0.000000181,334,22
mvtable,ur5,box,23,0.06,1602,true,0.000382178,0.000032942,342,24
mvtable_mutable,ur5,box,23,0.06,1602,true,0.000390143,0.000040015,342,24
mvtable_cpp,ur5,box,23,0.06,1602,true,0.000454764,0.000019236,342,24
capt,ur5,box,23,0.06,1602,true,0.000720895,0.000910841,342,24
kiddo,ur5,box,23,0.06,1602,true,0.001523924,0.000036017,342,24
mvtable_simd,ur5,box,23,0.06,1602,true,0.000355568,0.000032992,342,24
mvtable_mutable_simd,ur5,box,23,0.06,1602,true,0.000357341,0.000040125,342,24
mvt_cpp_simd,ur5,box,23,0.06,1602,true,0.000356089,0.000019617,342,24
capt_simd,ur5,box,23,0.06,1602,true,0.000456297,0.001029794,342,24
primitive,ur5,box,24,0.06,1546,true,0.000126698,0.00000024,849,7
mvtable,ur5,box,24,0.06,1546,true,0.00028212,0.000029194,903,15
mvtable_mutable,ur5,box,24,0.06,1546,true,0.000283573,0.000036359,903,15
mvtable_cpp,ur5,box,24,0.06,1546,true,0.000387498,0.000017453,903,15
capt,ur5,box,24,0.06,1546,true,0.000539304,0.000895552,903,15
kiddo,ur5,box,24,0.06,1546,true,0.001105237,0.000034395,903,15
mvtable_simd,ur5,box,24,0.06,1546,true,0.000251002,0.000028704,903,15
mvtable_mutable_simd,ur5,box,24,0.06,1546,true,0.00025029,0.000035367,903,15
mvt_cpp_simd,ur5,box,24,0.06,1546,true,0.000290927,0.000016761,903,15
capt_simd,ur5,box,24,0.06,1546,true,0.000375095,0.000922694,903,15
primitive,ur5,box,25,0.06,1583,true,0.000109536,0.000000361,513,11
mvtable,ur5,box,25,0.06,1583,true,0.000142207,0.000030277,186,13
mvtable_mutable,ur5,box,25,0.06,1583,true,0.0001384,0.00003727,186,13
mvtable_cpp,ur5,box,25,0.06,1583,true,0.000179838,0.000018946,186,13
capt,ur5,box,25,0.06,1583,true,0.000332054,0.000934746,186,13
kiddo,ur5,box,25,0.06,1583,true,0.000801857,0.000034324,186,13
mvtable_simd,ur5,box,25,0.06,1583,true,0.000116519,0.000030498,186,13
mvtable_mutable_simd,ur5,box,25,0.06,1583,true,0.000119044,0.00003715,186,13
mvt_cpp_simd,ur5,box,25,0.06,1583,true,0.000135585,0.000018484,186,13
capt_simd,ur5,box,25,0.06,1583,true,0.000220113,0.000971516,186,13
primitive,ur5,box,26,0.06,1543,true,0.000050956,0.00000019,112,7
mvtable,ur5,box,26,0.06,1543,true,0.000087684,0.000029375,112,7
mvtable_mutable,ur5,box,26,0.06,1543,true,0.000091262,0.000036068,112,7
mvtable_cpp,ur5,box,26,0.06,1543,true,0.000136947,0.000017472,112,7
capt,ur5,box,26,0.06,1543,true,0.000204664,0.000890713,112,7
kiddo,ur5,box,26,0.06,1543,true,0.000446028,0.000038032,112,7
mvtable_simd,ur5,box,26,0.06,1543,true,0.000072215,0.000029094,112,7
mvtable_mutable_simd,ur5,box,26,0.06,1543,true,0.000077325,0.000035717,112,7
mvt_cpp_simd,ur5,box,26,0.06,1543,true,0.000090941,0.000017813,112,7
capt_simd,ur5,box,26,0.06,1543,true,0.000130345,0.000910921,112,7
primitive,ur5,box,27,0.06,1518,true,0.000091482,0.00000019,129,13
mvtable,ur5,box,27,0.06,1518,true,0.000189215,0.000031299,129,13
mvtable_mutable,ur5,box,27,0.06,1518,true,0.000189516,0.000038682,129,13
mvtable_cpp,ur5,box,27,0.06,1518,true,0.000232677,0.000018074,129,13
capt,ur5,box,27,0.06,1518,true,0.000348214,0.000876016,129,13
kiddo,ur5,box,27,0.06,1518,true,0.000773634,0.000035317,129,13
mvtable_simd,ur5,box,27,0.06,1518,true,0.000173627,0.000032801,129,13
mvtable_mutable_simd,ur5,box,27,0.06,1518,true,0.00017533,0.000038332,129,13
mvt_cpp_simd,ur5,box,27,0.06,1518,true,0.000173276,0.000018495,129,13
capt_simd,ur5,box,27,0.06,1518,true,0.000220024,0.000873271,129,13
primitive,ur5,box,28,0.06,1621,true,0.000035677,0.00000019,189,3
mvtable,ur5,box,28,0.06,1621,true,0.00006408,0.000032782,189,3
mvtable_mutable,ur5,box,28,0.06,1621,true,0.000063018,0.000039624,189,3
mvtable_cpp,ur5,box,28,0.06,1621,true,0.000077075,0.000017854,189,3
capt,ur5,box,28,0.06,1621,true,0.00012273,0.000900291,189,3
kiddo,ur5,box,28,0.06,1621,true,0.000256962,0.000038282,189,3
mvtable_simd,ur5,box,28,0.06,1621,true,0.000060965,0.00003189,189,3
mvtable_mutable_simd,ur5,box,28,0.06,1621,true,0.000056957,0.000041608,189,3
mvt_cpp_simd,ur5,box,28,0.06,1621,true,0.000057608,0.000017593,189,3
capt_simd,ur5,box,28,0.06,1621,true,0.000081934,0.000937792,189,3
primitive,ur5,box,29,0.06,1599,true,0.000073588,0.00000017,387,6
mvtable,ur5,box,29,0.06,1599,true,0.00011753,0.000032441,255,7
mvtable_mutable,ur5,box,29,0.06,1599,true,0.000116349,0.000038532,255,7
mvtable_cpp,ur5,box,29,0.06,1599,true,0.000153258,0.000018003,255,7
capt,ur5,box,29,0.06,1599,true,0.000242496,0.000896144,255,7
kiddo,ur5,box,29,0.06,1599,true,0.000453222,0.000039013,255,7
mvtable_simd,ur5,box,29,0.06,1599,true,0.000103324,0.000031589,255,7
mvtable_mutable_simd,ur5,box,29,0.06,1599,true,0.000105769,0.000038733,255,7
mvt_cpp_simd,ur5,box,29,0.06,1599,true,0.000111429,0.000018144,255,7
capt_simd,ur5,box,29,0.06,1599,true,0.000155031,0.000916041,255,7
primitive,ur5,box,30,0.06,1566,true,0.000035516,0.000000181,147,3
mvtable,ur5,box,30,0.06,1566,true,0.000048621,0.000029204,147,3
mvtable_mutable,ur5,box,30,0.06,1566,true,0.000048511,0.000035727,147,3
mvtable_cpp,ur5,box,30,0.06,1566,true,0.00006945,0.000018455,147,3
capt,ur5,box,30,0.06,1566,true,0.000095078,0.000976184,147,3
kiddo,ur5,box,30,0.06,1566,true,0.000210686,0.000033874,147,3
mvtable_simd,ur5,box,30,0.06,1566,true,0.000043462,0.000028834,147,3
mvtable_mutable_simd,ur5,box,30,0.06,1566,true,0.000043401,0.000035467,147,3
mvt_cpp_simd,ur5,box,30,0.06,1566,true,0.000050164,0.000018314,147,3
capt_simd,ur5,box,30,0.06,1566,true,0.000067437,0.0009103,147,3
primitive,ur5,box,31,0.06,1570,true,0.000098245,0.00000017,712,8
mvtable,ur5,box,31,0.06,1570,true,0.000073838,0.000028955,267,3
mvtable_mutable,ur5,box,31,0.06,1570,true,0.000078277,0.000034806,267,3
mvtable_cpp,ur5,box,31,0.06,1570,true,0.000089048,0.000016662,267,3
capt,ur5,box,31,0.06,1570,true,0.000120867,0.000863563,267,3
kiddo,ur5,box,31,0.06,1570,true,0.000275428,0.0000375,267,3
mvtable_simd,ur5,box,31,0.06,1570,true,0.000066425,0.000028223,267,3
mvtable_mutable_simd,ur5,box,31,0.06,1570,true,0.000066465,0.000034795,267,3
mvt_cpp_simd,ur5,box,31,0.06,1570,true,0.000075752,0.00001593,267,3
capt_simd,ur5,box,31,0.06,1570,true,0.000087835,0.000885063,267,3
primitive,ur5,box,32,0.06,1414,true,0.000112862,0.00000017,355,12
mvtable,ur5,box,32,0.06,1414,true,0.000202681,0.000027341,355,12
mvtable_mutable,ur5,box,32,0.06,1414,true,0.00020739,0.000033082,355,12
mvtable_cpp,ur5,box,32,0.06,1414,true,0.000294594,0.000018975,355,12
capt,ur5,box,32,0.06,1414,true,0.000386496,0.000790445,355,12
kiddo,ur5,box,32,0.06,1414,true,0.000866679,0.000039264,355,12
mvtable_simd,ur5,box,32,0.06,1414,true,0.00018109,0.000027362,355,12
mvtable_mutable_simd,ur5,box,32,0.06,1414,true,0.000189296,0.000032852,355,12
mvt_cpp_simd,ur5,box,32,0.06,1414,true,0.000221195,0.00001616,355,12
capt_simd,ur5,box,32,0.06,1414,true,0.000257353,0.000815232,355,12
primitive,ur5,box,33,0.06,1549,true,0.000081644,0.00000019,442,8
mvtable,ur5,box,33,0.06,1549,true,0.000165852,0.000029886,429,9
mvtable_mutable,ur5,box,33,0.06,1549,true,0.000166573,0.00003702,429,9
mvtable_cpp,ur5,box,33,0.06,1549,true,0.00021859,0.000017593,429,9
capt,ur5,box,33,0.06,1549,true,0.000297499,0.000863382,429,9
kiddo,ur5,box,33,0.06,1549,true,0.000648398,0.00003191,429,9
mvtable_simd,ur5,box,33,0.06,1549,true,0.000158909,0.000031319,429,9
mvtable_mutable_simd,ur5,box,33,0.06,1549,true,0.000155592,0.00003719,429,9
mvt_cpp_simd,ur5,box,33,0.06,1549,true,0.000165812,0.000016872,429,9
capt_simd,ur5,box,33,0.06,1549,true,0.000206208,0.000895854,429,9
primitive,ur5,box,34,0.06,1611,true,0.000140805,0.00000022,714,12
mvtable,ur5,box,34,0.06,1611,true,0.000227017,0.000033764,714,12
mvtable_mutable,ur5,box,34,0.06,1611,true,0.000233238,0.000038983,714,12
mvtable_cpp,ur5,box,34,0.06,1611,true,0.000267884,0.000019035,714,12
capt,ur5,box,34,0.06,1611,true,0.000412696,0.000903227,714,12
kiddo,ur5,box,34,0.06,1611,true,0.000900613,0.000038973,714,12
mvtable_simd,ur5,box,34,0.06,1611,true,0.000203302,0.000032441,714,12
mvtable_mutable_simd,ur5,box,34,0.06,1611,true,0.000210446,0.000038943,714,12
mvt_cpp_simd,ur5,box,34,0.06,1611,true,0.00021802,0.000019356,714,12
capt_simd,ur5,box,34,0.06,1611,true,0.000335801,0.000933143,714,12
primitive,ur5,box,35,0.06,1529,true,0.000048351,0.000000371,253,4
mvtable,ur5,box,35,0.06,1529,true,0.000081283,0.000028724,253,4
mvtable_mutable,ur5,box,35,0.06,1529,true,0.000080391,0.000034956,253,4
mvtable_cpp,ur5,box,35,0.06,1529,true,0.000115176,0.00001607,253,4
capt,ur5,box,35,0.06,1529,true,0.000199955,0.000901834,253,4
kiddo,ur5,box,35,0.06,1529,true,0.000339418,0.000039154,253,4
mvtable_simd,ur5,box,35,0.06,1529,true,0.000072186,0.000028123,253,4
mvtable_mutable_simd,ur5,box,35,0.06,1529,true,0.000071925,0.000034915,253,4
mvt_cpp_simd,ur5,box,35,0.06,1529,true,0.000080742,0.000015839,253,4
capt_simd,ur5,box,35,0.06,1529,true,0.000110788,0.000892257,253,4
primitive,ur5,box,36,0.06,1600,true,0.000189636,0.00000019,342,24
mvtable,ur5,box,36,0.06,1600,true,0.000064932,0.000032251,22,3
mvtable_mutable,ur5,box,36,0.06,1600,true,0.000071034,0.000038723,22,3
mvtable_cpp,ur5,box,36,0.06,1600,true,0.000099837,0.000018425,22,3
capt,ur5,box,36,0.06,1600,true,0.000129614,0.00090515,22,3
kiddo,ur5,box,36,0.06,1600,true,0.000291027,0.000038572,22,3
mvtable_simd,ur5,box,36,0.06,1600,true,0.000059562,0.00003186,22,3
mvtable_mutable_simd,ur5,box,36,0.06,1600,true,0.0000589,0.000038443,22,3
mvt_cpp_simd,ur5,box,36,0.06,1600,true,0.000062898,0.000018425,22,3
capt_simd,ur5,box,36,0.06,1600,true,0.000073127,0.000925529,22,3
primitive,ur5,box,37,0.06,1638,true,0.000132439,0.00000019,262,18
mvtable,ur5,box,37,0.06,1638,true,0.000179547,0.000032341,180,9
mvtable_mutable,ur5,box,37,0.06,1638,true,0.000151785,0.000040005,180,9
mvtable_cpp,ur5,box,37,0.06,1638,true,0.000187322,0.000017884,180,9
capt,ur5,box,37,0.06,1638,true,0.000283483,0.000918867,180,9
kiddo,ur5,box,37,0.06,1638,true,0.000699424,0.000041017,180,9
mvtable_simd,ur5,box,37,0.06,1638,true,0.000135745,0.0000319,180,9
mvtable_mutable_simd,ur5,box,37,0.06,1638,true,0.000139993,0.000039865,180,9
mvt_cpp_simd,ur5,box,37,0.06,1638,true,0.000137478,0.000017614,180,9
capt_simd,ur5,box,37,0.06,1638,true,0.000192181,0.000942681,180,9
primitive,ur5,box,38,0.06,1476,true,0.000058059,0.00000016,294,6
mvtable,ur5,box,38,0.06,1476,true,0.00017579,0.000028473,243,11
mvtable_mutable,ur5,box,38,0.06,1476,true,0.000177364,0.000034735,243,11
mvtable_cpp,ur5,box,38,0.06,1476,true,0.000249549,0.000016651,243,11
capt,ur5,box,38,0.06,1476,true,0.000313559,0.000833446,243,11
kiddo,ur5,box,38,0.06,1476,true,0.000818328,0.000036028,243,11
mvtable_simd,ur5,box,38,0.06,1476,true,0.000154941,0.000030517,243,11
mvtable_mutable_simd,ur5,box,38,0.06,1476,true,0.000163818,0.000036138,243,11
mvt_cpp_simd,ur5,box,38,0.06,1476,true,0.000184546,0.000016691,243,11
capt_simd,ur5,box,38,0.06,1476,true,0.000226917,0.000853564,243,11
primitive,ur5,box,39,0.06,1474,true,0.000059722,0.00000019,198,7
mvtable,ur5,box,39,0.06,1474,true,0.000099257,0.000030317,198,7
mvtable_mutable,ur5,box,39,0.06,1474,true,0.000098445,0.000034866,198,7
mvtable_cpp,ur5,box,39,0.06,1474,true,0.000160101,0.000016921,198,7
capt,ur5,box,39,0.06,1474,true,0.000190839,0.000838165,198,7
kiddo,ur5,box,39,0.06,1474,true,0.000495291,0.000038161,198,7
mvtable_simd,ur5,box,39,0.06,1474,true,0.000084809,0.000028243,198,7
mvtable_mutable_simd,ur5,box,39,0.06,1474,true,0.000087535,0.000034615,198,7
mvt_cpp_simd,ur5,box,39,0.06,1474,true,0.000105198,0.000016832,198,7
capt_simd,ur5,box,39,0.06,1474,true,0.000141476,0.000852552,198,7
primitive,ur5,box,40,0.06,1386,true,0.000125656,0.0000002,582,13
mvtable,ur5,box,40,0.06,1386,true,0.000211607,0.000024466,582,13
mvtable_mutable,ur5,box,40,0.06,1386,true,0.000203683,0.000029886,582,13
mvtable_cpp,ur5,box,40,0.06,1386,true,0.000365617,0.000015249,582,13
capt,ur5,box,40,0.06,1386,true,0.000384853,0.000802629,582,13
kiddo,ur5,box,40,0.06,1386,true,0.000986955,0.000036359,582,13
mvtable_simd,ur5,box,40,0.06,1386,true,0.000183194,0.000024415,582,13
mvtable_mutable_simd,ur5,box,40,0.06,1386,true,0.000182764,0.000029285,582,13
mvt_cpp_simd,ur5,box,40,0.06,1386,true,0.000237185,0.000014588,582,13
capt_simd,ur5,box,40,0.06,1386,true,0.000290536,0.000821504,582,13
primitive,ur5,box,41,0.06,1553,true,0.000087935,0.00000018,708,5
mvtable,ur5,box,41,0.06,1553,true,0.000067156,0.000029465,253,3
mvtable_mutable,ur5,box,41,0.06,1553,true,0.000066836,0.000035757,253,3
mvtable_cpp,ur5,box,41,0.06,1553,true,0.000088627,0.000017002,253,3
capt,ur5,box,41,0.06,1553,true,0.000114545,0.000891636,253,3
kiddo,ur5,box,41,0.06,1553,true,0.000257795,0.00004245,253,3
mvtable_simd,ur5,box,41,0.06,1553,true,0.000062026,0.000029135,253,3
mvtable_mutable_simd,ur5,box,41,0.06,1553,true,0.000060834,0.000039003,253,3
mvt_cpp_simd,ur5,box,41,0.06,1553,true,0.000070182,0.000016691,253,3
capt_simd,ur5,box,41,0.06,1553,true,0.000081573,0.000911282,253,3
primitive,ur5,box,42,0.06,1565,true,0.000106861,0.00000019,504,10
mvtable,ur5,box,42,0.06,1565,true,0.000203622,0.000029846,504,10
mvtable_mutable,ur5,box,42,0.06,1565,true,0.000206378,0.000036349,504,10
mvtable_cpp,ur5,box,42,0.06,1565,true,0.00026083,0.000018955,504,10
capt,ur5,box,42,0.06,1565,true,0.000380936,0.000892197,504,10
kiddo,ur5,box,42,0.06,1565,true,0.000794032,0.000034595,504,10
mvtable_simd,ur5,box,42,0.06,1565,true,0.000181311,0.000029866,504,10
mvtable_mutable_simd,ur5,box,42,0.06,1565,true,0.000185949,0.000039705,504,10
mvt_cpp_simd,ur5,box,42,0.06,1565,true,0.000203032,0.000018164,504,10
capt_simd,ur5,box,42,0.06,1565,true,0.000263154,0.000949374,504,10
primitive,ur5,box,43,0.06,1609,true,0.000017513,0.00000018,1,3
mvtable,ur5,box,43,0.06,1609,true,0.000037902,0.000033303,1,3
mvtable_mutable,ur5,box,43,0.06,1609,true,0.000037842,0.000039464,1,3
mvtable_cpp,ur5,box,43,0.06,1609,true,0.000053952,0.000021781,1,3
capt,ur5,box,43,0.06,1609,true,0.000088476,0.000898077,1,3
kiddo,ur5,box,43,0.06,1609,true,0.000174087,0.000035356,1,3
mvtable_simd,ur5,box,43,0.06,1609,true,0.000033222,0.000032571,1,3
mvtable_mutable_simd,ur5,box,43,0.06,1609,true,0.000033002,0.000038883,1,3
mvt_cpp_simd,ur5,box,43,0.06,1609,true,0.00003711,0.000017303,1,3
capt_simd,ur5,box,43,0.06,1609,true,0.000067587,0.001157325,1,3
primitive,ur5,box,44,0.06,1601,true,0.000057077,0.000000642,33,7
mvtable,ur5,box,44,0.06,1601,true,0.000113122,0.000034575,22,5
mvtable_mutable,ur5,box,44,0.06,1601,true,0.000111659,0.000055966,22,5
mvtable_cpp,ur5,box,44,0.06,1601,true,0.000134623,0.000022442,22,5
capt,ur5,box,44,0.06,1601,true,0.000246573,0.001138759,22,5
kiddo,ur5,box,44,0.06,1601,true,0.000445948,0.000040346,22,5
mvtable_simd,ur5,box,44,0.06,1601,true,0.000097703,0.000032662,22,5
mvtable_mutable_simd,ur5,box,44,0.06,1601,true,0.000103014,0.000040096,22,5
mvt_cpp_simd,ur5,box,44,0.06,1601,true,0.000100599,0.000019126,22,5
capt_simd,ur5,box,44,0.06,1601,true,0.00012197,0.000968871,22,5
primitive,ur5,box,45,0.06,1446,true,0.000066575,0.0000002,222,8
mvtable,ur5,box,45,0.06,1446,true,0.000116319,0.000030046,222,8
mvtable_mutable,ur5,box,45,0.06,1446,true,0.000115647,0.000039815,222,8
mvtable_cpp,ur5,box,45,0.06,1446,true,0.00015972,0.000016642,222,8
capt,ur5,box,45,0.06,1446,true,0.000221195,0.001079558,222,8
kiddo,ur5,box,45,0.06,1446,true,0.000623852,0.000037831,222,8
mvtable_simd,ur5,box,45,0.06,1446,true,0.000102292,0.00003169,222,8
mvtable_mutable_simd,ur5,box,45,0.06,1446,true,0.000111269,0.000043682,222,8
mvt_cpp_simd,ur5,box,45,0.06,1446,true,0.000119845,0.000019045,222,8
capt_simd,ur5,box,45,0.06,1446,true,0.000157937,0.000931681,222,8
primitive,ur5,box,46,0.06,1554,true,0.000146405,0.000000431,448,15
mvtable,ur5,box,46,0.06,1554,true,0.000189456,0.000029576,379,11
mvtable_mutable,ur5,box,46,0.06,1554,true,0.000211828,0.000040997,379,11
mvtable_cpp,ur5,box,46,0.06,1554,true,0.000234321,0.000018595,379,11
capt,ur5,box,46,0.06,1554,true,0.000363173,0.000872179,379,11
kiddo,ur5,box,46,0.06,1554,true,0.000812046,0.000038863,379,11
mvtable_simd,ur5,box,46,0.06,1554,true,0.000158869,0.000029225,379,11
mvtable_mutable_simd,ur5,box,46,0.06,1554,true,0.000161063,0.000035377,379,11
mvt_cpp_simd,ur5,box,46,0.06,1554,true,0.000176311,0.000020368,379,11
capt_simd,ur5,box,46,0.06,1554,true,0.000251623,0.000896545,379,11
primitive,ur5,box,47,0.06,1471,true,0.000061446,0.000000301,198,7
mvtable,ur5,box,47,0.06,1471,true,0.000103244,0.000031239,198,7
mvtable_mutable,ur5,box,47,0.06,1471,true,0.000104266,0.000036759,198,7
mvtable_cpp,ur5,box,47,0.06,1471,true,0.000130596,0.000017634,198,7
capt,ur5,box,47,0.06,1471,true,0.000249228,0.000836091,198,7
kiddo,ur5,box,47,0.06,1471,true,0.000482888,0.000049894,198,7
mvtable_simd,ur5,box,47,0.06,1471,true,0.000091713,0.000031189,198,7
mvtable_mutable_simd,ur5,box,47,0.06,1471,true,0.000092965,0.000036349,198,7
mvt_cpp_simd,ur5,box,47,0.06,1471,true,0.000093656,0.000021721,198,7
capt_simd,ur5,box,47,0.06,1471,true,0.000137208,0.000832735,198,7
primitive,ur5,box,48,0.06,1453,true,0.000069771,0.00000016,303,7
mvtable,ur5,box,48,0.06,1453,true,0.00005819,0.000030026,189,3
mvtable_mutable,ur5,box,48,0.06,1453,true,0.000056496,0.000034424,189,3
mvtable_cpp,ur5,box,48,0.06,1453,true,0.000080551,0.000017001,189,3
capt,ur5,box,48,0.06,1453,true,0.000118954,0.000819991,189,3
kiddo,ur5,box,48,0.06,1453,true,0.000254127,0.000039585,189,3
mvtable_simd,ur5,box,48,0.06,1453,true,0.000051317,0.000030949,189,3
mvtable_mutable_simd,ur5,box,48,0.06,1453,true,0.000051807,0.000033543,189,3
mvt_cpp_simd,ur5,box,48,0.06,1453,true,0.000057098,0.000017142,189,3
capt_simd,ur5,box,48,0.06,1453,true,0.000075411,0.000839357,189,3
primitive,ur5,box,49,0.06,1384,true,0.000036659,0.00000018,147,5
mvtable,ur5,box,49,0.06,1384,true,0.0000584,0.000029025,121,3
mvtable_mutable,ur5,box,49,0.06,1384,true,0.000058009,0.000033363,121,3
mvtable_cpp,ur5,box,49,0.06,1384,true,0.000102302,0.000016461,121,3
capt,ur5,box,49,0.06,1384,true,0.000107272,0.000801476,121,3
kiddo,ur5,box,49,0.06,1384,true,0.00026628,0.000033513,121,3
mvtable_simd,ur5,box,49,0.06,1384,true,0.000052388,0.00002666,121,3
mvtable_mutable_simd,ur5,box,49,0.06,1384,true,0.000052298,0.000034265,121,3
mvt_cpp_simd,ur5,box,49,0.06,1384,true,0.000066265,0.000016721,121,3
capt_simd,ur5,box,49,0.06,1384,true,0.00006347,0.000827124,121,3
primitive,ur5,box,50,0.06,1469,true,0.000075061,0.000000221,294,8
mvtable,ur5,box,50,0.06,1469,true,0.000237206,0.000029576,325,17
mvtable_mutable,ur5,box,50,0.06,1469,true,0.000233759,0.000038953,325,17
mvtable_cpp,ur5,box,50,0.06,1469,true,0.000331844,0.00001604,325,17
capt,ur5,box,50,0.06,1469,true,0.000522291,0.000831342,325,17
kiddo,ur5,box,50,0.06,1469,true,0.001158507,0.000047289,325,17
mvtable_simd,ur5,box,50,0.06,1469,true,0.000207009,0.000027882,325,17
mvtable_mutable_simd,ur5,box,50,0.06,1469,true,0.000210936,0.000034325,325,17
mvt_cpp_simd,ur5,box,50,0.06,1469,true,0.000238288,0.000017843,325,17
capt_simd,ur5,box,50,0.06,1469,true,0.000338756,0.000855938,325,17
primitive,ur5,cage,1,0.06,1228,true,0.001268113,0.00000032,6723,29
mvtable,ur5,cage,1,0.06,1228,true,0.002162884,0.000022692,6804,34
mvtable_mutable,ur5,cage,1,0.06,1228,true,0.002151873,0.000028814,6804,34
mvtable_cpp,ur5,cage,1,0.06,1228,true,0.002936177,0.000017333,6804,34
capt,ur5,cage,1,0.06,1228,true,0.004239325,0.000726665,6804,34
kiddo,ur5,cage,1,0.06,1228,true,0.007181253,0.000033182,6804,34
mvtable_simd,ur5,cage,1,0.06,1228,true,0.002075289,0.000022513,6804,34
mvtable_mutable_simd,ur5,cage,1,0.06,1228,true,0.002199262,0.000029766,6804,34
mvt_cpp_simd,ur5,cage,1,0.06,1228,true,0.002319449,0.000017814,6804,34
capt_simd,ur5,cage,1,0.06,1228,true,0.003019333,0.000819861,6804,34
primitive,ur5,cage,2,0.06,1185,true,0.00296441,0.000000561,12204,41
mvtable,ur5,cage,2,0.06,1185,true,0.000407917,0.000024426,1722,13
mvtable_mutable,ur5,cage,2,0.06,1185,true,0.000388099,0.000032652,1722,13
mvtable_cpp,ur5,cage,2,0.06,1185,true,0.00058026,0.000017493,1722,13
capt,ur5,cage,2,0.06,1185,true,0.00079286,0.000725884,1722,13
kiddo,ur5,cage,2,0.06,1185,true,0.001622428,0.000033312,1722,13
mvtable_simd,ur5,cage,2,0.06,1185,true,0.000359586,0.000023104,1722,13
mvtable_mutable_simd,ur5,cage,2,0.06,1185,true,0.000366248,0.000030918,1722,13
mvt_cpp_simd,ur5,cage,2,0.06,1185,true,0.000411904,0.000014116,1722,13
capt_simd,ur5,cage,2,0.06,1185,true,0.000525687,0.000746102,1722,13
primitive,ur5,cage,3,0.06,1274,true,0.000717769,0.0000002,3609,26
mvtable,ur5,cage,3,0.06,1274,true,0.001017502,0.000022652,3294,24
mvtable_mutable,ur5,cage,3,0.06,1274,true,0.001021229,0.000037971,3294,24
mvtable_cpp,ur5,cage,3,0.06,1274,true,0.001634381,0.000016772,3294,24
capt,ur5,cage,3,0.06,1274,true,0.002169537,0.000762143,3294,24
kiddo,ur5,cage,3,0.06,1274,true,0.003541754,0.000030477,3294,24
mvtable_simd,ur5,cage,3,0.06,1274,true,0.00096867,0.000023273,3294,24
mvtable_mutable_simd,ur5,cage,3,0.06,1274,true,0.000991673,0.000030688,3294,24
mvt_cpp_simd,ur5,cage,3,0.06,1274,true,0.001137487,0.000017523,3294,24
capt_simd,ur5,cage,3,0.06,1274,true,0.001398377,0.000781548,3294,24
primitive,ur5,cage,4,0.06,1195,true,0.001295815,0.000000481,7014,27
mvtable,ur5,cage,4,0.06,1195,true,0.002433593,0.000022211,7284,40
mvtable_mutable,ur5,cage,4,0.06,1195,true,0.002431429,0.00003207,7284,40
mvtable_cpp,ur5,cage,4,0.06,1195,true,0.003579125,0.000014367,7284,40
capt,ur5,cage,4,0.06,1195,true,0.004771155,0.000726855,7284,40
kiddo,ur5,cage,4,0.06,1195,true,0.007784016,0.00003189,7284,40
mvtable_simd,ur5,cage,4,0.06,1195,true,0.002280425,0.000024787,7284,40
mvtable_mutable_simd,ur5,cage,4,0.06,1195,true,0.002310893,0.000039023,7284,40
mvt_cpp_simd,ur5,cage,4,0.06,1195,true,0.002475251,0.000014707,7284,40
capt_simd,ur5,cage,4,0.06,1195,true,0.003217496,0.00077182,7284,40
primitive,ur5,cage,5,0.06,1201,true,0.001169738,0.000000381,6165,31
mvtable,ur5,cage,5,0.06,1201,true,0.002079407,0.000022041,5994,37
mvtable_mutable,ur5,cage,5,0.06,1201,true,0.002068968,0.000029345,5994,37
mvtable_cpp,ur5,cage,5,0.06,1201,true,0.003164386,0.000014968,5994,37
capt,ur5,cage,5,0.06,1201,true,0.004135972,0.000730472,5994,37
kiddo,ur5,cage,5,0.06,1201,true,0.006953285,0.000033083,5994,37
mvtable_simd,ur5,cage,5,0.06,1201,true,0.001928294,0.000024096,5994,37
mvtable_mutable_simd,ur5,cage,5,0.06,1201,true,0.001963059,0.000031549,5994,37
mvt_cpp_simd,ur5,cage,5,0.06,1201,true,0.00214495,0.000017092,5994,37
capt_simd,ur5,cage,5,0.06,1201,true,0.002747964,0.000760449,5994,37
primitive,ur5,cage,6,0.06,1125,true,0.001224941,0.000000281,6403,21
mvtable,ur5,cage,6,0.06,1125,true,0.000825421,0.000017953,2493,19
mvtable_mutable,ur5,cage,6,0.06,1125,true,0.000824028,0.000025147,2493,19
mvtable_cpp,ur5,cage,6,0.06,1125,true,0.001078376,0.000015559,2493,19
capt,ur5,cage,6,0.06,1125,true,0.001418836,0.000671361,2493,19
kiddo,ur5,cage,6,0.06,1125,true,0.002830058,0.00003186,2493,19
mvtable_simd,ur5,cage,6,0.06,1125,true,0.000781328,0.000018825,2493,19
mvtable_mutable_simd,ur5,cage,6,0.06,1125,true,0.000779865,0.000026039,2493,19
mvt_cpp_simd,ur5,cage,6,0.06,1125,true,0.00079845,0.000014257,2493,19
capt_simd,ur5,cage,6,0.06,1125,true,0.001049201,0.00069734,2493,19
primitive,ur5,cage,7,0.06,1149,true,0.000684516,0.000000391,4296,24
mvtable,ur5,cage,7,0.06,1149,true,0.000615747,0.000021861,2754,13
mvtable_mutable,ur5,cage,7,0.06,1149,true,0.000608764,0.000036429,2754,13
mvtable_cpp,ur5,cage,7,0.06,1149,true,0.000971926,0.000013756,2754,13
capt,ur5,cage,7,0.06,1149,true,0.001211456,0.000677323,2754,13
kiddo,ur5,cage,7,0.06,1149,true,0.002008073,0.000031128,2754,13
mvtable_simd,ur5,cage,7,0.06,1149,true,0.000562036,0.000026259,2754,13
mvtable_mutable_simd,ur5,cage,7,0.06,1149,true,0.000572566,0.000036349,2754,13
mvt_cpp_simd,ur5,cage,7,0.06,1149,true,0.000626026,0.000013646,2754,13
capt_simd,ur5,cage,7,0.06,1149,true,0.000809731,0.000702339,2754,13
primitive,ur5,cage,8,0.06,1247,true,0.000592273,0.00000019,4284,12
mvtable,ur5,cage,8,0.06,1247,true,0.002115295,0.000022933,5967,26
mvtable_mutable,ur5,cage,8,0.06,1247,true,0.002108532,0.000030377,5967,26
mvtable_cpp,ur5,cage,8,0.06,1247,true,0.003096288,0.000016501,5967,26
capt,ur5,cage,8,0.06,1247,true,0.003834144,0.000742475,5967,26
kiddo,ur5,cage,8,0.06,1247,true,0.006663801,0.000031619,5967,26
mvtable_simd,ur5,cage,8,0.06,1247,true,0.001960964,0.000023283,5967,26
mvtable_mutable_simd,ur5,cage,8,0.06,1247,true,0.002010718,0.000030717,5967,26
mvt_cpp_simd,ur5,cage,8,0.06,1247,true,0.002164968,0.00001599,5967,26
capt_simd,ur5,cage,8,0.06,1247,true,0.002739387,0.000767803,5967,26
primitive,ur5,cage,9,0.06,1248,true,0.000713711,0.000000341,4272,17
mvtable,ur5,cage,9,0.06,1248,true,0.001078477,0.000022042,4272,15
mvtable_mutable,ur5,cage,9,0.06,1248,true,0.001074188,0.000029726,4272,15
mvtable_cpp,ur5,cage,9,0.06,1248,true,0.001565392,0.000015048,4272,15
capt,ur5,cage,9,0.06,1248,true,0.002141935,0.000736824,4272,15
kiddo,ur5,cage,9,0.06,1248,true,0.003470691,0.000031119,4272,15
mvtable_simd,ur5,cage,9,0.06,1248,true,0.001005269,0.000022743,4272,15
mvtable_mutable_simd,ur5,cage,9,0.06,1248,true,0.001027,0.000030207,4272,15
mvt_cpp_simd,ur5,cage,9,0.06,1248,true,0.001124613,0.000015269,4272,15
capt_simd,ur5,cage,9,0.06,1248,true,0.001432512,0.000757113,4272,15
primitive,ur5,cage,10,0.06,1267,true,0.000432473,0.00000027,3249,17
mvtable,ur5,cage,10,0.06,1267,true,0.00076095,0.000022192,3249,19
mvtable_mutable,ur5,cage,10,0.06,1267,true,0.000750661,0.000036749,3249,19
mvtable_cpp,ur5,cage,10,0.06,1267,true,0.001283021,0.000019838,3249,19
capt,ur5,cage,10,0.06,1267,true,0.001400562,0.000741974,3249,19
kiddo,ur5,cage,10,0.06,1267,true,0.002658826,0.00003169,3249,19
mvtable_simd,ur5,cage,10,0.06,1267,true,0.000705235,0.000022012,3249,19
mvtable_mutable_simd,ur5,cage,10,0.06,1267,true,0.000719723,0.000030237,3249,19
mvt_cpp_simd,ur5,cage,10,0.06,1267,true,0.0008358,0.000015308,3249,19
capt_simd,ur5,cage,10,0.06,1267,true,0.000955115,0.000764517,3249,19
primitive,ur5,cage,11,0.06,1211,true,0.000634753,0.000000221,4509,18
mvtable,ur5,cage,11,0.06,1211,true,0.001619704,0.000022262,5835,29
mvtable_mutable,ur5,cage,11,0.06,1211,true,0.001623591,0.000029125,5835,29
mvtable_cpp,ur5,cage,11,0.06,1211,true,0.002196958,0.000013636,5835,29
capt,ur5,cage,11,0.06,1211,true,0.003162732,0.000722848,5835,29
kiddo,ur5,cage,11,0.06,1211,true,0.005509512,0.000029806,5835,29
mvtable_simd,ur5,cage,11,0.06,1211,true,0.001518042,0.000028523,5835,29
mvtable_mutable_simd,ur5,cage,11,0.06,1211,true,0.001527921,0.000041107,5835,29
mvt_cpp_simd,ur5,cage,11,0.06,1211,true,0.001641845,0.000014618,5835,29
capt_simd,ur5,cage,11,0.06,1211,true,0.002145411,0.000763404,5835,29
primitive,ur5,cage,12,0.06,1255,true,0.000786758,0.000000591,4284,22
mvtable,ur5,cage,12,0.06,1255,true,0.001301786,0.000028183,4272,21
mvtable_mutable,ur5,cage,12,0.06,1255,true,0.001283161,0.000030528,4272,21
mvtable_cpp,ur5,cage,12,0.06,1255,true,0.001812085,0.000016872,4272,21
capt,ur5,cage,12,0.06,1255,true,0.002242784,0.000728429,4272,21
kiddo,ur5,cage,12,0.06,1255,true,0.003977474,0.000032702,4272,21
mvtable_simd,ur5,cage,12,0.06,1255,true,0.00121369,0.000022352,4272,21
mvtable_mutable_simd,ur5,cage,12,0.06,1255,true,0.001230643,0.000029927,4272,21
mvt_cpp_simd,ur5,cage,12,0.06,1255,true,0.001326302,0.000016721,4272,21
capt_simd,ur5,cage,12,0.06,1255,true,0.001613953,0.000760739,4272,21
primitive,ur5,cage,13,0.06,1213,true,0.000879022,0.000000541,5344,28
mvtable,ur5,cage,13,0.06,1213,true,0.000949704,0.000022202,3648,19
mvtable_mutable,ur5,cage,13,0.06,1213,true,0.000941099,0.000029335,3648,19
mvtable_cpp,ur5,cage,13,0.06,1213,true,0.001437771,0.000014247,3648,19
capt,ur5,cage,13,0.06,1213,true,0.001786728,0.000737807,3648,19
kiddo,ur5,cage,13,0.06,1213,true,0.003382936,0.000030217,3648,19
mvtable_simd,ur5,cage,13,0.06,1213,true,0.000861588,0.000022091,3648,19
mvtable_mutable_simd,ur5,cage,13,0.06,1213,true,0.000878191,0.000029174,3648,19
mvt_cpp_simd,ur5,cage,13,0.06,1213,true,0.000963611,0.000013686,3648,19
capt_simd,ur5,cage,13,0.06,1213,true,0.001254056,0.000755369,3648,19
primitive,ur5,cage,14,0.06,1254,true,0.001674356,0.0000002,9198,28
mvtable,ur5,cage,14,0.06,1254,true,0.001309671,0.000022252,4482,27
mvtable_mutable,ur5,cage,14,0.06,1254,true,0.001296055,0.000029665,4482,27
mvtable_cpp,ur5,cage,14,0.06,1254,true,0.001953872,0.000015429,4482,27
capt,ur5,cage,14,0.06,1254,true,0.002309309,0.000734821,4482,27
kiddo,ur5,cage,14,0.06,1254,true,0.00424178,0.000029385,4482,27
mvtable_simd,ur5,cage,14,0.06,1254,true,0.001222437,0.000022542,4482,27
mvtable_mutable_simd,ur5,cage,14,0.06,1254,true,0.001235141,0.000036338,4482,27
mvt_cpp_simd,ur5,cage,14,0.06,1254,true,0.001374312,0.000015429,4482,27
capt_simd,ur5,cage,14,0.06,1254,true,0.001654469,0.0007557,4482,27
primitive,ur5,cage,15,0.06,1185,true,0.000765278,0.00000017,4734,18
mvtable,ur5,cage,15,0.06,1185,true,0.001758183,0.000021751,5679,25
mvtable_mutable,ur5,cage,15,0.06,1185,true,0.001742544,0.000029055,5679,25
mvtable_cpp,ur5,cage,15,0.06,1185,true,0.002770786,0.000014287,5679,25
capt,ur5,cage,15,0.06,1185,true,0.003322714,0.000699023,5679,25
kiddo,ur5,cage,15,0.06,1185,true,0.005512608,0.000031209,5679,25
mvtable_simd,ur5,cage,15,0.06,1185,true,0.001622859,0.000021711,5679,25
mvtable_mutable_simd,ur5,cage,15,0.06,1185,true,0.001651974,0.000028513,5679,25
mvt_cpp_simd,ur5,cage,15,0.06,1185,true,0.001826111,0.000014598,5679,25
capt_simd,ur5,cage,15,0.06,1185,true,0.002321412,0.000723981,5679,25
primitive,ur5,cage,16,0.06,1125,true,0.003244807,0.000000241,15648,44
mvtable,ur5,cage,16,0.06,1125,true,0.00052186,0.000018685,2754,11
mvtable_mutable,ur5,cage,16,0.06,1125,true,0.000511451,0.000024075,2754,11
mvtable_cpp,ur5,cage,16,0.06,1125,true,0.000611529,0.00001616,2754,11
capt,ur5,cage,16,0.06,1125,true,0.000926521,0.000656414,2754,11
kiddo,ur5,cage,16,0.06,1125,true,0.001640312,0.000029635,2754,11
mvtable_simd,ur5,cage,16,0.06,1125,true,0.000511681,0.000017753,2754,11
mvtable_mutable_simd,ur5,cage,16,0.06,1125,true,0.000490642,0.000024226,2754,11
mvt_cpp_simd,ur5,cage,16,0.06,1125,true,0.000498698,0.000012433,2754,11
capt_simd,ur5,cage,16,0.06,1125,true,0.000633711,0.000671692,2754,11
primitive,ur5,cage,17,0.06,1258,true,0.000962288,0.00000027,6723,19
mvtable,ur5,cage,17,0.06,1258,true,0.001575891,0.000021971,6723,22
mvtable_mutable,ur5,cage,17,0.06,1258,true,0.001568087,0.000029886,6723,22
mvtable_cpp,ur5,cage,17,0.06,1258,true,0.002317004,0.000017002,6723,22
capt,ur5,cage,17,0.06,1258,true,0.002784822,0.000753746,6723,22
kiddo,ur5,cage,17,0.06,1258,true,0.004878096,0.00003195,6723,22
mvtable_simd,ur5,cage,17,0.06,1258,true,0.001518153,0.000022833,6723,22
mvtable_mutable_simd,ur5,cage,17,0.06,1258,true,0.001523924,0.000030598,6723,22
mvt_cpp_simd,ur5,cage,17,0.06,1258,true,0.001698501,0.000017053,6723,22
capt_simd,ur5,cage,17,0.06,1258,true,0.002002062,0.000778392,6723,22
primitive,ur5,cage,18,0.06,1198,true,0.000726746,0.000000722,4509,22
mvtable,ur5,cage,18,0.06,1198,true,0.001196088,0.000021791,4509,24
mvtable_mutable,ur5,cage,18,0.06,1198,true,0.001200365,0.000029034,4509,24
mvtable_cpp,ur5,cage,18,0.06,1198,true,0.001893398,0.000015028,4509,24
capt,ur5,cage,18,0.06,1198,true,0.002468277,0.000727286,4509,24
kiddo,ur5,cage,18,0.06,1198,true,0.00403941,0.000032922,4509,24
mvtable_simd,ur5,cage,18,0.06,1198,true,0.001110166,0.000022242,4509,24
mvtable_mutable_simd,ur5,cage,18,0.06,1198,true,0.001129602,0.000029816,4509,24
mvt_cpp_simd,ur5,cage,18,0.06,1198,true,0.001247885,0.000014757,4509,24
capt_simd,ur5,cage,18,0.06,1198,true,0.001609704,0.000752133,4509,24
primitive,ur5,cage,19,0.06,1265,true,0.003719619,0.000000311,16284,45
mvtable,ur5,cage,19,0.06,1265,true,0.00054803,0.000022993,1764,18
mvtable_mutable,ur5,cage,19,0.06,1265,true,0.000523884,0.000030657,1764,18
mvtable_cpp,ur5,cage,19,0.06,1265,true,0.000862911,0.000015659,1764,18
capt,ur5,cage,19,0.06,1265,true,0.001078376,0.00074001,1764,18
kiddo,ur5,cage,19,0.06,1265,true,0.002001741,0.000031329,1764,18
mvtable_simd,ur5,cage,19,0.06,1265,true,0.000501442,0.000023023,1764,18
mvtable_mutable_simd,ur5,cage,19,0.06,1265,true,0.000494439,0.000030748,1764,18
mvt_cpp_simd,ur5,cage,19,0.06,1265,true,0.000588476,0.000015339,1764,18
capt_simd,ur5,cage,19,0.06,1265,true,0.000682813,0.000758315,1764,18
primitive,ur5,cage,20,0.06,1197,true,0.000910331,0.00000023,5274,23
mvtable,ur5,cage,20,0.06,1197,true,0.001444063,0.00002639,5274,25
mvtable_mutable,ur5,cage,20,0.06,1197,true,0.001445256,0.000028794,5274,25
mvtable_cpp,ur5,cage,20,0.06,1197,true,0.002310712,0.000014407,5274,25
capt,ur5,cage,20,0.06,1197,true,0.002869662,0.00072374,5274,25
kiddo,ur5,cage,20,0.06,1197,true,0.004722444,0.000029957,5274,25
mvtable_simd,ur5,cage,20,0.06,1197,true,0.001339728,0.000022673,5274,25
mvtable_mutable_simd,ur5,cage,20,0.06,1197,true,0.001364264,0.000030066,5274,25
mvt_cpp_simd,ur5,cage,20,0.06,1197,true,0.001501721,0.000015389,5274,25
capt_simd,ur5,cage,20,0.06,1197,true,0.001922512,0.000751432,5274,25
primitive,ur5,cage,21,0.06,1198,true,0.002436248,0.000000561,9432,44
mvtable,ur5,cage,21,0.06,1198,true,0.00054815,0.000021861,2313,13
mvtable_mutable,ur5,cage,21,0.06,1198,true,0.000547228,0.000029064,2313,13
mvtable_cpp,ur5,cage,21,0.06,1198,true,0.000800434,0.000014186,2313,13
capt,ur5,cage,21,0.06,1198,true,0.00125642,0.000714373,2313,13
kiddo,ur5,cage,21,0.06,1198,true,0.001914868,0.000031168,2313,13
mvtable_simd,ur5,cage,21,0.06,1198,true,0.000509186,0.000021681,2313,13
mvtable_mutable_simd,ur5,cage,21,0.06,1198,true,0.000514236,0.000029446,2313,13
mvt_cpp_simd,ur5,cage,21,0.06,1198,true,0.000580291,0.000014447,2313,13
capt_simd,ur5,cage,21,0.06,1198,true,0.00077713,0.000750761,2313,13
primitive,ur5,cage,22,0.06,1175,true,0.000946469,0.00000021,5679,23
mvtable,ur5,cage,22,0.06,1175,true,0.001540194,0.000021731,5679,28
mvtable_mutable,ur5,cage,22,0.06,1175,true,0.001540043,0.000029155,5679,28
mvtable_cpp,ur5,cage,22,0.06,1175,true,0.002378239,0.000013606,5679,28
capt,ur5,cage,22,0.06,1175,true,0.003159376,0.000701488,5679,28
kiddo,ur5,cage,22,0.06,1175,true,0.005057442,0.000030327,5679,28
mvtable_simd,ur5,cage,22,0.06,1175,true,0.001450676,0.00002675,5679,28
mvtable_mutable_simd,ur5,cage,22,0.06,1175,true,0.001465113,0.000033874,5679,28
mvt_cpp_simd,ur5,cage,22,0.06,1175,true,0.001639691,0.000019386,5679,28
capt_simd,ur5,cage,22,0.06,1175,true,0.002077814,0.000748947,5679,28
primitive,ur5,cage,23,0.06,1272,true,0.000928795,0.000000572,6723,17
mvtable,ur5,cage,23,0.06,1272,true,0.002195666,0.000022182,6804,34
mvtable_mutable,ur5,cage,23,0.06,1272,true,0.002174957,0.000030237,6804,34
mvtable_cpp,ur5,cage,23,0.06,1272,true,0.003188091,0.000016661,6804,34
capt,ur5,cage,23,0.06,1272,true,0.004063125,0.000745932,6804,34
kiddo,ur5,cage,23,0.06,1272,true,0.006655686,0.000031089,6804,34
mvtable_simd,ur5,cage,23,0.06,1272,true,0.002087663,0.000022923,6804,34
mvtable_mutable_simd,ur5,cage,23,0.06,1272,true,0.002105506,0.000030488,6804,34
mvt_cpp_simd,ur5,cage,23,0.06,1272,true,0.002287749,0.00001596,6804,34
capt_simd,ur5,cage,23,0.06,1272,true,0.00282608,0.000770358,6804,34
primitive,ur5,cage,24,0.06,1199,true,0.000664258,0.000000281,4509,20
mvtable,ur5,cage,24,0.06,1199,true,0.00251715,0.000021591,6939,38
mvtable_mutable,ur5,cage,24,0.06,1199,true,0.002493455,0.000028774,6939,38
mvtable_cpp,ur5,cage,24,0.06,1199,true,0.003716894,0.000014277,6939,38
capt,ur5,cage,24,0.06,1199,true,0.005329374,0.000733078,6939,38
kiddo,ur5,cage,24,0.06,1199,true,0.008212892,0.000031689,6939,38
mvtable_simd,ur5,cage,24,0.06,1199,true,0.00233648,0.000025818,6939,38
mvtable_mutable_simd,ur5,cage,24,0.06,1199,true,0.002355917,0.000029195,6939,38
mvt_cpp_simd,ur5,cage,24,0.06,1199,true,0.002550613,0.000014638,6939,38
capt_simd,ur5,cage,24,0.06,1199,true,0.003393296,0.000740611,6939,38
primitive,ur5,cage,25,0.06,1120,true,0.003074527,0.00000017,18210,45
mvtable,ur5,cage,25,0.06,1120,true,0.002079678,0.000022001,9930,37
mvtable_mutable,ur5,cage,25,0.06,1120,true,0.002068096,0.000028183,9930,37
mvtable_cpp,ur5,cage,25,0.06,1120,true,0.003264564,0.000014027,9930,37
capt,ur5,cage,25,0.06,1120,true,0.003622677,0.000650602,9930,37
kiddo,ur5,cage,25,0.06,1120,true,0.006365271,0.000028854,9930,37
mvtable_simd,ur5,cage,25,0.06,1120,true,0.001948771,0.00002172,9930,37
mvtable_mutable_simd,ur5,cage,25,0.06,1120,true,0.002011529,0.000028243,9930,37
mvt_cpp_simd,ur5,cage,25,0.06,1120,true,0.002148578,0.000017573,9930,37
capt_simd,ur5,cage,25,0.06,1120,true,0.002656241,0.000707399,9930,37
primitive,ur5,cage,26,0.06,1260,true,0.006960879,0.000000431,23334,67
mvtable,ur5,cage,26,0.06,1260,true,0.003254485,0.000024606,7374,39
mvtable_mutable,ur5,cage,26,0.06,1260,true,0.003250097,0.000031148,7374,39
mvtable_cpp,ur5,cage,26,0.06,1260,true,0.004419364,0.000015769,7374,39
capt,ur5,cage,26,0.06,1260,true,0.005982281,0.000741864,7374,39
kiddo,ur5,cage,26,0.06,1260,true,0.010345529,0.000031439,7374,39
mvtable_simd,ur5,cage,26,0.06,1260,true,0.003066863,0.000023454,7374,39
mvtable_mutable_simd,ur5,cage,26,0.06,1260,true,0.003105304,0.000031038,7374,39
mvt_cpp_simd,ur5,cage,26,0.06,1260,true,0.0032892,0.000014046,7374,39
capt_simd,ur5,cage,26,0.06,1260,true,0.004140881,0.000766811,7374,39
primitive,ur5,cage,27,0.06,1241,true,0.000602743,0.00000018,3519,22
mvtable,ur5,cage,27,0.06,1241,true,0.000914107,0.000024226,3519,22
mvtable_mutable,ur5,cage,27,0.06,1241,true,0.000903438,0.000038603,3519,22
mvtable_cpp,ur5,cage,27,0.06,1241,true,0.001353403,0.000015499,3519,22
capt,ur5,cage,27,0.06,1241,true,0.00171942,0.000749759,3519,22
kiddo,ur5,cage,27,0.06,1241,true,0.003133878,0.000031259,3519,22
mvtable_simd,ur5,cage,27,0.06,1241,true,0.00084642,0.000023404,3519,22
mvtable_mutable_simd,ur5,cage,27,0.06,1241,true,0.000859746,0.000030848,3519,22
mvt_cpp_simd,ur5,cage,27,0.06,1241,true,0.000917124,0.00001603,3519,22
capt_simd,ur5,cage,27,0.06,1241,true,0.001228969,0.000763254,3519,22
primitive,ur5,cage,28,0.06,1260,true,0.001204343,0.000000201,6672,26
mvtable,ur5,cage,28,0.06,1260,true,0.002167813,0.000022231,6804,31
mvtable_mutable,ur5,cage,28,0.06,1260,true,0.002160619,0.000029615,6804,31
mvtable_cpp,ur5,cage,28,0.06,1260,true,0.003432269,0.00001595,6804,31
capt,ur5,cage,28,0.06,1260,true,0.004131513,0.000733057,6804,31
kiddo,ur5,cage,28,0.06,1260,true,0.007451101,0.000030958,6804,31
mvtable_simd,ur5,cage,28,0.06,1260,true,0.002020487,0.000022603,6804,31
mvtable_mutable_simd,ur5,cage,28,0.06,1260,true,0.002078265,0.000029576,6804,31
mvt_cpp_simd,ur5,cage,28,0.06,1260,true,0.002323976,0.000016301,6804,31
capt_simd,ur5,cage,28,0.06,1260,true,0.002887185,0.000768684,6804,31
primitive,ur5,cage,29,0.06,1191,true,0.000497484,0.000000631,3339,17
mvtable,ur5,cage,29,0.06,1191,true,0.000737075,0.000024456,2754,17
mvtable_mutable,ur5,cage,29,0.06,1191,true,0.000739189,0.000029716,2754,17
mvtable_cpp,ur5,cage,29,0.06,1191,true,0.001135083,0.000014587,2754,17
capt,ur5,cage,29,0.06,1191,true,0.001620264,0.000726205,2754,17
kiddo,ur5,cage,29,0.06,1191,true,0.002608461,0.000033012,2754,17
mvtable_simd,ur5,cage,29,0.06,1191,true,0.000680078,0.000021721,2754,17
mvtable_mutable_simd,ur5,cage,29,0.06,1191,true,0.000679356,0.000029225,2754,17
mvt_cpp_simd,ur5,cage,29,0.06,1191,true,0.000759166,0.000013726,2754,17
capt_simd,ur5,cage,29,0.06,1191,true,0.000978769,0.00075057,2754,17
primitive,ur5,cage,30,0.06,1276,true,0.001981523,0.0000002,10711,35
mvtable,ur5,cage,30,0.06,1276,true,0.000290976,0.000022261,1764,8
mvtable_mutable,ur5,cage,30,0.06,1276,true,0.000287671,0.000030157,1764,8
mvtable_cpp,ur5,cage,30,0.06,1276,true,0.000433565,0.000015129,1764,8
capt,ur5,cage,30,0.06,1276,true,0.000547669,0.000737395,1764,8
kiddo,ur5,cage,30,0.06,1276,true,0.000947039,0.000030738,1764,8
mvtable_simd,ur5,cage,30,0.06,1276,true,0.000273564,0.000022232,1764,8
mvtable_mutable_simd,ur5,cage,30,0.06,1276,true,0.000280938,0.000030026,1764,8
mvt_cpp_simd,ur5,cage,30,0.06,1276,true,0.000305354,0.000015308,1764,8
capt_simd,ur5,cage,30,0.06,1276,true,0.000373231,0.000764005,1764,8
primitive,ur5,cage,31,0.06,1120,true,0.000632288,0.00000019,4284,17
mvtable,ur5,cage,31,0.06,1120,true,0.001212398,0.00002109,4509,22
mvtable_mutable,ur5,cage,31,0.06,1120,true,0.00120835,0.000036228,4509,22
mvtable_cpp,ur5,cage,31,0.06,1120,true,0.001794792,0.000013946,4509,22
capt,ur5,cage,31,0.06,1120,true,0.002308869,0.000663567,4509,22
kiddo,ur5,cage,31,0.06,1120,true,0.003864882,0.000028894,4509,22
mvtable_simd,ur5,cage,31,0.06,1120,true,0.001119644,0.00002136,4509,22
mvtable_mutable_simd,ur5,cage,31,0.06,1120,true,0.001141124,0.000036469,4509,22
mvt_cpp_simd,ur5,cage,31,0.06,1120,true,0.001201558,0.000013465,4509,22
capt_simd,ur5,cage,31,0.06,1120,true,0.001598864,0.00067036,4509,22
primitive,ur5,cage,32,0.06,1261,true,0.002097081,0.00000017,10044,37
mvtable,ur5,cage,32,0.06,1261,true,0.003679003,0.000022122,9579,36
mvtable_mutable,ur5,cage,32,0.06,1261,true,0.003657562,0.000039354,9579,36
mvtable_cpp,ur5,cage,32,0.06,1261,true,0.005239375,0.000013505,9579,36
capt,ur5,cage,32,0.06,1261,true,0.006405826,0.000739259,9579,36
kiddo,ur5,cage,32,0.06,1261,true,0.011588615,0.000029896,9579,36
mvtable_simd,ur5,cage,32,0.06,1261,true,0.003437679,0.000022452,9579,36
mvtable_mutable_simd,ur5,cage,32,0.06,1261,true,0.003498964,0.000029876,9579,36
mvt_cpp_simd,ur5,cage,32,0.06,1261,true,0.00366129,0.000013765,9579,36
capt_simd,ur5,cage,32,0.06,1261,true,0.004695904,0.00074016,9579,36
primitive,ur5,cage,33,0.06,1259,true,0.000382538,0.00000018,3309,16
mvtable,ur5,cage,33,0.06,1259,true,0.000566024,0.000023164,2241,15
mvtable_mutable,ur5,cage,33,0.06,1259,true,0.000551436,0.000029906,2241,15
mvtable_cpp,ur5,cage,33,0.06,1259,true,0.000875675,0.000015299,2241,15
capt,ur5,cage,33,0.06,1259,true,0.001140943,0.000744058,2241,15
kiddo,ur5,cage,33,0.06,1259,true,0.001980862,0.00003237,2241,15
mvtable_simd,ur5,cage,33,0.06,1259,true,0.000538762,0.000023263,2241,15
mvtable_mutable_simd,ur5,cage,33,0.06,1259,true,0.000529415,0.000030708,2241,15
mvt_cpp_simd,ur5,cage,33,0.06,1259,true,0.000626106,0.00001595,2241,15
capt_simd,ur5,cage,33,0.06,1259,true,0.000744269,0.00078238,2241,15
primitive,ur5,cage,34,0.06,1125,true,0.000374434,0.00000032,3294,10
mvtable,ur5,cage,34,0.06,1125,true,0.000482988,0.00002656,2709,9
mvtable_mutable,ur5,cage,34,0.06,1125,true,0.000492856,0.000024777,2709,9
mvtable_cpp,ur5,cage,34,0.06,1125,true,0.000615407,0.000013526,2709,9
capt,ur5,cage,34,0.06,1125,true,0.000823236,0.000675739,2709,9
kiddo,ur5,cage,34,0.06,1125,true,0.001484039,0.000030007,2709,9
mvtable_simd,ur5,cage,34,0.06,1125,true,0.000478228,0.000018525,2709,9
mvtable_mutable_simd,ur5,cage,34,0.06,1125,true,0.000454905,0.000024797,2709,9
mvt_cpp_simd,ur5,cage,34,0.06,1125,true,0.000473149,0.000012674,2709,9
capt_simd,ur5,cage,34,0.06,1125,true,0.000598214,0.000708471,2709,9
primitive,ur5,cage,35,0.06,1268,true,0.001432872,0.00000022,9369,21
mvtable,ur5,cage,35,0.06,1268,true,0.000546998,0.000022803,2514,9
mvtable_mutable,ur5,cage,35,0.06,1268,true,0.000529745,0.000030136,2514,9
mvtable_cpp,ur5,cage,35,0.06,1268,true,0.00087809,0.000014727,2514,9
capt,ur5,cage,35,0.06,1268,true,0.00104828,0.000746873,2514,9
kiddo,ur5,cage,35,0.06,1268,true,0.001807907,0.000031009,2514,9
mvtable_simd,ur5,cage,35,0.06,1268,true,0.000502755,0.000022612,2514,9
mvtable_mutable_simd,ur5,cage,35,0.06,1268,true,0.000507874,0.000030557,2514,9
mvt_cpp_simd,ur5,cage,35,0.06,1268,true,0.000580441,0.000014357,2514,9
capt_simd,ur5,cage,35,0.06,1268,true,0.000719472,0.000756902,2514,9
primitive,ur5,cage,36,0.06,1220,true,0.002328525,0.000000231,9936,42
mvtable,ur5,cage,36,0.06,1220,true,0.002781807,0.000022011,7872,40
mvtable_mutable,ur5,cage,36,0.06,1220,true,0.002782418,0.000029275,7872,40
mvtable_cpp,ur5,cage,36,0.06,1220,true,0.003694993,0.000013586,7872,40
capt,ur5,cage,36,0.06,1220,true,0.00522594,0.000709814,7872,40
kiddo,ur5,cage,36,0.06,1220,true,0.009226957,0.000035477,7872,40
mvtable_simd,ur5,cage,36,0.06,1220,true,0.002628699,0.000022602,7872,40
mvtable_mutable_simd,ur5,cage,36,0.06,1220,true,0.00265614,0.00003193,7872,40
mvt_cpp_simd,ur5,cage,36,0.06,1220,true,0.002859823,0.00001618,7872,40
capt_simd,ur5,cage,36,0.06,1220,true,0.003734407,0.000777861,7872,40
primitive,ur5,cage,37,0.06,1283,true,0.001169187,0.000000641,5997,25
mvtable,ur5,cage,37,0.06,1283,true,0.00009564,0.000024486,387,4
mvtable_mutable,ur5,cage,37,0.06,1283,true,0.000088947,0.00003234,387,4
mvtable_cpp,ur5,cage,37,0.06,1283,true,0.000156745,0.000016481,387,4
capt,ur5,cage,37,0.06,1283,true,0.000199214,0.000788632,387,4
kiddo,ur5,cage,37,0.06,1283,true,0.000378792,0.000032952,387,4
mvtable_simd,ur5,cage,37,0.06,1283,true,0.000095881,0.000022723,387,4
mvtable_mutable_simd,ur5,cage,37,0.06,1283,true,0.000085972,0.000030878,387,4
mvt_cpp_simd,ur5,cage,37,0.06,1283,true,0.000094708,0.000014457,387,4
capt_simd,ur5,cage,37,0.06,1283,true,0.000122901,0.000803941,387,4
primitive,ur5,cage,38,0.06,1272,true,0.0004417,0.000000431,2493,19
mvtable,ur5,cage,38,0.06,1272,true,0.000846881,0.000023154,2754,23
mvtable_mutable,ur5,cage,38,0.06,1272,true,0.000842493,0.000030948,2754,23
mvtable_cpp,ur5,cage,38,0.06,1272,true,0.001312155,0.000015619,2754,23
capt,ur5,cage,38,0.06,1272,true,0.001565591,0.000750981,2754,23
kiddo,ur5,cage,38,0.06,1272,true,0.003030585,0.000032151,2754,23
mvtable_simd,ur5,cage,38,0.06,1272,true,0.000785946,0.000024085,2754,23
mvtable_mutable_simd,ur5,cage,38,0.06,1272,true,0.000796116,0.000030888,2754,23
mvt_cpp_simd,ur5,cage,38,0.06,1272,true,0.000899931,0.000014748,2754,23
capt_simd,ur5,cage,38,0.06,1272,true,0.001084858,0.000785666,2754,23
primitive,ur5,cage,39,0.06,1125,true,0.001961867,0.00000022,8859,37
mvtable,ur5,cage,39,0.06,1125,true,0.002393407,0.000017853,6912,32
mvtable_mutable,ur5,cage,39,0.06,1125,true,0.002356618,0.000024496,6912,32
mvtable_cpp,ur5,cage,39,0.06,1125,true,0.003003924,0.000013746,6912,32
capt,ur5,cage,39,0.06,1125,true,0.003836398,0.000678736,6912,32
kiddo,ur5,cage,39,0.06,1125,true,0.007492959,0.000029666,6912,32
mvtable_simd,ur5,cage,39,0.06,1125,true,0.002246711,0.000022933,6912,32
mvtable_mutable_simd,ur5,cage,39,0.06,1125,true,0.002232325,0.000027411,6912,32
mvt_cpp_simd,ur5,cage,39,0.06,1125,true,0.002210594,0.00001625,6912,32
capt_simd,ur5,cage,39,0.06,1125,true,0.002931609,0.000725593,6912,32
primitive,ur5,cage,40,0.06,1269,true,0.000767492,0.000000552,7546,22
mvtable,ur5,cage,40,0.06,1269,true,0.00093134,0.000027391,7061,15
mvtable_mutable,ur5,cage,40,0.06,1269,true,0.000937211,0.000030998,7061,15
mvtable_cpp,ur5,cage,40,0.06,1269,true,0.001467878,0.000015338,7061,15
capt,ur5,cage,40,0.06,1269,true,0.001693582,0.000763414,7061,15
kiddo,ur5,cage,40,0.06,1269,true,0.002859573,0.000031689,7061,15
mvtable_simd,ur5,cage,40,0.06,1269,true,0.000883129,0.000023555,7061,15
mvtable_mutable_simd,ur5,cage,40,0.06,1269,true,0.000886075,0.000030558,7061,15
mvt_cpp_simd,ur5,cage,40,0.06,1269,true,0.00100572,0.000014176,7061,15
capt_simd,ur5,cage,40,0.06,1269,true,0.001227947,0.000786457,7061,15
primitive,ur5,cage,41,0.06,1125,true,0.000497244,0.000000321,3504,15
mvtable,ur5,cage,41,0.06,1125,true,0.002504306,0.000018214,8298,37
mvtable_mutable,ur5,cage,41,0.06,1125,true,0.002497542,0.000024907,8298,37
mvtable_cpp,ur5,cage,41,0.06,1125,true,0.003193641,0.000013496,8298,37
capt,ur5,cage,41,0.06,1125,true,0.004180225,0.000670149,8298,37
kiddo,ur5,cage,41,0.06,1125,true,0.007881569,0.000028945,8298,37
mvtable_simd,ur5,cage,41,0.06,1125,true,0.002410279,0.000018756,8298,37
mvtable_mutable_simd,ur5,cage,41,0.06,1125,true,0.002379031,0.000025087,8298,37
mvt_cpp_simd,ur5,cage,41,0.06,1125,true,0.002372328,0.000013305,8298,37
capt_simd,ur5,cage,41,0.06,1125,true,0.00319866,0.000698533,8298,37
primitive,ur5,cage,42,0.06,1113,true,0.000570301,0.000000261,4227,15
mvtable,ur5,cage,42,0.06,1113,true,0.001008675,0.000018906,4233,19
mvtable_mutable,ur5,cage,42,0.06,1113,true,0.001003775,0.000026249,4233,19
mvtable_cpp,ur5,cage,42,0.06,1113,true,0.001479049,0.000012964,4233,19
capt,ur5,cage,42,0.06,1113,true,0.00201184,0.00065446,4233,19
kiddo,ur5,cage,42,0.06,1113,true,0.003190726,0.000029745,4233,19
mvtable_simd,ur5,cage,42,0.06,1113,true,0.000934827,0.000021461,4233,19
mvtable_mutable_simd,ur5,cage,42,0.06,1113,true,0.000942,0.000026039,4233,19
mvt_cpp_simd,ur5,cage,42,0.06,1113,true,0.00100059,0.000012814,4233,19
capt_simd,ur5,cage,42,0.06,1113,true,0.001326513,0.000690778,4233,19
primitive,ur5,cage,43,0.06,1254,true,0.000752244,0.000000331,5769,16
mvtable,ur5,cage,43,0.06,1254,true,0.001144851,0.000021751,4482,21
mvtable_mutable,ur5,cage,43,0.06,1254,true,0.001118241,0.000029896,4482,21
mvtable_cpp,ur5,cage,43,0.06,1254,true,0.001597733,0.000016752,4482,21
capt,ur5,cage,43,0.06,1254,true,0.001981423,0.000734871,4482,21
kiddo,ur5,cage,43,0.06,1254,true,0.003639589,0.000031038,4482,21
mvtable_simd,ur5,cage,43,0.06,1254,true,0.00106467,0.000021921,4482,21
mvtable_mutable_simd,ur5,cage,43,0.06,1254,true,0.001079258,0.000029826,4482,21
mvt_cpp_simd,ur5,cage,43,0.06,1254,true,0.001164839,0.000015769,4482,21
capt_simd,ur5,cage,43,0.06,1254,true,0.001416041,0.000749167,4482,21
primitive,ur5,cage,44,0.06,1258,true,0.000395193,0.00000028,2754,18
mvtable,ur5,cage,44,0.06,1258,true,0.000537179,0.000022211,2493,13
mvtable_mutable,ur5,cage,44,0.06,1258,true,0.000530246,0.000029936,2493,13
mvtable_cpp,ur5,cage,44,0.06,1258,true,0.00080936,0.000013826,2493,13
capt,ur5,cage,44,0.06,1258,true,0.001039022,0.000726515,2493,13
kiddo,ur5,cage,44,0.06,1258,true,0.001937761,0.000030257,2493,13
mvtable_simd,ur5,cage,44,0.06,1258,true,0.000510389,0.000023193,2493,13
mvtable_mutable_simd,ur5,cage,44,0.06,1258,true,0.000511361,0.000029706,2493,13
mvt_cpp_simd,ur5,cage,44,0.06,1258,true,0.000567216,0.000014086,2493,13
capt_simd,ur5,cage,44,0.06,1258,true,0.00069706,0.000770809,2493,13
primitive,ur5,cage,45,0.06,1266,true,0.000434656,0.000000221,3303,17
mvtable,ur5,cage,45,0.06,1266,true,0.000748526,0.000022572,3249,17
mvtable_mutable,ur5,cage,45,0.06,1266,true,0.000743707,0.000030226,3249,17
mvtable_cpp,ur5,cage,45,0.06,1266,true,0.001211326,0.000017062,3249,17
capt,ur5,cage,45,0.06,1266,true,0.001403778,0.000752704,3249,17
kiddo,ur5,cage,45,0.06,1266,true,0.002586901,0.000032902,3249,17
mvtable_simd,ur5,cage,45,0.06,1266,true,0.000697821,0.000023985,3249,17
mvtable_mutable_simd,ur5,cage,45,0.06,1266,true,0.000714864,0.000031359,3249,17
mvt_cpp_simd,ur5,cage,45,0.06,1266,true,0.000817697,0.000016982,3249,17
capt_simd,ur5,cage,45,0.06,1266,true,0.000951418,0.000769415,3249,17
primitive,ur5,cage,46,0.06,1270,true,0.000638329,0.000000931,4494,15
mvtable,ur5,cage,46,0.06,1270,true,0.001088646,0.000023214,4509,18
mvtable_mutable,ur5,cage,46,0.06,1270,true,0.001073167,0.000040496,4509,18
mvtable_cpp,ur5,cage,46,0.06,1270,true,0.001711566,0.00001611,4509,18
capt,ur5,cage,46,0.06,1270,true,0.001944323,0.000748196,4509,18
kiddo,ur5,cage,46,0.06,1270,true,0.003582832,0.000030428,4509,18
mvtable_simd,ur5,cage,46,0.06,1270,true,0.00101124,0.00003209,4509,18
mvtable_mutable_simd,ur5,cage,46,0.06,1270,true,0.001023954,0.000040787,4509,18
mvt_cpp_simd,ur5,cage,46,0.06,1270,true,0.001132197,0.000016961,4509,18
capt_simd,ur5,cage,46,0.06,1270,true,0.001380284,0.000776499,4509,18
primitive,ur5,cage,47,0.06,1307,true,0.000734009,0.00000036,4509,22
mvtable,ur5,cage,47,0.06,1307,true,0.002367899,0.000026109,6714,31
mvtable_mutable,ur5,cage,47,0.06,1307,true,0.002360776,0.000032421,6714,31
mvtable_cpp,ur5,cage,47,0.06,1307,true,0.003487132,0.00001631,6714,31
capt,ur5,cage,47,0.06,1307,true,0.004046172,0.000774335,6714,31
kiddo,ur5,cage,47,0.06,1307,true,0.007049946,0.000030697,6714,31
mvtable_simd,ur5,cage,47,0.06,1307,true,0.002261039,0.00002625,6714,31
mvtable_mutable_simd,ur5,cage,47,0.06,1307,true,0.002280405,0.000032471,6714,31
mvt_cpp_simd,ur5,cage,47,0.06,1307,true,0.002429425,0.000016441,6714,31
capt_simd,ur5,cage,47,0.06,1307,true,0.002875994,0.000807648,6714,31
primitive,ur5,cage,48,0.06,1125,true,0.000151936,0.000000401,1361,9
mvtable,ur5,cage,48,0.06,1125,true,0.0002769,0.000018164,1364,11
mvtable_mutable,ur5,cage,48,0.06,1125,true,0.000259538,0.000024566,1364,11
mvtable_cpp,ur5,cage,48,0.06,1125,true,0.000423256,0.000012975,1364,11
capt,ur5,cage,48,0.06,1125,true,0.000484,0.000679206,1364,11
kiddo,ur5,cage,48,0.06,1125,true,0.001079818,0.000029906,1364,11
mvtable_simd,ur5,cage,48,0.06,1125,true,0.000251432,0.000018294,1364,11
mvtable_mutable_simd,ur5,cage,48,0.06,1125,true,0.000241764,0.000024566,1364,11
mvt_cpp_simd,ur5,cage,48,0.06,1125,true,0.000275949,0.000012613,1364,11
capt_simd,ur5,cage,48,0.06,1125,true,0.00035701,0.000684927,1364,11
primitive,ur5,cage,49,0.06,1258,true,0.0008887,0.00000017,4599,26
mvtable,ur5,cage,49,0.06,1258,true,0.001725512,0.000022041,4572,37
mvtable_mutable,ur5,cage,49,0.06,1258,true,0.001706557,0.000029696,4572,37
mvtable_cpp,ur5,cage,49,0.06,1258,true,0.002310792,0.000014708,4572,37
capt,ur5,cage,49,0.06,1258,true,0.003550341,0.000734149,4572,37
kiddo,ur5,cage,49,0.06,1258,true,0.006291361,0.00003157,4572,37
mvtable_simd,ur5,cage,49,0.06,1258,true,0.001595097,0.000022713,4572,37
mvtable_mutable_simd,ur5,cage,49,0.06,1258,true,0.001617339,0.000030177,4572,37
mvt_cpp_simd,ur5,cage,49,0.06,1258,true,0.001762882,0.000014206,4572,37
capt_simd,ur5,cage,49,0.06,1258,true,0.002258363,0.000770267,4572,37
primitive,ur5,cage,50,0.06,1248,true,0.000403479,0.0000002,2754,15
mvtable,ur5,cage,50,0.06,1248,true,0.000690979,0.000022171,2754,17
mvtable_mutable,ur5,cage,50,0.06,1248,true,0.000679507,0.000029295,2754,17
mvtable_cpp,ur5,cage,50,0.06,1248,true,0.001002884,0.000014307,2754,17
capt,ur5,cage,50,0.06,1248,true,0.001484139,0.000743678,2754,17
kiddo,ur5,cage,50,0.06,1248,true,0.00256018,0.000031729,2754,17
mvtable_simd,ur5,cage,50,0.06,1248,true,0.000679437,0.000023404,2754,17
mvtable_mutable_simd,ur5,cage,50,0.06,1248,true,0.000672283,0.00003736,2754,17
mvt_cpp_simd,ur5,cage,50,0.06,1248,true,0.000765419,0.000019647,2754,17
capt_simd,ur5,cage,50,0.06,1248,true,0.000961667,0.0007825,2754,17
primitive,ur5,table_pick,1,0.06,1710,true,0.000035236,0.000000311,1,5
mvtable,ur5,table_pick,1,0.06,1710,true,0.000030337,0.000032121,1,5
mvtable_mutable,ur5,table_pick,1,0.06,1710,true,0.000028734,0.000039835,1,5
mvtable_cpp,ur5,table_pick,1,0.06,1710,true,0.000032061,0.000020979,1,5
capt,ur5,table_pick,1,0.06,1710,true,0.000067978,0.001118782,1,5
kiddo,ur5,table_pick,1,0.06,1710,true,0.000267513,0.000040666,1,5
mvtable_simd,ur5,table_pick,1,0.06,1710,true,0.000022142,0.000031369,1,5
mvtable_mutable_simd,ur5,table_pick,1,0.06,1710,true,0.0000215,0.000038713,1,5
mvt_cpp_simd,ur5,table_pick,1,0.06,1710,true,0.000024336,0.000017413,1,5
capt_simd,ur5,table_pick,1,0.06,1710,true,0.000057448,0.001172493,1,5
primitive,ur5,table_pick,2,0.06,1713,true,0.000028634,0.00000021,1,5
mvtable,ur5,table_pick,2,0.06,1713,true,0.000024596,0.000032341,1,5
mvtable_mutable,ur5,table_pick,2,0.06,1713,true,0.000023715,0.000039093,1,5
mvtable_cpp,ur5,table_pick,2,0.06,1713,true,0.000029114,0.000018264,1,5
capt,ur5,table_pick,2,0.06,1713,true,0.000064492,0.001111318,1,5
kiddo,ur5,table_pick,2,0.06,1713,true,0.000250831,0.000038392,1,5
mvtable_simd,ur5,table_pick,2,0.06,1713,true,0.000017002,0.00003207,1,5
mvtable_mutable_simd,ur5,table_pick,2,0.06,1713,true,0.00001619,0.000038903,1,5
mvt_cpp_simd,ur5,table_pick,2,0.06,1713,true,0.000021431,0.000018195,1,5
capt_simd,ur5,table_pick,2,0.06,1713,true,0.000053431,0.001164729,1,5
primitive,ur5,table_pick,3,0.06,1708,true,0.000028443,0.000000341,1,5
mvtable,ur5,table_pick,3,0.06,1708,true,0.000025307,0.000031469,1,5
mvtable_mutable,ur5,table_pick,3,0.06,1708,true,0.000024096,0.000039484,1,5
mvtable_cpp,ur5,table_pick,3,0.06,1708,true,0.000029736,0.000017593,1,5
capt,ur5,table_pick,3,0.06,1708,true,0.000103725,0.001365566,1,5
kiddo,ur5,table_pick,3,0.06,1708,true,0.000354616,0.000055494,1,5
mvtable_simd,ur5,table_pick,3,0.06,1708,true,0.000024837,0.000038533,1,5
mvtable_mutable_simd,ur5,table_pick,3,0.06,1708,true,0.000025007,0.000050325,1,5
mvt_cpp_simd,ur5,table_pick,3,0.06,1708,true,0.000030968,0.000024917,1,5
capt_simd,ur5,table_pick,3,0.06,1708,true,0.000055384,0.001375885,1,5
primitive,ur5,table_pick,4,0.06,1711,true,0.000024926,0.000000271,1,4
mvtable,ur5,table_pick,4,0.06,1711,true,0.00002139,0.000032491,1,4
mvtable_mutable,ur5,table_pick,4,0.06,1711,true,0.000020859,0.000040256,1,4
mvtable_cpp,ur5,table_pick,4,0.06,1711,true,0.000025318,0.000018455,1,4
capt,ur5,table_pick,4,0.06,1711,true,0.000056866,0.001125525,1,4
kiddo,ur5,table_pick,4,0.06,1711,true,0.000210957,0.000037811,1,4
mvtable_simd,ur5,table_pick,4,0.06,1711,true,0.000014608,0.000033823,1,4
mvtable_mutable_simd,ur5,table_pick,4,0.06,1711,true,0.000014637,0.000039244,1,4
mvt_cpp_simd,ur5,table_pick,4,0.06,1711,true,0.000018815,0.000018114,1,4
capt_simd,ur5,table_pick,4,0.06,1711,true,0.000043401,0.001146474,1,4
primitive,ur5,table_pick,6,0.06,1713,true,0.000021931,0.000000201,1,3
mvtable,ur5,table_pick,6,0.06,1713,true,0.000019016,0.000032471,1,3
mvtable_mutable,ur5,table_pick,6,0.06,1713,true,0.000018225,0.000039605,1,3
mvtable_cpp,ur5,table_pick,6,0.06,1713,true,0.00003212,0.000018155,1,3
capt,ur5,table_pick,6,0.06,1713,true,0.000048901,0.001140733,1,3
kiddo,ur5,table_pick,6,0.06,1713,true,0.000174728,0.000036799,1,3
mvtable_simd,ur5,table_pick,6,0.06,1713,true,0.000013956,0.00003188,1,3
mvtable_mutable_simd,ur5,table_pick,6,0.06,1713,true,0.000012944,0.000039214,1,3
mvt_cpp_simd,ur5,table_pick,6,0.06,1713,true,0.000016982,0.000017834,1,3
capt_simd,ur5,table_pick,6,0.06,1713,true,0.000041869,0.001180598,1,3
primitive,ur5,table_pick,7,0.06,1711,true,0.000016481,0.00000026,1,2
mvtable,ur5,table_pick,7,0.06,1711,true,0.000015799,0.000032521,1,2
mvtable_mutable,ur5,table_pick,7,0.06,1711,true,0.000015189,0.000039835,1,2
mvtable_cpp,ur5,table_pick,7,0.06,1711,true,0.000020538,0.000018345,1,2
capt,ur5,table_pick,7,0.06,1711,true,0.000035226,0.001133279,1,2
kiddo,ur5,table_pick,7,0.06,1711,true,0.000131427,0.000037921,1,2
mvtable_simd,ur5,table_pick,7,0.06,1711,true,0.000011621,0.00003197,1,2
mvtable_mutable_simd,ur5,table_pick,7,0.06,1711,true,0.000011782,0.000039294,1,2
mvt_cpp_simd,ur5,table_pick,7,0.06,1711,true,0.000014557,0.000017923,1,2
capt_simd,ur5,table_pick,7,0.06,1711,true,0.000029616,0.001132438,1,2
primitive,ur5,table_pick,8,0.06,1712,true,0.00001593,0.00000022,1,2
mvtable,ur5,table_pick,8,0.06,1712,true,0.000015018,0.00003159,1,2
mvtable_mutable,ur5,table_pick,8,0.06,1712,true,0.000014498,0.000039564,1,2
mvtable_cpp,ur5,table_pick,8,0.06,1712,true,0.000023084,0.000017383,1,2
capt,ur5,table_pick,8,0.06,1712,true,0.000034695,0.00110677,1,2
kiddo,ur5,table_pick,8,0.06,1712,true,0.000138941,0.000036038,1,2
mvtable_simd,ur5,table_pick,8,0.06,1712,true,0.00001078,0.000031339,1,2
mvtable_mutable_simd,ur5,table_pick,8,0.06,1712,true,0.00001044,0.000039003,1,2
mvt_cpp_simd,ur5,table_pick,8,0.06,1712,true,0.000012854,0.000017393,1,2
capt_simd,ur5,table_pick,8,0.06,1712,true,0.000029305,0.00113366,1,2
primitive,ur5,table_pick,9,0.06,1707,true,0.000028934,0.00000022,1,5
mvtable,ur5,table_pick,9,0.06,1707,true,0.000025077,0.00003182,1,5
mvtable_mutable,ur5,table_pick,9,0.06,1707,true,0.000024356,0.000039444,1,5
mvtable_cpp,ur5,table_pick,9,0.06,1707,true,0.000028123,0.000017973,1,5
capt,ur5,table_pick,9,0.06,1707,true,0.000065142,0.00111272,1,5
kiddo,ur5,table_pick,9,0.06,1707,true,0.000264707,0.000037861,1,5
mvtable_simd,ur5,table_pick,9,0.06,1707,true,0.000016751,0.000031709,1,5
mvtable_mutable_simd,ur5,table_pick,9,0.06,1707,true,0.000016591,0.000039313,1,5
mvt_cpp_simd,ur5,table_pick,9,0.06,1707,true,0.000020128,0.000017724,1,5
capt_simd,ur5,table_pick,9,0.06,1707,true,0.000054022,0.001129953,1,5
primitive,ur5,table_pick,10,0.06,1712,true,0.000022823,0.000000201,1,4
mvtable,ur5,table_pick,10,0.06,1712,true,0.000019597,0.00003197,1,4
mvtable_mutable,ur5,table_pick,10,0.06,1712,true,0.000019116,0.000039745,1,4
mvtable_cpp,ur5,table_pick,10,0.06,1712,true,0.000023194,0.000017924,1,4
capt,ur5,table_pick,10,0.06,1712,true,0.000050575,0.001111759,1,4
kiddo,ur5,table_pick,10,0.06,1712,true,0.000190197,0.000041708,1,4
mvtable_simd,ur5,table_pick,10,0.06,1712,true,0.000014137,0.00003176,1,4
mvtable_mutable_simd,ur5,table_pick,10,0.06,1712,true,0.000016802,0.000046838,1,4
mvt_cpp_simd,ur5,table_pick,10,0.06,1712,true,0.000017714,0.000017683,1,4
capt_simd,ur5,table_pick,10,0.06,1712,true,0.00004261,0.001143368,1,4
primitive,ur5,table_pick,11,0.06,1708,true,0.000020799,0.000000351,1,3
mvtable,ur5,table_pick,11,0.06,1708,true,0.000018324,0.000031759,1,3
mvtable_mutable,ur5,table_pick,11,0.06,1708,true,0.000017593,0.000039845,1,3
mvtable_cpp,ur5,table_pick,11,0.06,1708,true,0.000020579,0.000017734,1,3
capt,ur5,table_pick,11,0.06,1708,true,0.000046307,0.001127548,1,3
kiddo,ur5,table_pick,11,0.06,1708,true,0.000183034,0.000039104,1,3
mvtable_simd,ur5,table_pick,11,0.06,1708,true,0.000012464,0.000032021,1,3
mvtable_mutable_simd,ur5,table_pick,11,0.06,1708,true,0.000012233,0.000038833,1,3
mvt_cpp_simd,ur5,table_pick,11,0.06,1708,true,0.000025718,0.000018325,1,3
capt_simd,ur5,table_pick,11,0.06,1708,true,0.000038261,0.001157726,1,3
primitive,ur5,table_pick,12,0.06,1714,true,0.000025367,0.000000211,1,4
mvtable,ur5,table_pick,12,0.06,1714,true,0.000026369,0.000032602,1,4
mvtable_mutable,ur5,table_pick,12,0.06,1714,true,0.000025869,0.000039634,1,4
mvtable_cpp,ur5,table_pick,12,0.06,1714,true,0.000038302,0.000017864,1,4
capt,ur5,table_pick,12,0.06,1714,true,0.000066485,0.001125155,1,4
kiddo,ur5,table_pick,12,0.06,1714,true,0.000210336,0.00003715,1,4
mvtable_simd,ur5,table_pick,12,0.06,1714,true,0.000019046,0.00003176,1,4
mvtable_mutable_simd,ur5,table_pick,12,0.06,1714,true,0.000018966,0.000039304,1,4
mvt_cpp_simd,ur5,table_pick,12,0.06,1714,true,0.000027812,0.000018214,1,4
capt_simd,ur5,table_pick,12,0.06,1714,true,0.000050525,0.001141746,1,4
primitive,ur5,table_pick,13,0.06,1712,true,0.000028864,0.00000022,1,5
mvtable,ur5,table_pick,13,0.06,1712,true,0.000024867,0.00003197,1,5
mvtable_mutable,ur5,table_pick,13,0.06,1712,true,0.000023985,0.000039083,1,5
mvtable_cpp,ur5,table_pick,13,0.06,1712,true,0.000028614,0.000017553,1,5
capt,ur5,table_pick,13,0.06,1712,true,0.000066004,0.001172964,1,5
kiddo,ur5,table_pick,13,0.06,1712,true,0.000251612,0.000038392,1,5
mvtable_simd,ur5,table_pick,13,0.06,1712,true,0.000026019,0.000032221,1,5
mvtable_mutable_simd,ur5,table_pick,13,0.06,1712,true,0.000017132,0.000043011,1,5
mvt_cpp_simd,ur5,table_pick,13,0.06,1712,true,0.000021741,0.000018305,1,5
capt_simd,ur5,table_pick,13,0.06,1712,true,0.000054903,0.001152346,1,5
primitive,ur5,table_pick,14,0.06,1712,true,0.000027552,0.000000221,1,4
mvtable,ur5,table_pick,14,0.06,1712,true,0.000024646,0.00003171,1,4
mvtable_mutable,ur5,table_pick,14,0.06,1712,true,0.000039364,0.000051947,1,4
mvtable_cpp,ur5,table_pick,14,0.06,1712,true,0.000031479,0.000017984,1,4
capt,ur5,table_pick,14,0.06,1712,true,0.000065022,0.00111213,1,4
kiddo,ur5,table_pick,14,0.06,1712,true,0.000241775,0.000039224,1,4
mvtable_simd,ur5,table_pick,14,0.06,1712,true,0.000019066,0.00003181,1,4
mvtable_mutable_simd,ur5,table_pick,14,0.06,1712,true,0.000017473,0.000039444,1,4
mvt_cpp_simd,ur5,table_pick,14,0.06,1712,true,0.00002141,0.000017814,1,4
capt_simd,ur5,table_pick,14,0.06,1712,true,0.000052309,0.0011493,1,4
primitive,ur5,table_pick,15,0.06,1717,true,0.000022883,0.000000451,1,3
mvtable,ur5,table_pick,15,0.06,1717,true,0.00002118,0.00003172,1,3
mvtable_mutable,ur5,table_pick,15,0.06,1717,true,0.000020318,0.000039324,1,3
mvtable_cpp,ur5,table_pick,15,0.06,1717,true,0.000024115,0.000018354,1,3
capt,ur5,table_pick,15,0.06,1717,true,0.000046607,0.001127539,1,3
kiddo,ur5,table_pick,15,0.06,1717,true,0.000207079,0.000038613,1,3
mvtable_simd,ur5,table_pick,15,0.06,1717,true,0.000014637,0.000031749,1,3
mvtable_mutable_simd,ur5,table_pick,15,0.06,1717,true,0.000013154,0.000039244,1,3
mvt_cpp_simd,ur5,table_pick,15,0.06,1717,true,0.000017032,0.000017973,1,3
capt_simd,ur5,table_pick,15,0.06,1717,true,0.000038011,0.001152495,1,3
primitive,ur5,table_pick,16,0.06,1712,true,0.00001628,0.000000231,1,2
mvtable,ur5,table_pick,16,0.06,1712,true,0.000016271,0.000032341,1,2
mvtable_mutable,ur5,table_pick,16,0.06,1712,true,0.00001612,0.000039434,1,2
mvtable_cpp,ur5,table_pick,16,0.06,1712,true,0.00002156,0.000017703,1,2
capt,ur5,table_pick,16,0.06,1712,true,0.000035858,0.001126877,1,2
kiddo,ur5,table_pick,16,0.06,1712,true,0.000137779,0.000036608,1,2
mvtable_simd,ur5,table_pick,16,0.06,1712,true,0.000011371,0.000032201,1,2
mvtable_mutable_simd,ur5,table_pick,16,0.06,1712,true,0.000017944,0.000040436,1,2
mvt_cpp_simd,ur5,table_pick,16,0.06,1712,true,0.000015018,0.000022102,1,2
capt_simd,ur5,table_pick,16,0.06,1712,true,0.000030207,0.001146634,1,2
primitive,ur5,table_pick,17,0.06,1712,true,0.000028434,0.00000023,1,5
mvtable,ur5,table_pick,17,0.06,1712,true,0.000024566,0.000031299,1,5
mvtable_mutable,ur5,table_pick,17,0.06,1712,true,0.000023824,0.000039014,1,5
mvtable_cpp,ur5,table_pick,17,0.06,1712,true,0.000028093,0.000017653,1,5
capt,ur5,table_pick,17,0.06,1712,true,0.00006351,0.001121928,1,5
kiddo,ur5,table_pick,17,0.06,1712,true,0.000250681,0.000040636,1,5
mvtable_simd,ur5,table_pick,17,0.06,1712,true,0.000016701,0.000030848,1,5
mvtable_mutable_simd,ur5,table_pick,17,0.06,1712,true,0.000027471,0.000040236,1,5
mvt_cpp_simd,ur5,table_pick,17,0.06,1712,true,0.000020168,0.000018094,1,5
capt_simd,ur5,table_pick,17,0.06,1712,true,0.000053661,0.001148108,1,5
primitive,ur5,table_pick,18,0.06,1709,true,0.000028734,0.00000023,1,5
mvtable,ur5,table_pick,18,0.06,1709,true,0.000024847,0.000031439,1,5
mvtable_mutable,ur5,table_pick,18,0.06,1709,true,0.000023965,0.000039514,1,5
mvtable_cpp,ur5,table_pick,18,0.06,1709,true,0.000028994,0.000017523,1,5
capt,ur5,table_pick,18,0.06,1709,true,0.00007448,0.00112266,1,5
kiddo,ur5,table_pick,18,0.06,1709,true,0.000247465,0.000036499,1,5
mvtable_simd,ur5,table_pick,18,0.06,1709,true,0.000022793,0.000031389,1,5
mvtable_mutable_simd,ur5,table_pick,18,0.06,1709,true,0.000016511,0.00004251,1,5
mvt_cpp_simd,ur5,table_pick,18,0.06,1709,true,0.000021571,0.000017583,1,5
capt_simd,ur5,table_pick,18,0.06,1709,true,0.000056867,0.001150091,1,5
primitive,ur5,table_pick,19,0.06,1715,true,0.000028394,0.0000003,1,5
mvtable,ur5,table_pick,19,0.06,1715,true,0.000024626,0.00003209,1,5
mvtable_mutable,ur5,table_pick,19,0.06,1715,true,0.000023764,0.000039815,1,5
mvtable_cpp,ur5,table_pick,19,0.06,1715,true,0.000027342,0.000017653,1,5
capt,ur5,table_pick,19,0.06,1715,true,0.00006361,0.001116878,1,5
kiddo,ur5,table_pick,19,0.06,1715,true,0.000243127,0.000039023,1,5
mvtable_simd,ur5,table_pick,19,0.06,1715,true,0.000023163,0.000040527,1,5
mvtable_mutable_simd,ur5,table_pick,19,0.06,1715,true,0.00001626,0.000039564,1,5
mvt_cpp_simd,ur5,table_pick,19,0.06,1715,true,0.000020458,0.000017844,1,5
capt_simd,ur5,table_pick,19,0.06,1715,true,0.000053861,0.001139591,1,5
primitive,ur5,table_pick,21,0.06,1713,true,0.000024015,0.00000017,1,4
mvtable,ur5,table_pick,21,0.06,1713,true,0.000022533,0.000035567,1,4
mvtable_mutable,ur5,table_pick,21,0.06,1713,true,0.00002175,0.000039043,1,4
mvtable_cpp,ur5,table_pick,21,0.06,1713,true,0.000028003,0.000017693,1,4
capt,ur5,table_pick,21,0.06,1713,true,0.0000533,0.001142888,1,4
kiddo,ur5,table_pick,21,0.06,1713,true,0.000192041,0.000038813,1,4
mvtable_simd,ur5,table_pick,21,0.06,1713,true,0.000016972,0.000031308,1,4
mvtable_mutable_simd,ur5,table_pick,21,0.06,1713,true,0.000017333,0.000038603,1,4
mvt_cpp_simd,ur5,table_pick,21,0.06,1713,true,0.000020849,0.000017733,1,4
capt_simd,ur5,table_pick,21,0.06,1713,true,0.000044213,0.001146825,1,4
mvtable,ur5,table_pick,22,0.06,1713,true,0.000133601,0.000031649,1009,4
mvtable_mutable,ur5,table_pick,22,0.06,1713,true,0.000142137,0.000038753,1009,4
mvtable_cpp,ur5,table_pick,22,0.06,1713,true,0.000134483,0.000017784,1009,4
capt,ur5,table_pick,22,0.06,1713,true,0.000219873,0.001126407,1009,4
kiddo,ur5,table_pick,22,0.06,1713,true,0.000493287,0.000038112,1009,4
mvtable_simd,ur5,table_pick,22,0.06,1713,true,0.000119394,0.000031439,1009,4
mvtable_mutable_simd,ur5,table_pick,22,0.06,1713,true,0.000117952,0.000038693,1009,4
mvt_cpp_simd,ur5,table_pick,22,0.06,1713,true,0.000118503,0.000017703,1009,4
capt_simd,ur5,table_pick,22,0.06,1713,true,0.000177413,0.001151173,1009,4
primitive,ur5,table_pick,23,0.06,1713,true,0.000027953,0.0000002,1,4
mvtable,ur5,table_pick,23,0.06,1713,true,0.000038482,0.00003192,1,4
mvtable_mutable,ur5,table_pick,23,0.06,1713,true,0.000023344,0.000040446,1,4
mvtable_cpp,ur5,table_pick,23,0.06,1713,true,0.000027752,0.000017413,1,4
capt,ur5,table_pick,23,0.06,1713,true,0.000061446,0.001113251,1,4
kiddo,ur5,table_pick,23,0.06,1713,true,0.000256923,0.000039164,1,4
mvtable_simd,ur5,table_pick,23,0.06,1713,true,0.000016801,0.000031659,1,4
mvtable_mutable_simd,ur5,table_pick,23,0.06,1713,true,0.000016101,0.000038863,1,4
mvt_cpp_simd,ur5,table_pick,23,0.06,1713,true,0.000020569,0.000017513,1,4
capt_simd,ur5,table_pick,23,0.06,1713,true,0.000062257,0.001139561,1,4
primitive,ur5,table_pick,25,0.06,1712,true,0.000014216,0.00000018,1,2
mvtable,ur5,table_pick,25,0.06,1712,true,0.000013846,0.00003172,1,2
mvtable_mutable,ur5,table_pick,25,0.06,1712,true,0.000013866,0.000039645,1,2
mvtable_cpp,ur5,table_pick,25,0.06,1712,true,0.000017803,0.000017603,1,2
capt,ur5,table_pick,25,0.06,1712,true,0.000031169,0.00111748,1,2
kiddo,ur5,table_pick,25,0.06,1712,true,0.000116889,0.000036338,1,2
mvtable_simd,ur5,table_pick,25,0.06,1712,true,0.000013425,0.000032081,1,2
mvtable_mutable_simd,ur5,table_pick,25,0.06,1712,true,0.000010109,0.000040627,1,2
mvt_cpp_simd,ur5,table_pick,25,0.06,1712,true,0.000012103,0.000017402,1,2
capt_simd,ur5,table_pick,25,0.06,1712,true,0.00002652,0.001138489,1,2
primitive,ur5,table_pick,26,0.06,1712,true,0.000029075,0.000000221,1,5
mvtable,ur5,table_pick,26,0.06,1712,true,0.000024927,0.000032271,1,5
mvtable_mutable,ur5,table_pick,26,0.06,1712,true,0.000024125,0.000039855,1,5
mvtable_cpp,ur5,table_pick,26,0.06,1712,true,0.000029145,0.000017503,1,5
capt,ur5,table_pick,26,0.06,1712,true,0.000065082,0.00112307,1,5
kiddo,ur5,table_pick,26,0.06,1712,true,0.000246533,0.000036699,1,5
mvtable_simd,ur5,table_pick,26,0.06,1712,true,0.000023074,0.000032181,1,5
mvtable_mutable_simd,ur5,table_pick,26,0.06,1712,true,0.000016421,0.000043522,1,5
mvt_cpp_simd,ur5,table_pick,26,0.06,1712,true,0.000020589,0.000018084,1,5
capt_simd,ur5,table_pick,26,0.06,1712,true,0.000054933,0.00114436,1,5
mvtable,ur5,table_pick,27,0.06,1713,true,0.000035927,0.00003184,114,4
mvtable_mutable,ur5,table_pick,27,0.06,1713,true,0.000034766,0.000039354,114,4
mvtable_cpp,ur5,table_pick,27,0.06,1713,true,0.000041878,0.000017633,114,4
capt,ur5,table_pick,27,0.06,1713,true,0.000077044,0.001131336,114,4
kiddo,ur5,table_pick,27,0.06,1713,true,0.000241504,0.000038031,114,4
mvtable_simd,ur5,table_pick,27,0.06,1713,true,0.000027642,0.000032291,114,4
mvtable_mutable_simd,ur5,table_pick,27,0.06,1713,true,0.000027491,0.000039204,114,4
mvt_cpp_simd,ur5,table_pick,27,0.06,1713,true,0.00003223,0.000017673,114,4
capt_simd,ur5,table_pick,27,0.06,1713,true,0.000061876,0.001150893,114,4
primitive,ur5,table_pick,28,0.06,1709,true,0.000016341,0.0000003,1,2
mvtable,ur5,table_pick,28,0.06,1709,true,0.00001571,0.00003219,1,2
mvtable_mutable,ur5,table_pick,28,0.06,1709,true,0.000015118,0.000039845,1,2
mvtable_cpp,ur5,table_pick,28,0.06,1709,true,0.000019737,0.000017653,1,2
capt,ur5,table_pick,28,0.06,1709,true,0.000035506,0.001111579,1,2
kiddo,ur5,table_pick,28,0.06,1709,true,0.000140013,0.000039263,1,2
mvtable_simd,ur5,table_pick,28,0.06,1709,true,0.00001085,0.00003227,1,2
mvtable_mutable_simd,ur5,table_pick,28,0.06,1709,true,0.000014968,0.000047409,1,2
mvt_cpp_simd,ur5,table_pick,28,0.06,1709,true,0.000014427,0.000020369,1,2
capt_simd,ur5,table_pick,28,0.06,1709,true,0.000029917,0.001137196,1,2
primitive,ur5,table_pick,29,0.06,1712,true,0.000030067,0.000000341,1,5
mvtable,ur5,table_pick,29,0.06,1712,true,0.00002646,0.000032261,1,5
mvtable_mutable,ur5,table_pick,29,0.06,1712,true,0.000025418,0.000043532,1,5
mvtable_cpp,ur5,table_pick,29,0.06,1712,true,0.000030668,0.000017703,1,5
capt,ur5,table_pick,29,0.06,1712,true,0.000066074,0.001121938,1,5
kiddo,ur5,table_pick,29,0.06,1712,true,0.000279916,0.00003729,1,5
mvtable_simd,ur5,table_pick,29,0.06,1712,true,0.000017793,0.000036719,1,5
mvtable_mutable_simd,ur5,table_pick,29,0.06,1712,true,0.000017643,0.000039525,1,5
mvt_cpp_simd,ur5,table_pick,29,0.06,1712,true,0.000022462,0.000017573,1,5
capt_simd,ur5,table_pick,29,0.06,1712,true,0.000055784,0.001145382,1,5
primitive,ur5,table_pick,30,0.06,1707,true,0.000020809,0.00000023,1,3
mvtable,ur5,table_pick,30,0.06,1707,true,0.000018064,0.00003155,1,3
mvtable_mutable,ur5,table_pick,30,0.06,1707,true,0.000017593,0.000038934,1,3
mvtable_cpp,ur5,table_pick,30,0.06,1707,true,0.000020608,0.000017483,1,3
capt,ur5,table_pick,30,0.06,1707,true,0.000046517,0.00111231,1,3
kiddo,ur5,table_pick,30,0.06,1707,true,0.000177744,0.000036228,1,3
mvtable_simd,ur5,table_pick,30,0.06,1707,true,0.000012193,0.000035456,1,3
mvtable_mutable_simd,ur5,table_pick,30,0.06,1707,true,0.000013084,0.000038682,1,3
mvt_cpp_simd,ur5,table_pick,30,0.06,1707,true,0.000014908,0.000017553,1,3
capt_simd,ur5,table_pick,30,0.06,1707,true,0.000038432,0.001132628,1,3
primitive,ur5,table_pick,31,0.06,1713,true,0.000028543,0.0000002,1,5
mvtable,ur5,table_pick,31,0.06,1713,true,0.000024977,0.00003189,1,5
mvtable_mutable,ur5,table_pick,31,0.06,1713,true,0.000024286,0.000039765,1,5
mvtable_cpp,ur5,table_pick,31,0.06,1713,true,0.000029545,0.000017353,1,5
capt,ur5,table_pick,31,0.06,1713,true,0.000064882,0.001131436,1,5
kiddo,ur5,table_pick,31,0.06,1713,true,0.000243959,0.00003746,1,5
mvtable_simd,ur5,table_pick,31,0.06,1713,true,0.000016641,0.000036258,1,5
mvtable_mutable_simd,ur5,table_pick,31,0.06,1713,true,0.000017683,0.000039645,1,5
mvt_cpp_simd,ur5,table_pick,31,0.06,1713,true,0.000021851,0.000023354,1,5
capt_simd,ur5,table_pick,31,0.06,1713,true,0.000055104,0.001153869,1,5
mvtable,ur5,table_pick,32,0.06,1714,true,0.000142057,0.0000317,1225,5
mvtable_mutable,ur5,table_pick,32,0.06,1714,true,0.000135134,0.000039885,1225,5
mvtable_cpp,ur5,table_pick,32,0.06,1714,true,0.000154009,0.000018935,1225,5
capt,ur5,table_pick,32,0.06,1714,true,0.000263635,0.001100728,1225,5
kiddo,ur5,table_pick,32,0.06,1714,true,0.000792409,0.00003691,1225,5
mvtable_simd,ur5,table_pick,32,0.06,1714,true,0.00011699,0.000036338,1225,5
mvtable_mutable_simd,ur5,table_pick,32,0.06,1714,true,0.000114986,0.000039625,1225,5
mvt_cpp_simd,ur5,table_pick,32,0.06,1714,true,0.000124264,0.000018745,1225,5
capt_simd,ur5,table_pick,32,0.06,1714,true,0.000217378,0.001128481,1225,5
primitive,ur5,table_pick,33,0.06,1715,true,0.000021591,0.00000019,1,3
mvtable,ur5,table_pick,33,0.06,1715,true,0.000017964,0.000031981,1,3
mvtable_mutable,ur5,table_pick,33,0.06,1715,true,0.000017713,0.000039564,1,3
mvtable_cpp,ur5,table_pick,33,0.06,1715,true,0.000020629,0.000018474,1,3
capt,ur5,table_pick,33,0.06,1715,true,0.000046588,0.001134702,1,3
kiddo,ur5,table_pick,33,0.06,1715,true,0.000176011,0.00003722,1,3
mvtable_simd,ur5,table_pick,33,0.06,1715,true,0.000012293,0.000031799,1,3
mvtable_mutable_simd,ur5,table_pick,33,0.06,1715,true,0.000012443,0.000039234,1,3
mvt_cpp_simd,ur5,table_pick,33,0.06,1715,true,0.000015038,0.000018795,1,3
capt_simd,ur5,table_pick,33,0.06,1715,true,0.000038653,0.001147205,1,3
primitive,ur5,table_pick,34,0.06,1709,true,0.000019356,0.00000019,1,3
mvtable,ur5,table_pick,34,0.06,1709,true,0.000016701,0.000031769,1,3
mvtable_mutable,ur5,table_pick,34,0.06,1709,true,0.000016391,0.000039445,1,3
mvtable_cpp,ur5,table_pick,34,0.06,1709,true,0.000019487,0.000018635,1,3
capt,ur5,table_pick,34,0.06,1709,true,0.000042139,0.001117389,1,3
kiddo,ur5,table_pick,34,0.06,1709,true,0.000174989,0.000040486,1,3
mvtable_simd,ur5,table_pick,34,0.06,1709,true,0.000011532,0.00003174,1,3
mvtable_mutable_simd,ur5,table_pick,34,0.06,1709,true,0.000011352,0.000039234,1,3
mvt_cpp_simd,ur5,table_pick,34,0.06,1709,true,0.000014457,0.000024446,1,3
capt_simd,ur5,table_pick,34,0.06,1709,true,0.000035186,0.001141955,1,3
primitive,ur5,table_pick,35,0.06,1710,true,0.000029225,0.00000019,1,5
mvtable,ur5,table_pick,35,0.06,1710,true,0.000025178,0.000032141,1,5
mvtable_mutable,ur5,table_pick,35,0.06,1710,true,0.000024416,0.000039765,1,5
mvtable_cpp,ur5,table_pick,35,0.06,1710,true,0.000028343,0.000018574,1,5
capt,ur5,table_pick,35,0.06,1710,true,0.000065333,0.001135203,1,5
kiddo,ur5,table_pick,35,0.06,1710,true,0.00027695,0.00003689,1,5
mvtable_simd,ur5,table_pick,35,0.06,1710,true,0.000017332,0.000032651,1,5
mvtable_mutable_simd,ur5,table_pick,35,0.06,1710,true,0.000017122,0.000039784,1,5
mvt_cpp_simd,ur5,table_pick,35,0.06,1710,true,0.000020528,0.000018715,1,5
capt_simd,ur5,table_pick,35,0.06,1710,true,0.000055254,0.001142947,1,5
primitive,ur5,table_pick,36,0.06,1711,true,0.000028544,0.000000411,1,5
mvtable,ur5,table_pick,36,0.06,1711,true,0.000025498,0.000032231,1,5
mvtable_mutable,ur5,table_pick,36,0.06,1711,true,0.000024967,0.000039414,1,5
mvtable_cpp,ur5,table_pick,36,0.06,1711,true,0.000028684,0.000018755,1,5
capt,ur5,table_pick,36,0.06,1711,true,0.000067015,0.001105928,1,5
kiddo,ur5,table_pick,36,0.06,1711,true,0.000249519,0.000038241,1,5
mvtable_simd,ur5,table_pick,36,0.06,1711,true,0.00001615,0.00003216,1,5
mvtable_mutable_simd,ur5,table_pick,36,0.06,1711,true,0.000016151,0.000039344,1,5
mvt_cpp_simd,ur5,table_pick,36,0.06,1711,true,0.000019547,0.000018735,1,5
capt_simd,ur5,table_pick,36,0.06,1711,true,0.000053621,0.001141996,1,5
primitive,ur5,table_pick,37,0.06,1712,true,0.000029535,0.00000022,1,5
mvtable,ur5,table_pick,37,0.06,1712,true,0.000025659,0.00003185,1,5
mvtable_mutable,ur5,table_pick,37,0.06,1712,true,0.000025027,0.000039545,1,5
mvtable_cpp,ur5,table_pick,37,0.06,1712,true,0.000029605,0.000018755,1,5
capt,ur5,table_pick,37,0.06,1712,true,0.000069962,0.001124763,1,5
kiddo,ur5,table_pick,37,0.06,1712,true,0.000289634,0.000045967,1,5
mvtable_simd,ur5,table_pick,37,0.06,1712,true,0.000017353,0.000031048,1,5
mvtable_mutable_simd,ur5,table_pick,37,0.06,1712,true,0.000017373,0.000039374,1,5
mvt_cpp_simd,ur5,table_pick,37,0.06,1712,true,0.000022011,0.000018966,1,5
capt_simd,ur5,table_pick,37,0.06,1712,true,0.000054903,0.001145553,1,5
mvtable,ur5,table_pick,38,0.06,1710,true,0.00003735,0.000031619,28,6
mvtable_mutable,ur5,table_pick,38,0.06,1710,true,0.000036298,0.000039534,28,6
mvtable_cpp,ur5,table_pick,38,0.06,1710,true,0.000050034,0.000018846,28,6
capt,ur5,table_pick,38,0.06,1710,true,0.000110227,0.001125345,28,6
kiddo,ur5,table_pick,38,0.06,1710,true,0.000315684,0.000034876,28,6
mvtable_simd,ur5,table_pick,38,0.06,1710,true,0.000027963,0.000031389,28,6
mvtable_mutable_simd,ur5,table_pick,38,0.06,1710,true,0.000028313,0.000038903,28,6
mvt_cpp_simd,ur5,table_pick,38,0.06,1710,true,0.000031859,0.000018515,28,6
capt_simd,ur5,table_pick,38,0.06,1710,true,0.000082414,0.001163636,28,6
primitive,ur5,table_pick,39,0.06,1710,true,0.000029816,0.00000021,1,5
mvtable,ur5,table_pick,39,0.06,1710,true,0.000025528,0.000032972,1,5
mvtable_mutable,ur5,table_pick,39,0.06,1710,true,0.000028103,0.000048781,1,5
mvtable_cpp,ur5,table_pick,39,0.06,1710,true,0.000030687,0.000018795,1,5
capt,ur5,table_pick,39,0.06,1710,true,0.00006949,0.001109745,1,5
kiddo,ur5,table_pick,39,0.06,1710,true,0.000242706,0.000036819,1,5
mvtable_simd,ur5,table_pick,39,0.06,1710,true,0.000020158,0.000032742,1,5
mvtable_mutable_simd,ur5,table_pick,39,0.06,1710,true,0.000020619,0.000040106,1,5
mvt_cpp_simd,ur5,table_pick,39,0.06,1710,true,0.000024166,0.000018756,1,5
capt_simd,ur5,table_pick,39,0.06,1710,true,0.000057638,0.001150832,1,5
mvtable,ur5,table_pick,40,0.06,1706,true,0.000099597,0.000036318,469,6
mvtable_mutable,ur5,table_pick,40,0.06,1706,true,0.000084468,0.000040325,469,6
mvtable_cpp,ur5,table_pick,40,0.06,1706,true,0.000089328,0.000018896,469,6
capt,ur5,table_pick,40,0.06,1706,true,0.000151023,0.001138609,469,6
kiddo,ur5,table_pick,40,0.06,1706,true,0.000440397,0.000037991,469,6
mvtable_simd,ur5,table_pick,40,0.06,1706,true,0.000071434,0.000032311,469,6
mvtable_mutable_simd,ur5,table_pick,40,0.06,1706,true,0.000070432,0.000039795,469,6
mvt_cpp_simd,ur5,table_pick,40,0.06,1706,true,0.0000743,0.000019096,469,6
capt_simd,ur5,table_pick,40,0.06,1706,true,0.000127058,0.001183294,469,6
primitive,ur5,table_pick,41,0.06,1713,true,0.00002693,0.00000022,1,4
mvtable,ur5,table_pick,41,0.06,1713,true,0.000023363,0.00003178,1,4
mvtable_mutable,ur5,table_pick,41,0.06,1713,true,0.000022543,0.000039023,1,4
mvtable_cpp,ur5,table_pick,41,0.06,1713,true,0.000028674,0.000018905,1,4
capt,ur5,table_pick,41,0.06,1713,true,0.000061355,0.001137787,1,4
kiddo,ur5,table_pick,41,0.06,1713,true,0.000197481,0.000038161,1,4
mvtable_simd,ur5,table_pick,41,0.06,1713,true,0.000016171,0.000031449,1,4
mvtable_mutable_simd,ur5,table_pick,41,0.06,1713,true,0.00001617,0.000038783,1,4
mvt_cpp_simd,ur5,table_pick,41,0.06,1713,true,0.000020208,0.000018716,1,4
capt_simd,ur5,table_pick,41,0.06,1713,true,0.000046588,0.001155,1,4
primitive,ur5,table_pick,42,0.06,1716,true,0.000022121,0.000000231,1,3
mvtable,ur5,table_pick,42,0.06,1716,true,0.000019256,0.000032381,1,3
mvtable_mutable,ur5,table_pick,42,0.06,1716,true,0.000018936,0.000039705,1,3
mvtable_cpp,ur5,table_pick,42,0.06,1716,true,0.000022843,0.000018805,1,3
capt,ur5,table_pick,42,0.06,1716,true,0.000049863,0.001127619,1,3
kiddo,ur5,table_pick,42,0.06,1716,true,0.000194385,0.000038632,1,3
mvtable_simd,ur5,table_pick,42,0.06,1716,true,0.000013215,0.000032371,1,3
mvtable_mutable_simd,ur5,table_pick,42,0.06,1716,true,0.000012994,0.000039634,1,3
mvt_cpp_simd,ur5,table_pick,42,0.06,1716,true,0.000016781,0.000018685,1,3
capt_simd,ur5,table_pick,42,0.06,1716,true,0.000040716,0.001135534,1,3
primitive,ur5,table_pick,43,0.06,1714,true,0.000019216,0.00000023,1,3
mvtable,ur5,table_pick,43,0.06,1714,true,0.000016791,0.000031659,1,3
mvtable_mutable,ur5,table_pick,43,0.06,1714,true,0.00001643,0.000039765,1,3
mvtable_cpp,ur5,table_pick,43,0.06,1714,true,0.000019737,0.000018845,1,3
capt,ur5,table_pick,43,0.06,1714,true,0.00004245,0.001125615,1,3
kiddo,ur5,table_pick,43,0.06,1714,true,0.000168367,0.000044744,1,3
mvtable_simd,ur5,table_pick,43,0.06,1714,true,0.000011532,0.00003167,1,3
mvtable_mutable_simd,ur5,table_pick,43,0.06,1714,true,0.000011632,0.000038983,1,3
mvt_cpp_simd,ur5,table_pick,43,0.06,1714,true,0.000014718,0.000018665,1,3
capt_simd,ur5,table_pick,43,0.06,1714,true,0.000035056,0.001148949,1,3
primitive,ur5,table_pick,44,0.06,1708,true,0.000021029,0.00000025,1,3
mvtable,ur5,table_pick,44,0.06,1708,true,0.000018435,0.000031859,1,3
mvtable_mutable,ur5,table_pick,44,0.06,1708,true,0.000017824,0.000039494,1,3
mvtable_cpp,ur5,table_pick,44,0.06,1708,true,0.00002125,0.000018906,1,3
capt,ur5,table_pick,44,0.06,1708,true,0.000047389,0.001123711,1,3
kiddo,ur5,table_pick,44,0.06,1708,true,0.000213511,0.00003712,1,3
mvtable_simd,ur5,table_pick,44,0.06,1708,true,0.000012474,0.000031199,1,3
mvtable_mutable_simd,ur5,table_pick,44,0.06,1708,true,0.000012453,0.000039153,1,3
mvt_cpp_simd,ur5,table_pick,44,0.06,1708,true,0.000015379,0.000018515,1,3
capt_simd,ur5,table_pick,44,0.06,1708,true,0.000039113,0.001145893,1,3
primitive,ur5,table_pick,45,0.06,1713,true,0.000015739,0.000000221,1,2
mvtable,ur5,table_pick,45,0.06,1713,true,0.00001576,0.00003192,1,2
mvtable_mutable,ur5,table_pick,45,0.06,1713,true,0.000015289,0.000040196,1,2
mvtable_cpp,ur5,table_pick,45,0.06,1713,true,0.000019707,0.000018986,1,2
capt,ur5,table_pick,45,0.06,1713,true,0.000035316,0.001138138,1,2
kiddo,ur5,table_pick,45,0.06,1713,true,0.000136907,0.000039323,1,2
mvtable_simd,ur5,table_pick,45,0.06,1713,true,0.000014748,0.000032241,1,2
mvtable_mutable_simd,ur5,table_pick,45,0.06,1713,true,0.000011161,0.000043151,1,2
mvt_cpp_simd,ur5,table_pick,45,0.06,1713,true,0.000014778,0.000019006,1,2
capt_simd,ur5,table_pick,45,0.06,1713,true,0.000029706,0.001142607,1,2
primitive,ur5,table_pick,46,0.06,1707,true,0.000020639,0.00000021,1,3
mvtable,ur5,table_pick,46,0.06,1707,true,0.000017914,0.00003161,1,3
mvtable_mutable,ur5,table_pick,46,0.06,1707,true,0.000017473,0.000039464,1,3
mvtable_cpp,ur5,table_pick,46,0.06,1707,true,0.000020489,0.000018515,1,3
capt,ur5,table_pick,46,0.06,1707,true,0.000046417,0.001115295,1,3
kiddo,ur5,table_pick,46,0.06,1707,true,0.000184176,0.00003733,1,3
mvtable_simd,ur5,table_pick,46,0.06,1707,true,0.000012153,0.000031419,1,3
mvtable_mutable_simd,ur5,table_pick,46,0.06,1707,true,0.000012083,0.000039524,1,3
mvt_cpp_simd,ur5,table_pick,46,0.06,1707,true,0.000015209,0.000018585,1,3
capt_simd,ur5,table_pick,46,0.06,1707,true,0.000038482,0.001140302,1,3
primitive,ur5,table_pick,47,0.06,1711,true,0.000023003,0.000000211,1,4
mvtable,ur5,table_pick,47,0.06,1711,true,0.000021992,0.000031549,1,4
mvtable_mutable,ur5,table_pick,47,0.06,1711,true,0.000021581,0.000039193,1,4
mvtable_cpp,ur5,table_pick,47,0.06,1711,true,0.000025939,0.000019055,1,4
capt,ur5,table_pick,47,0.06,1711,true,0.000051898,0.001126527,1,4
kiddo,ur5,table_pick,47,0.06,1711,true,0.000182864,0.000036779,1,4
mvtable_simd,ur5,table_pick,47,0.06,1711,true,0.000015669,0.000031319,1,4
mvtable_mutable_simd,ur5,table_pick,47,0.06,1711,true,0.000015419,0.000039244,1,4
mvt_cpp_simd,ur5,table_pick,47,0.06,1711,true,0.000019246,0.000018354,1,4
capt_simd,ur5,table_pick,47,0.06,1711,true,0.000043091,0.001167965,1,4
primitive,ur5,table_pick,48,0.06,1715,true,0.000029625,0.000000401,1,5
mvtable,ur5,table_pick,48,0.06,1715,true,0.000024486,0.000031449,1,5
mvtable_mutable,ur5,table_pick,48,0.06,1715,true,0.000024106,0.000039214,1,5
mvtable_cpp,ur5,table_pick,48,0.06,1715,true,0.000029546,0.000019166,1,5
capt,ur5,table_pick,48,0.06,1715,true,0.000064692,0.001140694,1,5
kiddo,ur5,table_pick,48,0.06,1715,true,0.000240511,0.000036649,1,5
mvtable_simd,ur5,table_pick,48,0.06,1715,true,0.000016041,0.000030838,1,5
mvtable_mutable_simd,ur5,table_pick,48,0.06,1715,true,0.00001602,0.000038792,1,5
mvt_cpp_simd,ur5,table_pick,48,0.06,1715,true,0.000020157,0.000018445,1,5
capt_simd,ur5,table_pick,48,0.06,1715,true,0.000053741,0.001183824,1,5
primitive,ur5,table_pick,49,0.06,1711,true,0.000027331,0.000000211,1,4
mvtable,ur5,table_pick,49,0.06,1711,true,0.000023544,0.00003219,1,4
mvtable_mutable,ur5,table_pick,49,0.06,1711,true,0.000022933,0.000039304,1,4
mvtable_cpp,ur5,table_pick,49,0.06,1711,true,0.000027322,0.000018405,1,4
capt,ur5,table_pick,49,0.06,1711,true,0.000060844,0.001129643,1,4
kiddo,ur5,table_pick,49,0.06,1711,true,0.000259177,0.000039635,1,4
mvtable_simd,ur5,table_pick,49,0.06,1711,true,0.00001577,0.00003177,1,4
mvtable_mutable_simd,ur5,table_pick,49,0.06,1711,true,0.000015849,0.000039274,1,4
mvt_cpp_simd,ur5,table_pick,49,0.06,1711,true,0.000019236,0.000018745,1,4
capt_simd,ur5,table_pick,49,0.06,1711,true,0.000051126,0.001163977,1,4
mvtable,ur5,table_pick,50,0.06,1708,true,0.000029465,0.00003194,1,5
mvtable_mutable,ur5,table_pick,50,0.06,1708,true,0.000028774,0.000039775,1,5
mvtable_cpp,ur5,table_pick,50,0.06,1708,true,0.00003744,0.000018795,1,5
capt,ur5,table_pick,50,0.06,1708,true,0.000069651,0.00112277,1,5
kiddo,ur5,table_pick,50,0.06,1708,true,0.000256392,0.000037831,1,5
mvtable_simd,ur5,table_pick,50,0.06,1708,true,0.000020118,0.00003214,1,5
mvtable_mutable_simd,ur5,table_pick,50,0.06,1708,true,0.000029515,0.000039614,1,5
mvt_cpp_simd,ur5,table_pick,50,0.06,1708,true,0.000024987,0.000026369,1,5
capt_simd,ur5,table_pick,50,0.06,1708,true,0.000057728,0.001144199,1,5
primitive,ur5,table_under_pick,1,0.06,1902,true,0.000162846,0.00000025,246,19
mvtable,ur5,table_under_pick,1,0.06,1902,true,0.000067888,0.000035998,3,5
mvtable_mutable,ur5,table_under_pick,1,0.06,1902,true,0.000066284,0.000045646,3,5
mvtable_cpp,ur5,table_under_pick,1,0.06,1902,true,0.000093636,0.000030177,3,5
capt,ur5,table_under_pick,1,0.06,1902,true,0.000108084,0.001220493,3,5
kiddo,ur5,table_under_pick,1,0.06,1902,true,0.000397337,0.000041629,3,5
mvtable_simd,ur5,table_under_pick,1,0.06,1902,true,0.000057779,0.000034665,3,5
mvtable_mutable_simd,ur5,table_under_pick,1,0.06,1902,true,0.000065393,0.000043813,3,5
mvt_cpp_simd,ur5,table_under_pick,1,0.06,1902,true,0.000065453,0.000029625,3,5
capt_simd,ur5,table_under_pick,1,0.06,1902,true,0.000082104,0.00128222,3,5
primitive,ur5,table_under_pick,2,0.06,1895,true,0.000043221,0.00000021,126,4
mvtable,ur5,table_under_pick,2,0.06,1895,true,0.000080832,0.00003726,126,4
mvtable_mutable,ur5,table_under_pick,2,0.06,1895,true,0.000081303,0.000045515,126,4
mvtable_cpp,ur5,table_under_pick,2,0.06,1895,true,0.000097283,0.000027893,126,4
capt,ur5,table_under_pick,2,0.06,1895,true,0.00011178,0.001220172,126,4
kiddo,ur5,table_under_pick,2,0.06,1895,true,0.000423967,0.000040466,126,4
mvtable_simd,ur5,table_under_pick,2,0.06,1895,true,0.000072626,0.00003726,126,4
mvtable_mutable_simd,ur5,table_under_pick,2,0.06,1895,true,0.000075091,0.000044784,126,4
mvt_cpp_simd,ur5,table_under_pick,2,0.06,1895,true,0.000072517,0.000036097,126,4
capt_simd,ur5,table_under_pick,2,0.06,1895,true,0.000091582,0.001257503,126,4
primitive,ur5,table_under_pick,3,0.06,1907,true,0.000040235,0.000000221,112,5
mvtable,ur5,table_under_pick,3,0.06,1907,true,0.000058209,0.000036218,38,4
mvtable_mutable,ur5,table_under_pick,3,0.06,1907,true,0.000058159,0.000044583,38,4
mvtable_cpp,ur5,table_under_pick,3,0.06,1907,true,0.000066625,0.000023615,38,4
capt,ur5,table_under_pick,3,0.06,1907,true,0.00008523,0.001241373,38,4
kiddo,ur5,table_under_pick,3,0.06,1907,true,0.000281549,0.000040456,38,4
mvtable_simd,ur5,table_under_pick,3,0.06,1907,true,0.000051997,0.000035647,38,4
mvtable_mutable_simd,ur5,table_under_pick,3,0.06,1907,true,0.000052529,0.000071886,38,4
mvt_cpp_simd,ur5,table_under_pick,3,0.06,1907,true,0.000049593,0.000023333,38,4
capt_simd,ur5,table_under_pick,3,0.06,1907,true,0.00007996,0.001358443,38,4
primitive,ur5,table_under_pick,4,0.06,1914,true,0.000166543,0.00000028,825,12
mvtable,ur5,table_under_pick,4,0.06,1914,true,0.000145363,0.00003712,282,6
mvtable_mutable,ur5,table_under_pick,4,0.06,1914,true,0.000145454,0.000045746,282,6
mvtable_cpp,ur5,table_under_pick,4,0.06,1914,true,0.000166543,0.00002137,282,6
capt,ur5,table_under_pick,4,0.06,1914,true,0.000197121,0.001200486,282,6
kiddo,ur5,table_under_pick,4,0.06,1914,true,0.000639712,0.000042269,282,6
mvtable_simd,ur5,table_under_pick,4,0.06,1914,true,0.000132438,0.000037731,282,6
mvtable_mutable_simd,ur5,table_under_pick,4,0.06,1914,true,0.000134342,0.000045054,282,6
mvt_cpp_simd,ur5,table_under_pick,4,0.06,1914,true,0.000125325,0.000020729,282,6
capt_simd,ur5,table_under_pick,4,0.06,1914,true,0.000144742,0.001227737,282,6
primitive,ur5,table_under_pick,5,0.06,1890,true,0.000155753,0.000000231,1785,7
mvtable,ur5,table_under_pick,5,0.06,1890,true,0.000150403,0.000037601,717,6
mvtable_mutable,ur5,table_under_pick,5,0.06,1890,true,0.000145513,0.000046748,717,6
mvtable_cpp,ur5,table_under_pick,5,0.06,1890,true,0.00017583,0.000026099,717,6
capt,ur5,table_under_pick,5,0.06,1890,true,0.000179668,0.001238637,717,6
kiddo,ur5,table_under_pick,5,0.06,1890,true,0.000504538,0.000041699,717,6
mvtable_simd,ur5,table_under_pick,5,0.06,1890,true,0.000139212,0.000037681,717,6
mvtable_mutable_simd,ur5,table_under_pick,5,0.06,1890,true,0.000142327,0.000046808,717,6
mvt_cpp_simd,ur5,table_under_pick,5,0.06,1890,true,0.000135514,0.000026099,717,6
capt_simd,ur5,table_under_pick,5,0.06,1890,true,0.000146275,0.001279264,717,6
primitive,ur5,table_under_pick,6,0.06,1897,true,0.000059742,0.00000021,94,7
mvtable,ur5,table_under_pick,6,0.06,1897,true,0.000230102,0.000036498,69,13
mvtable_mutable,ur5,table_under_pick,6,0.06,1897,true,0.00023963,0.000045736,69,13
mvtable_cpp,ur5,table_under_pick,6,0.06,1897,true,0.000240942,0.000024275,69,13
capt,ur5,table_under_pick,6,0.06,1897,true,0.000234741,0.001220053,69,13
kiddo,ur5,table_under_pick,6,0.06,1897,true,0.000832024,0.000046958,69,13
mvtable_simd,ur5,table_under_pick,6,0.06,1897,true,0.000217719,0.00003712,69,13
mvtable_mutable_simd,ur5,table_under_pick,6,0.06,1897,true,0.000234491,0.000051086,69,13
mvt_cpp_simd,ur5,table_under_pick,6,0.06,1897,true,0.000188394,0.000025238,69,13
capt_simd,ur5,table_under_pick,6,0.06,1897,true,0.000201419,0.001322565,69,13
primitive,ur5,table_under_pick,7,0.06,1914,true,0.000050505,0.00000021,127,5
mvtable,ur5,table_under_pick,7,0.06,1914,true,0.000088085,0.000036358,127,5
mvtable_mutable,ur5,table_under_pick,7,0.06,1914,true,0.000086873,0.000046958,127,5
mvtable_cpp,ur5,table_under_pick,7,0.06,1914,true,0.000101891,0.000028955,127,5
capt,ur5,table_under_pick,7,0.06,1914,true,0.000129694,0.001223399,127,5
kiddo,ur5,table_under_pick,7,0.06,1914,true,0.000445958,0.000045916,127,5
mvtable_simd,ur5,table_under_pick,7,0.06,1914,true,0.000077426,0.000035717,127,5
mvtable_mutable_simd,ur5,table_under_pick,7,0.06,1914,true,0.000082325,0.000045285,127,5
mvt_cpp_simd,ur5,table_under_pick,7,0.06,1914,true,0.000072857,0.000028603,127,5
capt_simd,ur5,table_under_pick,7,0.06,1914,true,0.000098906,0.001257152,127,5
primitive,ur5,table_under_pick,8,0.06,1915,true,0.0002394,0.00000021,495,28
mvtable,ur5,table_under_pick,8,0.06,1915,true,0.000385915,0.000037861,423,17
mvtable_mutable,ur5,table_under_pick,8,0.06,1915,true,0.000392367,0.00004775,423,17
mvtable_cpp,ur5,table_under_pick,8,0.06,1915,true,0.000450016,0.000026309,423,17
capt,ur5,table_under_pick,8,0.06,1915,true,0.000482396,0.001253335,423,17
kiddo,ur5,table_under_pick,8,0.06,1915,true,0.001599786,0.000041438,423,17
mvtable_simd,ur5,table_under_pick,8,0.06,1915,true,0.000347433,0.000042059,423,17
mvtable_mutable_simd,ur5,table_under_pick,8,0.06,1915,true,0.000363533,0.000047328,423,17
mvt_cpp_simd,ur5,table_under_pick,8,0.06,1915,true,0.000318999,0.000025999,423,17
capt_simd,ur5,table_under_pick,8,0.06,1915,true,0.000359897,0.001305633,423,17
primitive,ur5,table_under_pick,9,0.06,1838,true,0.000188624,0.00000023,3072,4
mvtable,ur5,table_under_pick,9,0.06,1838,true,0.000217429,0.000035036,3072,4
mvtable_mutable,ur5,table_under_pick,9,0.06,1838,true,0.000209775,0.000043081,3072,4
mvtable_cpp,ur5,table_under_pick,9,0.06,1838,true,0.000231755,0.000023013,3072,4
capt,ur5,table_under_pick,9,0.06,1838,true,0.0002982,0.001185868,3072,4
kiddo,ur5,table_under_pick,9,0.06,1838,true,0.000644852,0.000040987,3072,4
mvtable_simd,ur5,table_under_pick,9,0.06,1838,true,0.000205345,0.000034515,3072,4
mvtable_mutable_simd,ur5,table_under_pick,9,0.06,1838,true,0.000203562,0.000042329,3072,4
mvt_cpp_simd,ur5,table_under_pick,9,0.06,1838,true,0.000201178,0.000022473,3072,4
capt_simd,ur5,table_under_pick,9,0.06,1838,true,0.000247615,0.001217117,3072,4
primitive,ur5,table_under_pick,10,0.06,1869,true,0.000198744,0.00000023,325,25
mvtable,ur5,table_under_pick,10,0.06,1869,true,0.000302439,0.000035907,316,21
mvtable_mutable,ur5,table_under_pick,10,0.06,1869,true,0.000304302,0.000049322,316,21
mvtable_cpp,ur5,table_under_pick,10,0.06,1869,true,0.000348195,0.000023174,316,21
capt,ur5,table_under_pick,10,0.06,1869,true,0.000423806,0.001200976,316,21
kiddo,ur5,table_under_pick,10,0.06,1869,true,0.001500429,0.000040717,316,21
mvtable_simd,ur5,table_under_pick,10,0.06,1869,true,0.000276329,0.000035316,316,21
mvtable_mutable_simd,ur5,table_under_pick,10,0.06,1869,true,0.000287901,0.000049443,316,21
mvt_cpp_simd,ur5,table_under_pick,10,0.06,1869,true,0.000258566,0.000028583,316,21
capt_simd,ur5,table_under_pick,10,0.06,1869,true,0.000328427,0.001238527,316,21
primitive,ur5,table_under_pick,11,0.06,1865,true,0.000057138,0.00000023,151,6
mvtable,ur5,table_under_pick,11,0.06,1865,true,0.000082375,0.000036288,151,6
mvtable_mutable,ur5,table_under_pick,11,0.06,1865,true,0.000081152,0.000044664,151,6
mvtable_cpp,ur5,table_under_pick,11,0.06,1865,true,0.000103514,0.000024697,151,6
capt,ur5,table_under_pick,11,0.06,1865,true,0.000207079,0.001250039,151,6
kiddo,ur5,table_under_pick,11,0.06,1865,true,0.000529114,0.000060063,151,6
mvtable_simd,ur5,table_under_pick,11,0.06,1865,true,0.000075803,0.000036398,151,6
mvtable_mutable_simd,ur5,table_under_pick,11,0.06,1865,true,0.000072456,0.000045605,151,6
mvt_cpp_simd,ur5,table_under_pick,11,0.06,1865,true,0.000073147,0.000025708,151,6
capt_simd,ur5,table_under_pick,11,0.06,1865,true,0.000110478,0.001246983,151,6
primitive,ur5,table_under_pick,12,0.06,1890,true,0.000605738,0.00000023,7200,9
mvtable,ur5,table_under_pick,12,0.06,1890,true,0.000220264,0.00003724,479,14
mvtable_mutable,ur5,table_under_pick,12,0.06,1890,true,0.000219673,0.000045957,479,14
mvtable_cpp,ur5,table_under_pick,12,0.06,1890,true,0.000253857,0.000024626,479,14
capt,ur5,table_under_pick,12,0.06,1890,true,0.000312036,0.001211416,479,14
kiddo,ur5,table_under_pick,12,0.06,1890,true,0.000997214,0.000041448,479,14
mvtable_simd,ur5,table_under_pick,12,0.06,1890,true,0.000199394,0.000037029,479,14
mvtable_mutable_simd,ur5,table_under_pick,12,0.06,1890,true,0.000206137,0.000045686,479,14
mvt_cpp_simd,ur5,table_under_pick,12,0.06,1890,true,0.000196339,0.000024636,479,14
capt_simd,ur5,table_under_pick,12,0.06,1890,true,0.000250441,0.001259627,479,14
primitive,ur5,table_under_pick,13,0.06,1883,true,0.00010116,0.000000321,351,11
mvtable,ur5,table_under_pick,13,0.06,1883,true,0.000350398,0.000041077,357,20
mvtable_mutable,ur5,table_under_pick,13,0.06,1883,true,0.000353465,0.000045837,357,20
mvtable_cpp,ur5,table_under_pick,13,0.06,1883,true,0.000361659,0.000028163,357,20
capt,ur5,table_under_pick,13,0.06,1883,true,0.000481435,0.001230953,357,20
kiddo,ur5,table_under_pick,13,0.06,1883,true,0.001262723,0.000040135,357,20
mvtable_simd,ur5,table_under_pick,13,0.06,1883,true,0.000322757,0.000036949,357,20
mvtable_mutable_simd,ur5,table_under_pick,13,0.06,1883,true,0.000333256,0.000045556,357,20
mvt_cpp_simd,ur5,table_under_pick,13,0.06,1883,true,0.000274406,0.000028394,357,20
capt_simd,ur5,table_under_pick,13,0.06,1883,true,0.000355047,0.001283812,357,20
primitive,ur5,table_under_pick,14,0.06,1902,true,0.000093065,0.000000271,359,9
mvtable,ur5,table_under_pick,14,0.06,1902,true,0.000135755,0.00003693,359,9
mvtable_mutable,ur5,table_under_pick,14,0.06,1902,true,0.0001332,0.000045996,359,9
mvtable_cpp,ur5,table_under_pick,14,0.06,1902,true,0.000153899,0.000021691,359,9
capt,ur5,table_under_pick,14,0.06,1902,true,0.000216206,0.001199133,359,9
kiddo,ur5,table_under_pick,14,0.06,1902,true,0.000731214,0.000041889,359,9
mvtable_simd,ur5,table_under_pick,14,0.06,1902,true,0.000122249,0.000036429,359,9
mvtable_mutable_simd,ur5,table_under_pick,14,0.06,1902,true,0.000119334,0.000044934,359,9
mvt_cpp_simd,ur5,table_under_pick,14,0.06,1902,true,0.000115186,0.000021039,359,9
capt_simd,ur5,table_under_pick,14,0.06,1902,true,0.000173797,0.001228268,359,9
primitive,ur5,table_under_pick,15,0.06,1235,true,0.00008507,0.000000201,301,8
mvtable,ur5,table_under_pick,15,0.06,1235,true,0.000124123,0.000027362,286,8
mvtable_mutable,ur5,table_under_pick,15,0.06,1235,true,0.000127319,0.000034054,286,8
mvtable_cpp,ur5,table_under_pick,15,0.06,1235,true,0.000151464,0.00001602,286,8
capt,ur5,table_under_pick,15,0.06,1235,true,0.000220605,0.000698062,286,8
kiddo,ur5,table_under_pick,15,0.06,1235,true,0.000570472,0.000032631,286,8
mvtable_simd,ur5,table_under_pick,15,0.06,1235,true,0.000111219,0.000027451,286,8
mvtable_mutable_simd,ur5,table_under_pick,15,0.06,1235,true,0.000113343,0.000039895,286,8
mvt_cpp_simd,ur5,table_under_pick,15,0.06,1235,true,0.00010644,0.0000162,286,8
capt_simd,ur5,table_under_pick,15,0.06,1235,true,0.000163246,0.000711487,286,8
primitive,ur5,table_under_pick,16,0.06,1932,true,0.000066916,0.000000261,249,7
mvtable,ur5,table_under_pick,16,0.06,1932,true,0.00032437,0.00003741,81,21
mvtable_mutable,ur5,table_under_pick,16,0.06,1932,true,0.000327586,0.000046989,81,21
mvtable_cpp,ur5,table_under_pick,16,0.06,1932,true,0.00036215,0.000022372,81,21
capt,ur5,table_under_pick,16,0.06,1932,true,0.000450977,0.001241603,81,21
kiddo,ur5,table_under_pick,16,0.06,1932,true,0.001292869,0.000043411,81,21
mvtable_simd,ur5,table_under_pick,16,0.06,1932,true,0.000313809,0.000037861,81,21
mvtable_mutable_simd,ur5,table_under_pick,16,0.06,1932,true,0.000397056,0.00004801,81,21
mvt_cpp_simd,ur5,table_under_pick,16,0.06,1932,true,0.000282962,0.000029035,81,21
capt_simd,ur5,table_under_pick,16,0.06,1932,true,0.000335781,0.001296836,81,21
primitive,ur5,table_under_pick,17,0.06,1886,true,0.000094027,0.000000221,666,6
mvtable,ur5,table_under_pick,17,0.06,1886,true,0.000140664,0.000036148,666,6
mvtable_mutable,ur5,table_under_pick,17,0.06,1886,true,0.000135434,0.000045195,666,6
mvtable_cpp,ur5,table_under_pick,17,0.06,1886,true,0.000145484,0.000025708,666,6
capt,ur5,table_under_pick,17,0.06,1886,true,0.000202109,0.001200385,666,6
kiddo,ur5,table_under_pick,17,0.06,1886,true,0.000616669,0.000041188,666,6
mvtable_simd,ur5,table_under_pick,17,0.06,1886,true,0.000129774,0.000036269,666,6
mvtable_mutable_simd,ur5,table_under_pick,17,0.06,1886,true,0.000125004,0.000044584,666,6
mvt_cpp_simd,ur5,table_under_pick,17,0.06,1886,true,0.000127579,0.00002671,666,6
capt_simd,ur5,table_under_pick,17,0.06,1886,true,0.000164559,0.001228077,666,6
primitive,ur5,table_under_pick,18,0.06,1886,true,0.000060474,0.000000211,126,7
mvtable,ur5,table_under_pick,18,0.06,1886,true,0.000111048,0.000035387,126,6
mvtable_mutable,ur5,table_under_pick,18,0.06,1886,true,0.00011708,0.000044243,126,6
mvtable_cpp,ur5,table_under_pick,18,0.06,1886,true,0.000126037,0.00002104,126,6
capt,ur5,table_under_pick,18,0.06,1886,true,0.000134062,0.001193151,126,6
kiddo,ur5,table_under_pick,18,0.06,1886,true,0.00049014,0.000041538,126,6
mvtable_simd,ur5,table_under_pick,18,0.06,1886,true,0.000100349,0.000034896,126,6
mvtable_mutable_simd,ur5,table_under_pick,18,0.06,1886,true,0.000103344,0.000050314,126,6
mvt_cpp_simd,ur5,table_under_pick,18,0.06,1886,true,0.000094688,0.000020268,126,6
capt_simd,ur5,table_under_pick,18,0.06,1886,true,0.000109195,0.001237475,126,6
primitive,ur5,table_under_pick,19,0.06,1324,true,0.000237567,0.00000022,3511,7
mvtable,ur5,table_under_pick,19,0.06,1324,true,0.000139322,0.000030076,717,8
mvtable_mutable,ur5,table_under_pick,19,0.06,1324,true,0.000135915,0.00003764,717,8
mvtable_cpp,ur5,table_under_pick,19,0.06,1324,true,0.000146215,0.000019426,717,8
capt,ur5,table_under_pick,19,0.06,1324,true,0.000201539,0.000774436,717,8
kiddo,ur5,table_under_pick,19,0.06,1324,true,0.000514526,0.000034525,717,8
mvtable_simd,ur5,table_under_pick,19,0.06,1324,true,0.000132979,0.000029365,717,8
mvtable_mutable_simd,ur5,table_under_pick,19,0.06,1324,true,0.00012796,0.00004258,717,8
mvt_cpp_simd,ur5,table_under_pick,19,0.06,1324,true,0.000115898,0.000019707,717,8
capt_simd,ur5,table_under_pick,19,0.06,1324,true,0.00017047,0.000980192,717,8
primitive,ur5,table_under_pick,20,0.06,1947,true,0.000049273,0.000000521,128,4
mvtable,ur5,table_under_pick,20,0.06,1947,true,0.00009048,0.00004255,128,4
mvtable_mutable,ur5,table_under_pick,20,0.06,1947,true,0.000078167,0.000081523,128,4
mvtable_cpp,ur5,table_under_pick,20,0.06,1947,true,0.000084539,0.000029947,128,4
capt,ur5,table_under_pick,20,0.06,1947,true,0.000103244,0.001514616,128,4
kiddo,ur5,table_under_pick,20,0.06,1947,true,0.000307909,0.000047239,128,4
mvtable_simd,ur5,table_under_pick,20,0.06,1947,true,0.000065784,0.000039334,128,4
mvtable_mutable_simd,ur5,table_under_pick,20,0.06,1947,true,0.000066074,0.000046758,128,4
mvt_cpp_simd,ur5,table_under_pick,20,0.06,1947,true,0.000058591,0.000021621,128,4
capt_simd,ur5,table_under_pick,20,0.06,1947,true,0.000091712,0.001360957,128,4
primitive,ur5,table_under_pick,21,0.06,1911,true,0.000076403,0.000000341,321,8
mvtable,ur5,table_under_pick,21,0.06,1911,true,0.000117651,0.000036679,321,8
mvtable_mutable,ur5,table_under_pick,21,0.06,1911,true,0.000116239,0.000045465,321,8
mvtable_cpp,ur5,table_under_pick,21,0.06,1911,true,0.000135765,0.000022913,321,8
capt,ur5,table_under_pick,21,0.06,1911,true,0.00015429,0.001212979,321,8
kiddo,ur5,table_under_pick,21,0.06,1911,true,0.000555373,0.000046788,321,8
mvtable_simd,ur5,table_under_pick,21,0.06,1911,true,0.00010631,0.000043432,321,8
mvtable_mutable_simd,ur5,table_under_pick,21,0.06,1911,true,0.000108054,0.00005826,321,8
mvt_cpp_simd,ur5,table_under_pick,21,0.06,1911,true,0.000099887,0.00002138,321,8
capt_simd,ur5,table_under_pick,21,0.06,1911,true,0.000125445,0.001243156,321,8
primitive,ur5,table_under_pick,22,0.06,1903,true,0.000107643,0.00000023,593,8
mvtable,ur5,table_under_pick,22,0.06,1903,true,0.000214022,0.00003729,593,8
mvtable_mutable,ur5,table_under_pick,22,0.06,1903,true,0.000218731,0.000046076,593,8
mvtable_cpp,ur5,table_under_pick,22,0.06,1903,true,0.000225344,0.000022803,593,8
capt,ur5,table_under_pick,22,0.06,1903,true,0.000256973,0.001226414,593,8
kiddo,ur5,table_under_pick,22,0.06,1903,true,0.000827535,0.000041308,593,8
mvtable_simd,ur5,table_under_pick,22,0.06,1903,true,0.000203763,0.000037831,593,8
mvtable_mutable_simd,ur5,table_under_pick,22,0.06,1903,true,0.000206939,0.000046247,593,8
mvt_cpp_simd,ur5,table_under_pick,22,0.06,1903,true,0.000183766,0.000023193,593,8
capt_simd,ur5,table_under_pick,22,0.06,1903,true,0.000198232,0.001303009,593,8
primitive,ur5,table_under_pick,23,0.06,1253,true,0.00004791,0.000000261,127,5
mvtable,ur5,table_under_pick,23,0.06,1253,true,0.000083146,0.000028864,127,5
mvtable_mutable,ur5,table_under_pick,23,0.06,1253,true,0.000082936,0.000036648,127,5
mvtable_cpp,ur5,table_under_pick,23,0.06,1253,true,0.000083737,0.000020298,127,5
capt,ur5,table_under_pick,23,0.06,1253,true,0.000099397,0.000708631,127,5
kiddo,ur5,table_under_pick,23,0.06,1253,true,0.000308219,0.000032801,127,5
mvtable_simd,ur5,table_under_pick,23,0.06,1253,true,0.000076513,0.000049814,127,5
mvtable_mutable_simd,ur5,table_under_pick,23,0.06,1253,true,0.00007991,0.000036869,127,5
mvt_cpp_simd,ur5,table_under_pick,23,0.06,1253,true,0.000064522,0.000020318,127,5
capt_simd,ur5,table_under_pick,23,0.06,1253,true,0.000082475,0.000727998,127,5
primitive,ur5,table_under_pick,24,0.06,1913,true,0.000142117,0.000000261,336,12
mvtable,ur5,table_under_pick,24,0.06,1913,true,0.000195337,0.000041067,169,11
mvtable_mutable,ur5,table_under_pick,24,0.06,1913,true,0.000172544,0.000046968,169,11
mvtable_cpp,ur5,table_under_pick,24,0.06,1913,true,0.000190718,0.000032431,169,11
capt,ur5,table_under_pick,24,0.06,1913,true,0.00025046,0.001277621,169,11
kiddo,ur5,table_under_pick,24,0.06,1913,true,0.000917584,0.000041328,169,11
mvtable_simd,ur5,table_under_pick,24,0.06,1913,true,0.000151685,0.00003736,169,11
mvtable_mutable_simd,ur5,table_under_pick,24,0.06,1913,true,0.000157426,0.000045836,169,11
mvt_cpp_simd,ur5,table_under_pick,24,0.06,1913,true,0.000149992,0.00003215,169,11
capt_simd,ur5,table_under_pick,24,0.06,1913,true,0.000187863,0.001248485,169,11
primitive,ur5,table_under_pick,25,0.06,1883,true,0.000143219,0.00000022,304,17
mvtable,ur5,table_under_pick,25,0.06,1883,true,0.000259728,0.000036749,304,14
mvtable_mutable,ur5,table_under_pick,25,0.06,1883,true,0.000268525,0.000045636,304,14
mvtable_cpp,ur5,table_under_pick,25,0.06,1883,true,0.000291047,0.000023514,304,14
capt,ur5,table_under_pick,25,0.06,1883,true,0.000378571,0.001197861,304,14
kiddo,ur5,table_under_pick,25,0.06,1883,true,0.000940387,0.000039585,304,14
mvtable_simd,ur5,table_under_pick,25,0.06,1883,true,0.000243187,0.00003728,304,14
mvtable_mutable_simd,ur5,table_under_pick,25,0.06,1883,true,0.00024988,0.000046347,304,14
mvt_cpp_simd,ur5,table_under_pick,25,0.06,1883,true,0.00022349,0.000032682,304,14
capt_simd,ur5,table_under_pick,25,0.06,1883,true,0.000272021,0.001246562,304,14
primitive,ur5,table_under_pick,26,0.06,1896,true,0.000077376,0.00000043,752,5
mvtable,ur5,table_under_pick,26,0.06,1896,true,0.000133281,0.000035667,752,5
mvtable_mutable,ur5,table_under_pick,26,0.06,1896,true,0.000134754,0.000044213,752,5
mvtable_cpp,ur5,table_under_pick,26,0.06,1896,true,0.000167255,0.000031559,752,5
capt,ur5,table_under_pick,26,0.06,1896,true,0.000169238,0.001204743,752,5
kiddo,ur5,table_under_pick,26,0.06,1896,true,0.000463822,0.00003753,752,5
mvtable_simd,ur5,table_under_pick,26,0.06,1896,true,0.000128491,0.000035307,752,5
mvtable_mutable_simd,ur5,table_under_pick,26,0.06,1896,true,0.000129754,0.000043722,752,5
mvt_cpp_simd,ur5,table_under_pick,26,0.06,1896,true,0.000121128,0.000035086,752,5
capt_simd,ur5,table_under_pick,26,0.06,1896,true,0.000135314,0.001248506,752,5
primitive,ur5,table_under_pick,27,0.06,1894,true,0.000231445,0.000000201,400,28
mvtable,ur5,table_under_pick,27,0.06,1894,true,0.000525999,0.000036669,435,37
mvtable_mutable,ur5,table_under_pick,27,0.06,1894,true,0.000531338,0.000045305,435,37
mvtable_cpp,ur5,table_under_pick,27,0.06,1894,true,0.000531709,0.000026991,435,37
capt,ur5,table_under_pick,27,0.06,1894,true,0.000433174,0.001219862,85,21
kiddo,ur5,table_under_pick,27,0.06,1894,true,0.002103192,0.000041679,435,37
mvtable_simd,ur5,table_under_pick,27,0.06,1894,true,0.000480753,0.00003713,435,37
mvtable_mutable_simd,ur5,table_under_pick,27,0.06,1894,true,0.000497114,0.000046047,435,37
mvt_cpp_simd,ur5,table_under_pick,27,0.06,1894,true,0.000421723,0.000027612,435,37
capt_simd,ur5,table_under_pick,27,0.06,1894,true,0.000316104,0.001263454,85,21
primitive,ur5,table_under_pick,28,0.06,1933,true,0.000058019,0.000000221,50,7
mvtable,ur5,table_under_pick,28,0.06,1933,true,0.000127189,0.000039374,50,7
mvtable_mutable,ur5,table_under_pick,28,0.06,1933,true,0.000128872,0.000054403,50,7
mvtable_cpp,ur5,table_under_pick,28,0.06,1933,true,0.000129303,0.000025398,50,7
capt,ur5,table_under_pick,28,0.06,1933,true,0.000144742,0.001222326,50,7
kiddo,ur5,table_under_pick,28,0.06,1933,true,0.000423956,0.000041358,50,7
mvtable_simd,ur5,table_under_pick,28,0.06,1933,true,0.000121188,0.000038783,50,7
mvtable_mutable_simd,ur5,table_under_pick,28,0.06,1933,true,0.000123573,0.000048081,50,7
mvt_cpp_simd,ur5,table_under_pick,28,0.06,1933,true,0.000100659,0.000024836,50,7
capt_simd,ur5,table_under_pick,28,0.06,1933,true,0.000113964,0.001242785,50,7
primitive,ur5,table_under_pick,29,0.06,1951,true,0.000039194,0.000000231,18,5
mvtable,ur5,table_under_pick,29,0.06,1951,true,0.000077346,0.000039044,18,5
mvtable_mutable,ur5,table_under_pick,29,0.06,1951,true,0.000078277,0.000049052,18,5
mvtable_cpp,ur5,table_under_pick,29,0.06,1951,true,0.000082154,0.000023013,18,5
capt,ur5,table_under_pick,29,0.06,1951,true,0.000095519,0.001233097,18,5
kiddo,ur5,table_under_pick,29,0.06,1951,true,0.000316204,0.000042881,18,5
mvtable_simd,ur5,table_under_pick,29,0.06,1951,true,0.000071404,0.000038623,18,5
mvtable_mutable_simd,ur5,table_under_pick,29,0.06,1951,true,0.000073147,0.00004805,18,5
mvt_cpp_simd,ur5,table_under_pick,29,0.06,1951,true,0.000066134,0.000022212,18,5
capt_simd,ur5,table_under_pick,29,0.06,1951,true,0.000071264,0.00125632,18,5
primitive,ur5,table_under_pick,30,0.06,1870,true,0.000147157,0.00000019,1011,10
mvtable,ur5,table_under_pick,30,0.06,1870,true,0.000119484,0.00003709,47,9
mvtable_mutable,ur5,table_under_pick,30,0.06,1870,true,0.000115858,0.000046377,47,9
mvtable_cpp,ur5,table_under_pick,30,0.06,1870,true,0.000129533,0.0000265,47,9
capt,ur5,table_under_pick,30,0.06,1870,true,0.000194045,0.001175309,47,9
kiddo,ur5,table_under_pick,30,0.06,1870,true,0.000613994,0.000038512,47,9
mvtable_simd,ur5,table_under_pick,30,0.06,1870,true,0.000100669,0.00003726,47,9
mvtable_mutable_simd,ur5,table_under_pick,30,0.06,1870,true,0.000102262,0.000046637,47,9
mvt_cpp_simd,ur5,table_under_pick,30,0.06,1870,true,0.000089758,0.000028203,47,9
capt_simd,ur5,table_under_pick,30,0.06,1870,true,0.00013819,0.001214582,47,9
primitive,ur5,table_under_pick,31,0.06,1935,true,0.000047399,0.00000023,43,7
mvtable,ur5,table_under_pick,31,0.06,1935,true,0.000063038,0.00003729,43,7
mvtable_mutable,ur5,table_under_pick,31,0.06,1935,true,0.000062838,0.000045886,43,7
mvtable_cpp,ur5,table_under_pick,31,0.06,1935,true,0.000078318,0.000030898,43,7
capt,ur5,table_under_pick,31,0.06,1935,true,0.000118793,0.001230101,43,7
kiddo,ur5,table_under_pick,31,0.06,1935,true,0.000418697,0.000043232,43,7
mvtable_simd,ur5,table_under_pick,31,0.06,1935,true,0.000052188,0.000041939,43,7
mvtable_mutable_simd,ur5,table_under_pick,31,0.06,1935,true,0.000054413,0.000045666,43,7
mvt_cpp_simd,ur5,table_under_pick,31,0.06,1935,true,0.000050295,0.000031148,43,7
capt_simd,ur5,table_under_pick,31,0.06,1935,true,0.000098065,0.001275316,43,7
primitive,ur5,table_under_pick,32,0.06,1902,true,0.000096411,0.000000221,424,8
mvtable,ur5,table_under_pick,32,0.06,1902,true,0.000139132,0.000036919,223,7
mvtable_mutable,ur5,table_under_pick,32,0.06,1902,true,0.000139332,0.000045445,223,7
mvtable_cpp,ur5,table_under_pick,32,0.06,1902,true,0.000163237,0.000021921,223,7
capt,ur5,table_under_pick,32,0.06,1902,true,0.000178445,0.001232195,223,7
kiddo,ur5,table_under_pick,32,0.06,1902,true,0.000687161,0.000040486,223,7
mvtable_simd,ur5,table_under_pick,32,0.06,1902,true,0.000133261,0.00003705,223,7
mvtable_mutable_simd,ur5,table_under_pick,32,0.06,1902,true,0.000132449,0.000045345,223,7
mvt_cpp_simd,ur5,table_under_pick,32,0.06,1902,true,0.000123212,0.000022231,223,7
capt_simd,ur5,table_under_pick,32,0.06,1902,true,0.000137548,0.00126641,223,7
primitive,ur5,table_under_pick,33,0.06,1917,true,0.000094056,0.000000231,324,10
mvtable,ur5,table_under_pick,33,0.06,1917,true,0.000190979,0.000036969,324,10
mvtable_mutable,ur5,table_under_pick,33,0.06,1917,true,0.000186661,0.000046247,324,10
mvtable_cpp,ur5,table_under_pick,33,0.06,1917,true,0.000238679,0.000023825,324,10
capt,ur5,table_under_pick,33,0.06,1917,true,0.000307608,0.001216976,324,10
kiddo,ur5,table_under_pick,33,0.06,1917,true,0.0008992,0.000041438,324,10
mvtable_simd,ur5,table_under_pick,33,0.06,1917,true,0.000174388,0.00003695,324,10
mvtable_mutable_simd,ur5,table_under_pick,33,0.06,1917,true,0.000182293,0.000045916,324,10
mvt_cpp_simd,ur5,table_under_pick,33,0.06,1917,true,0.000166904,0.000023805,324,10
capt_simd,ur5,table_under_pick,33,0.06,1917,true,0.00019683,0.001260338,324,10
primitive,ur5,table_under_pick,34,0.06,1804,true,0.000054012,0.00000022,115,6
mvtable,ur5,table_under_pick,34,0.06,1804,true,0.000082846,0.000033613,115,6
mvtable_mutable,ur5,table_under_pick,34,0.06,1804,true,0.000086352,0.000042029,115,6
mvtable_cpp,ur5,table_under_pick,34,0.06,1804,true,0.00009572,0.000022202,115,6
capt,ur5,table_under_pick,34,0.06,1804,true,0.000147306,0.001128,115,6
kiddo,ur5,table_under_pick,34,0.06,1804,true,0.000577595,0.000041538,115,6
mvtable_simd,ur5,table_under_pick,34,0.06,1804,true,0.000068208,0.000033293,115,6
mvtable_mutable_simd,ur5,table_under_pick,34,0.06,1804,true,0.000070582,0.000041619,115,6
mvt_cpp_simd,ur5,table_under_pick,34,0.06,1804,true,0.000070232,0.0000214,115,6
capt_simd,ur5,table_under_pick,34,0.06,1804,true,0.000120747,0.00116527,115,6
primitive,ur5,table_under_pick,35,0.06,1846,true,0.00030329,0.000000251,3583,7
mvtable,ur5,table_under_pick,35,0.06,1846,true,0.000208522,0.000038162,426,17
mvtable_mutable,ur5,table_under_pick,35,0.06,1846,true,0.000204835,0.000042901,426,17
mvtable_cpp,ur5,table_under_pick,35,0.06,1846,true,0.000248597,0.000026309,426,17
capt,ur5,table_under_pick,35,0.06,1846,true,0.000418326,0.001171421,426,17
kiddo,ur5,table_under_pick,35,0.06,1846,true,0.001599876,0.000039314,426,17
mvtable_simd,ur5,table_under_pick,35,0.06,1846,true,0.000167995,0.000033623,426,17
mvtable_mutable_simd,ur5,table_under_pick,35,0.06,1846,true,0.00017041,0.0000425,426,17
mvt_cpp_simd,ur5,table_under_pick,35,0.06,1846,true,0.00017043,0.000030968,426,17
capt_simd,ur5,table_under_pick,35,0.06,1846,true,0.000351571,0.001216706,426,17
primitive,ur5,table_under_pick,36,0.06,1895,true,0.000041398,0.000000251,1,6
mvtable,ur5,table_under_pick,36,0.06,1895,true,0.000052288,0.000037571,1,6
mvtable_mutable,ur5,table_under_pick,36,0.06,1895,true,0.000052038,0.000045455,1,6
mvtable_cpp,ur5,table_under_pick,36,0.06,1895,true,0.000066455,0.000032661,1,6
capt,ur5,table_under_pick,36,0.06,1895,true,0.000109116,0.001205626,1,6
kiddo,ur5,table_under_pick,36,0.06,1895,true,0.000493437,0.000041338,1,6
mvtable_simd,ur5,table_under_pick,36,0.06,1895,true,0.000045525,0.000036459,1,6
mvtable_mutable_simd,ur5,table_under_pick,36,0.06,1895,true,0.000040987,0.000044975,1,6
mvt_cpp_simd,ur5,table_under_pick,36,0.06,1895,true,0.000038292,0.00003181,1,6
capt_simd,ur5,table_under_pick,36,0.06,1895,true,0.000090841,0.001242295,1,6
primitive,ur5,table_under_pick,37,0.06,1882,true,0.00007449,0.000000451,492,5
mvtable,ur5,table_under_pick,37,0.06,1882,true,0.000106069,0.000038142,492,5
mvtable_mutable,ur5,table_under_pick,37,0.06,1882,true,0.000104056,0.000050435,492,5
mvtable_cpp,ur5,table_under_pick,37,0.06,1882,true,0.000123592,0.000026059,492,5
capt,ur5,table_under_pick,37,0.06,1882,true,0.000157345,0.001215694,492,5
kiddo,ur5,table_under_pick,37,0.06,1882,true,0.000472769,0.000042801,492,5
mvtable_simd,ur5,table_under_pick,37,0.06,1882,true,0.000097233,0.000037901,492,5
mvtable_mutable_simd,ur5,table_under_pick,37,0.06,1882,true,0.000096852,0.000044854,492,5
mvt_cpp_simd,ur5,table_under_pick,37,0.06,1882,true,0.000095911,0.00002141,492,5
capt_simd,ur5,table_under_pick,37,0.06,1882,true,0.000146265,0.001477706,492,5
primitive,ur5,table_under_pick,38,0.06,1938,true,0.00005864,0.00000028,31,7
mvtable,ur5,table_under_pick,38,0.06,1938,true,0.000144121,0.000039374,31,7
mvtable_mutable,ur5,table_under_pick,38,0.06,1938,true,0.000115396,0.000064862,31,7
mvtable_cpp,ur5,table_under_pick,38,0.06,1938,true,0.00013296,0.000024606,31,7
capt,ur5,table_under_pick,38,0.06,1938,true,0.00013323,0.00143709,31,7
kiddo,ur5,table_under_pick,38,0.06,1938,true,0.000572746,0.000045556,31,7
mvtable_simd,ur5,table_under_pick,38,0.06,1938,true,0.000107112,0.000038532,31,7
mvtable_mutable_simd,ur5,table_under_pick,38,0.06,1938,true,0.000103664,0.000047739,31,7
mvt_cpp_simd,ur5,table_under_pick,38,0.06,1938,true,0.000105518,0.000022362,31,7
capt_simd,ur5,table_under_pick,38,0.06,1938,true,0.000115067,0.001298991,31,7
primitive,ur5,table_under_pick,39,0.06,1261,true,0.00005332,0.000000241,353,4
mvtable,ur5,table_under_pick,39,0.06,1261,true,0.000082996,0.000031319,353,4
mvtable_mutable,ur5,table_under_pick,39,0.06,1261,true,0.000081974,0.0000429,353,4
mvtable_cpp,ur5,table_under_pick,39,0.06,1261,true,0.00008544,0.000016972,353,4
capt,ur5,table_under_pick,39,0.06,1261,true,0.000104046,0.000735612,353,4
kiddo,ur5,table_under_pick,39,0.06,1261,true,0.000275347,0.000035277,353,4
mvtable_simd,ur5,table_under_pick,39,0.06,1261,true,0.000076534,0.000031429,353,4
mvtable_mutable_simd,ur5,table_under_pick,39,0.06,1261,true,0.000077886,0.000039114,353,4
mvt_cpp_simd,ur5,table_under_pick,39,0.06,1261,true,0.00006911,0.000019407,353,4
capt_simd,ur5,table_under_pick,39,0.06,1261,true,0.00008507,0.000770458,353,4
primitive,ur5,table_under_pick,40,0.06,1906,true,0.000090369,0.000000281,486,6
mvtable,ur5,table_under_pick,40,0.06,1906,true,0.00024456,0.000039725,405,6
mvtable_mutable,ur5,table_under_pick,40,0.06,1906,true,0.000231084,0.000095029,405,6
mvtable_cpp,ur5,table_under_pick,40,0.06,1906,true,0.000173857,0.000029937,405,6
capt,ur5,table_under_pick,40,0.06,1906,true,0.000205346,0.001556655,405,6
kiddo,ur5,table_under_pick,40,0.06,1906,true,0.000556376,0.000041768,405,6
mvtable_simd,ur5,table_under_pick,40,0.06,1906,true,0.000146385,0.000037761,405,6
mvtable_mutable_simd,ur5,table_under_pick,40,0.06,1906,true,0.000152757,0.000047079,405,6
mvt_cpp_simd,ur5,table_under_pick,40,0.06,1906,true,0.000136506,0.000022242,405,6
capt_simd,ur5,table_under_pick,40,0.06,1906,true,0.000167255,0.00129325,405,6
primitive,ur5,table_under_pick,41,0.06,1878,true,0.000142998,0.00000036,120,17
mvtable,ur5,table_under_pick,41,0.06,1878,true,0.000053591,0.000041228,4,4
mvtable_mutable,ur5,table_under_pick,41,0.06,1878,true,0.000053991,0.000065162,4,4
mvtable_cpp,ur5,table_under_pick,41,0.06,1878,true,0.000058129,0.000029796,4,4
capt,ur5,table_under_pick,41,0.06,1878,true,0.000093777,0.001604284,4,4
kiddo,ur5,table_under_pick,41,0.06,1878,true,0.000277712,0.000043061,4,4
mvtable_simd,ur5,table_under_pick,41,0.06,1878,true,0.00004769,0.000037741,4,4
mvtable_mutable_simd,ur5,table_under_pick,41,0.06,1878,true,0.00004799,0.000046067,4,4
mvt_cpp_simd,ur5,table_under_pick,41,0.06,1878,true,0.00004262,0.000034675,4,4
capt_simd,ur5,table_under_pick,41,0.06,1878,true,0.000065433,0.001346451,4,4
primitive,ur5,table_under_pick,42,0.06,1879,true,0.000080141,0.000000221,497,7
mvtable,ur5,table_under_pick,42,0.06,1879,true,0.000289754,0.000038482,165,19
mvtable_mutable,ur5,table_under_pick,42,0.06,1879,true,0.000297278,0.000046297,165,19
mvtable_cpp,ur5,table_under_pick,42,0.06,1879,true,0.000331103,0.000027071,165,19
capt,ur5,table_under_pick,42,0.06,1879,true,0.000399862,0.001231674,165,19
kiddo,ur5,table_under_pick,42,0.06,1879,true,0.001429897,0.000045525,165,19
mvtable_simd,ur5,table_under_pick,42,0.06,1879,true,0.000255741,0.000045866,165,19
mvtable_mutable_simd,ur5,table_under_pick,42,0.06,1879,true,0.000250601,0.000068478,165,19
mvt_cpp_simd,ur5,table_under_pick,42,0.06,1879,true,0.00023377,0.000031319,165,19
capt_simd,ur5,table_under_pick,42,0.06,1879,true,0.000294413,0.001580269,165,19
primitive,ur5,table_under_pick,43,0.06,1908,true,0.000051627,0.000000411,150,5
mvtable,ur5,table_under_pick,43,0.06,1908,true,0.000083317,0.000036609,150,5
mvtable_mutable,ur5,table_under_pick,43,0.06,1908,true,0.000087625,0.000046708,150,5
mvtable_cpp,ur5,table_under_pick,43,0.06,1908,true,0.000095891,0.000027542,150,5
capt,ur5,table_under_pick,43,0.06,1908,true,0.000116409,0.00120794,150,5
kiddo,ur5,table_under_pick,43,0.06,1908,true,0.000419378,0.000041417,150,5
mvtable_simd,ur5,table_under_pick,43,0.06,1908,true,0.000072326,0.000035918,150,5
mvtable_mutable_simd,ur5,table_under_pick,43,0.06,1908,true,0.000075221,0.000044954,150,5
mvt_cpp_simd,ur5,table_under_pick,43,0.06,1908,true,0.000067847,0.000026911,150,5
capt_simd,ur5,table_under_pick,43,0.06,1908,true,0.000091742,0.001257442,150,5
primitive,ur5,table_under_pick,44,0.06,1902,true,0.000251743,0.000000241,432,32
mvtable,ur5,table_under_pick,44,0.06,1902,true,0.000320262,0.000035668,388,22
mvtable_mutable,ur5,table_under_pick,44,0.06,1902,true,0.00031936,0.000044554,388,22
mvtable_cpp,ur5,table_under_pick,44,0.06,1902,true,0.000352472,0.000023754,388,22
capt,ur5,table_under_pick,44,0.06,1902,true,0.000457048,0.001185818,388,22
kiddo,ur5,table_under_pick,44,0.06,1902,true,0.001522781,0.000040907,388,22
mvtable_simd,ur5,table_under_pick,44,0.06,1902,true,0.000283403,0.000035947,388,22
mvtable_mutable_simd,ur5,table_under_pick,44,0.06,1902,true,0.000295365,0.000049032,388,22
mvt_cpp_simd,ur5,table_under_pick,44,0.06,1902,true,0.000273374,0.000024015,388,22
capt_simd,ur5,table_under_pick,44,0.06,1902,true,0.000365908,0.001243537,388,22
primitive,ur5,table_under_pick,45,0.06,1934,true,0.000151966,0.00000031,604,10
mvtable,ur5,table_under_pick,45,0.06,1934,true,0.000237517,0.000042881,585,10
mvtable_mutable,ur5,table_under_pick,45,0.06,1934,true,0.000243177,0.000060273,585,10
mvtable_cpp,ur5,table_under_pick,45,0.06,1934,true,0.000260519,0.00003199,585,10
capt,ur5,table_under_pick,45,0.06,1934,true,0.000237436,0.001285195,585,10
kiddo,ur5,table_under_pick,45,0.06,1934,true,0.000682082,0.00004223,585,10
mvtable_simd,ur5,table_under_pick,45,0.06,1934,true,0.000166282,0.000038142,585,10
mvtable_mutable_simd,ur5,table_under_pick,45,0.06,1934,true,0.000168636,0.00004801,585,10
mvt_cpp_simd,ur5,table_under_pick,45,0.06,1934,true,0.000149501,0.000023675,585,10
capt_simd,ur5,table_under_pick,45,0.06,1934,true,0.000184928,0.001264116,585,10
primitive,ur5,table_under_pick,46,0.06,1931,true,0.00015415,0.00000022,335,18
mvtable,ur5,table_under_pick,46,0.06,1931,true,0.000428154,0.000038072,441,28
mvtable_mutable,ur5,table_under_pick,46,0.06,1931,true,0.000438234,0.000047128,441,28
mvtable_cpp,ur5,table_under_pick,46,0.06,1931,true,0.000486554,0.000024976,441,28
capt,ur5,table_under_pick,46,0.06,1931,true,0.000563969,0.00121881,441,28
kiddo,ur5,table_under_pick,46,0.06,1931,true,0.001911592,0.000042249,441,28
mvtable_simd,ur5,table_under_pick,46,0.06,1931,true,0.000396415,0.000038853,441,28
mvtable_mutable_simd,ur5,table_under_pick,46,0.06,1931,true,0.00040422,0.000048691,441,28
mvt_cpp_simd,ur5,table_under_pick,46,0.06,1931,true,0.000362812,0.000028964,441,28
capt_simd,ur5,table_under_pick,46,0.06,1931,true,0.000459303,0.001258574,441,28
primitive,ur5,table_under_pick,47,0.06,1884,true,0.000115557,0.000000431,781,7
mvtable,ur5,table_under_pick,47,0.06,1884,true,0.000119074,0.000036418,372,6
mvtable_mutable,ur5,table_under_pick,47,0.06,1884,true,0.000117571,0.000049032,372,6
mvtable_cpp,ur5,table_under_pick,47,0.06,1884,true,0.00012772,0.000027672,372,6
capt,ur5,table_under_pick,47,0.06,1884,true,0.000160372,0.001220714,372,6
kiddo,ur5,table_under_pick,47,0.06,1884,true,0.000552247,0.000040426,372,6
mvtable_simd,ur5,table_under_pick,47,0.06,1884,true,0.000106921,0.000036699,372,6
mvtable_mutable_simd,ur5,table_under_pick,47,0.06,1884,true,0.000109366,0.000044384,372,6
mvt_cpp_simd,ur5,table_under_pick,47,0.06,1884,true,0.000097964,0.000031759,372,6
capt_simd,ur5,table_under_pick,47,0.06,1884,true,0.000133411,0.001252042,372,6
primitive,ur5,table_under_pick,48,0.06,1966,true,0.000078818,0.000000291,534,6
mvtable,ur5,table_under_pick,48,0.06,1966,true,0.000142518,0.000038041,534,6
mvtable_mutable,ur5,table_under_pick,48,0.06,1966,true,0.00014387,0.000047259,534,6
mvtable_cpp,ur5,table_under_pick,48,0.06,1966,true,0.000160942,0.000025729,534,6
capt,ur5,table_under_pick,48,0.06,1966,true,0.000183675,0.001269886,534,6
kiddo,ur5,table_under_pick,48,0.06,1966,true,0.000512784,0.000042249,534,6
mvtable_simd,ur5,table_under_pick,48,0.06,1966,true,0.000140254,0.000038002,534,6
mvtable_mutable_simd,ur5,table_under_pick,48,0.06,1966,true,0.00013851,0.000047249,534,6
mvt_cpp_simd,ur5,table_under_pick,48,0.06,1966,true,0.000123282,0.000025598,534,6
capt_simd,ur5,table_under_pick,48,0.06,1966,true,0.000145563,0.001309851,534,6
primitive,ur5,table_under_pick,49,0.06,1943,true,0.000094698,0.0000002,436,8
mvtable,ur5,table_under_pick,49,0.06,1943,true,0.000202711,0.000036028,436,8
mvtable_mutable,ur5,table_under_pick,49,0.06,1943,true,0.000199425,0.000045355,436,8
mvtable_cpp,ur5,table_under_pick,49,0.06,1943,true,0.000222919,0.000021691,436,8
capt,ur5,table_under_pick,49,0.06,1943,true,0.000276199,0.001230803,436,8
kiddo,ur5,table_under_pick,49,0.06,1943,true,0.000842753,0.000041078,436,8
mvtable_simd,ur5,table_under_pick,49,0.06,1943,true,0.000182503,0.000035937,436,8
mvtable_mutable_simd,ur5,table_under_pick,49,0.06,1943,true,0.000188484,0.000045265,436,8
mvt_cpp_simd,ur5,table_under_pick,49,0.06,1943,true,0.000173276,0.000021571,436,8
capt_simd,ur5,table_under_pick,49,0.06,1943,true,0.000201077,0.001266039,436,8
primitive,ur5,table_under_pick,50,0.06,1947,true,0.000114184,0.000000231,162,16
mvtable,ur5,table_under_pick,50,0.06,1947,true,0.000241284,0.000038302,162,16
mvtable_mutable,ur5,table_under_pick,50,0.06,1947,true,0.000252845,0.000047209,162,16
mvtable_cpp,ur5,table_under_pick,50,0.06,1947,true,0.000256001,0.000022913,162,16
capt,ur5,table_under_pick,50,0.06,1947,true,0.000281809,0.001225172,162,16
kiddo,ur5,table_under_pick,50,0.06,1947,true,0.000975964,0.000041418,162,16
mvtable_simd,ur5,table_under_pick,50,0.06,1947,true,0.000221516,0.000038102,162,16
mvtable_mutable_simd,ur5,table_under_pick,50,0.06,1947,true,0.00022863,0.000047259,162,16
mvt_cpp_simd,ur5,table_under_pick,50,0.06,1947,true,0.000186671,0.000022292,162,16
capt_simd,ur5,table_under_pick,50,0.06,1947,true,0.000232066,0.001264436,162,16
primitive,fetch,bookshelf_small,2,0.048,2383,true,0.061988404,0.000000711,459722,248
mvtable,fetch,bookshelf_small,2,0.048,2383,true,0.076012324,0.000036629,284876,96
mvtable_mutable,fetch,bookshelf_small,2,0.048,2383,true,0.078037099,0.000050194,284876,96
mvtable_cpp,fetch,bookshelf_small,2,0.048,2383,true,0.097039514,0.000029545,284876,96
capt,fetch,bookshelf_small,2,0.048,2383,true,0.169676345,0.005392372,284876,96
kiddo,fetch,bookshelf_small,2,0.048,2383,true,0.15789541,0.000065563,284876,96
mvtable_simd,fetch,bookshelf_small,2,0.048,2383,true,0.107783471,0.000038272,284876,96
mvtable_mutable_simd,fetch,bookshelf_small,2,0.048,2383,true,0.096003156,0.000059893,284876,96
mvt_cpp_simd,fetch,bookshelf_small,2,0.048,2383,true,0.094920031,0.000029986,284876,96
capt_simd,fetch,bookshelf_small,2,0.048,2383,true,0.16260038,0.005575346,284876,96
primitive,fetch,bookshelf_small,3,0.048,2309,true,0.011424597,0.00000026,14655,442
mvtable,fetch,bookshelf_small,3,0.048,2309,true,0.02171421,0.000038633,12187,672
mvtable_mutable,fetch,bookshelf_small,3,0.048,2309,true,0.021379802,0.000045656,12187,672
mvtable_cpp,fetch,bookshelf_small,3,0.048,2309,true,0.025024871,0.000025368,12187,672
capt,fetch,bookshelf_small,3,0.048,2309,true,0.055495454,0.005090204,12187,672
kiddo,fetch,bookshelf_small,3,0.048,2309,true,0.051658965,0.000064982,12187,672
mvtable_simd,fetch,bookshelf_small,3,0.048,2309,true,0.024209859,0.000036218,12187,672
mvtable_mutable_simd,fetch,bookshelf_small,3,0.048,2309,true,0.022116456,0.000050635,12187,672
mvt_cpp_simd,fetch,bookshelf_small,3,0.048,2309,true,0.020435187,0.000025838,12187,672
capt_simd,fetch,bookshelf_small,3,0.048,2309,true,0.032466223,0.0052479,12187,672
primitive,fetch,bookshelf_small,4,0.048,2378,true,0.002871745,0.000000401,8045,95
mvtable,fetch,bookshelf_small,4,0.048,2378,true,0.005512738,0.000038772,7955,112
mvtable_mutable,fetch,bookshelf_small,4,0.048,2378,true,0.00562511,0.000048061,7955,112
mvtable_cpp,fetch,bookshelf_small,4,0.048,2378,true,0.007399794,0.000030818,7955,112
capt,fetch,bookshelf_small,4,0.048,2378,true,0.015119098,0.005256527,7955,112
kiddo,fetch,bookshelf_small,4,0.048,2378,true,0.013937077,0.000065342,7955,112
mvtable_simd,fetch,bookshelf_small,4,0.048,2378,true,0.007369467,0.000036849,7955,112
mvtable_mutable_simd,fetch,bookshelf_small,4,0.048,2378,true,0.006522786,0.00004795,7955,112
mvt_cpp_simd,fetch,bookshelf_small,4,0.048,2378,true,0.006330365,0.000034695,7955,112
capt_simd,fetch,bookshelf_small,4,0.048,2378,true,0.011042368,0.005307773,7955,112
primitive,fetch,bookshelf_small,5,0.048,2385,true,0.052349412,0.000000321,59165,625
mvtable,fetch,bookshelf_small,5,0.048,2385,true,0.144014248,0.000036759,93905,1040
mvtable_mutable,fetch,bookshelf_small,5,0.048,2385,true,0.143804333,0.000049593,93905,1040
mvtable_cpp,fetch,bookshelf_small,5,0.048,2385,true,0.154381617,0.000029595,93905,1040
capt,fetch,bookshelf_small,5,0.048,2385,true,0.284091597,0.005224867,93905,1040
kiddo,fetch,bookshelf_small,5,0.048,2385,true,0.256377815,0.000064992,93905,1040
mvtable_simd,fetch,bookshelf_small,5,0.048,2385,true,0.164470925,0.00003712,93905,1040
mvtable_mutable_simd,fetch,bookshelf_small,5,0.048,2385,true,0.155563768,0.000051968,93905,1040
mvt_cpp_simd,fetch,bookshelf_small,5,0.048,2385,true,0.146409628,0.000028714,93905,1040
capt_simd,fetch,bookshelf_small,5,0.048,2385,true,0.216740428,0.005413151,93905,1040
primitive,fetch,bookshelf_small,6,0.048,2373,true,0.002865774,0.000000671,5687,157
mvtable,fetch,bookshelf_small,6,0.048,2373,true,0.003313265,0.000036188,2954,139
mvtable_mutable,fetch,bookshelf_small,6,0.048,2373,true,0.003343793,0.000047009,2954,139
mvtable_cpp,fetch,bookshelf_small,6,0.048,2373,true,0.004237312,0.000026931,2954,139
capt,fetch,bookshelf_small,6,0.048,2373,true,0.010205836,0.005266305,2954,139
kiddo,fetch,bookshelf_small,6,0.048,2373,true,0.009366679,0.000062698,2954,139
mvtable_simd,fetch,bookshelf_small,6,0.048,2373,true,0.003979848,0.000036358,2954,139
mvtable_mutable_simd,fetch,bookshelf_small,6,0.048,2373,true,0.003543238,0.000043452,2954,139
mvt_cpp_simd,fetch,bookshelf_small,6,0.048,2373,true,0.003344164,0.000023154,2954,139
capt_simd,fetch,bookshelf_small,6,0.048,2373,true,0.006057271,0.004993613,2954,139
primitive,fetch,bookshelf_small,8,0.048,2383,true,0.001940877,0.000000181,5958,82
mvtable,fetch,bookshelf_small,8,0.048,2383,true,0.003035674,0.000033663,4391,82
mvtable_mutable,fetch,bookshelf_small,8,0.048,2383,true,0.003009685,0.000041868,4391,82
mvtable_cpp,fetch,bookshelf_small,8,0.048,2383,true,0.004483775,0.00002679,4391,82
capt,fetch,bookshelf_small,8,0.048,2383,true,0.009802338,0.004979676,4391,82
kiddo,fetch,bookshelf_small,8,0.048,2383,true,0.007877311,0.000060734,4391,82
mvtable_simd,fetch,bookshelf_small,8,0.048,2383,true,0.004029832,0.000037982,4391,82
mvtable_mutable_simd,fetch,bookshelf_small,8,0.048,2383,true,0.003587832,0.000048391,4391,82
mvt_cpp_simd,fetch,bookshelf_small,8,0.048,2383,true,0.003574326,0.000031369,4391,82
capt_simd,fetch,bookshelf_small,8,0.048,2383,true,0.006343409,0.005296262,4391,82
primitive,fetch,bookshelf_small,10,0.048,2373,true,0.007720597,0.00000036,11898,230
mvtable,fetch,bookshelf_small,10,0.048,2373,true,0.008043083,0.000034696,7173,212
mvtable_mutable,fetch,bookshelf_small,10,0.048,2373,true,0.008090722,0.000043662,7173,212
mvtable_cpp,fetch,bookshelf_small,10,0.048,2373,true,0.011808238,0.000025819,7173,212
capt,fetch,bookshelf_small,10,0.048,2373,true,0.022270956,0.005104421,7173,212
kiddo,fetch,bookshelf_small,10,0.048,2373,true,0.020911832,0.000071223,7173,212
mvtable_simd,fetch,bookshelf_small,10,0.048,2373,true,0.009405282,0.000039905,7173,212
mvtable_mutable_simd,fetch,bookshelf_small,10,0.048,2373,true,0.00853672,0.000058179,7173,212
mvt_cpp_simd,fetch,bookshelf_small,10,0.048,2373,true,0.008936521,0.000033212,7173,212
capt_simd,fetch,bookshelf_small,10,0.048,2373,true,0.013825087,0.005288257,7173,212
primitive,fetch,bookshelf_small,11,0.048,2309,true,0.013154587,0.00000031,26604,161
mvtable,fetch,bookshelf_small,11,0.048,2309,true,0.007020772,0.000036679,9228,108
mvtable_mutable,fetch,bookshelf_small,11,0.048,2309,true,0.007032865,0.000045495,9228,108
mvtable_cpp,fetch,bookshelf_small,11,0.048,2309,true,0.009012754,0.000027933,9228,108
capt,fetch,bookshelf_small,11,0.048,2309,true,0.022844103,0.005178009,9228,108
kiddo,fetch,bookshelf_small,11,0.048,2309,true,0.021796916,0.000081293,9228,108
mvtable_simd,fetch,bookshelf_small,11,0.048,2309,true,0.008396898,0.000037601,9228,108
mvtable_mutable_simd,fetch,bookshelf_small,11,0.048,2309,true,0.007523336,0.000044684,9228,108
mvt_cpp_simd,fetch,bookshelf_small,11,0.048,2309,true,0.006986568,0.000028814,9228,108
capt_simd,fetch,bookshelf_small,11,0.048,2309,true,0.013829034,0.005011606,9228,108
primitive,fetch,bookshelf_small,12,0.048,2371,true,0.001439375,0.00000038,2865,119
mvtable,fetch,bookshelf_small,12,0.048,2371,true,0.004808596,0.000035577,3804,239
mvtable_mutable,fetch,bookshelf_small,12,0.048,2371,true,0.004890058,0.000044493,3804,239
mvtable_cpp,fetch,bookshelf_small,12,0.048,2371,true,0.007557941,0.000029335,3804,239
capt,fetch,bookshelf_small,12,0.048,2371,true,0.015693558,0.005212585,3804,239
kiddo,fetch,bookshelf_small,12,0.048,2371,true,0.017780319,0.000068148,3804,239
mvtable_simd,fetch,bookshelf_small,12,0.048,2371,true,0.005569284,0.000037119,3804,239
mvtable_mutable_simd,fetch,bookshelf_small,12,0.048,2371,true,0.005005064,0.000047009,3804,239
mvt_cpp_simd,fetch,bookshelf_small,12,0.048,2371,true,0.005188689,0.000032501,3804,239
capt_simd,fetch,bookshelf_small,12,0.048,2371,true,0.008162156,0.005170835,3804,239
primitive,fetch,bookshelf_small,13,0.048,2396,true,0.025514862,0.000000521,67489,166
mvtable,fetch,bookshelf_small,13,0.048,2396,true,0.014819666,0.000038202,24308,135
mvtable_mutable,fetch,bookshelf_small,13,0.048,2396,true,0.015171577,0.000051807,24308,135
mvtable_cpp,fetch,bookshelf_small,13,0.048,2396,true,0.019209524,0.000033943,24308,135
capt,fetch,bookshelf_small,13,0.048,2396,true,0.045047392,0.005273509,24308,135
kiddo,fetch,bookshelf_small,13,0.048,2396,true,0.034859039,0.000068839,24308,135
mvtable_simd,fetch,bookshelf_small,13,0.048,2396,true,0.020140373,0.000040696,24308,135
mvtable_mutable_simd,fetch,bookshelf_small,13,0.048,2396,true,0.017814704,0.000051387,24308,135
mvt_cpp_simd,fetch,bookshelf_small,13,0.048,2396,true,0.017093458,0.00003176,24308,135
capt_simd,fetch,bookshelf_small,13,0.048,2396,true,0.03514183,0.005314105,24308,135
primitive,fetch,bookshelf_small,16,0.048,2387,true,0.010732356,0.00000014,12859,425
mvtable,fetch,bookshelf_small,16,0.048,2387,true,0.008933716,0.000041849,6776,340
mvtable_mutable,fetch,bookshelf_small,16,0.048,2387,true,0.009009469,0.000051005,6776,340
mvtable_cpp,fetch,bookshelf_small,16,0.048,2387,true,0.013117358,0.000033302,6776,340
capt,fetch,bookshelf_small,16,0.048,2387,true,0.025344161,0.005296402,6776,340
kiddo,fetch,bookshelf_small,16,0.048,2387,true,0.024402712,0.000069832,6776,340
mvtable_simd,fetch,bookshelf_small,16,0.048,2387,true,0.010186671,0.000039525,6776,340
mvtable_mutable_simd,fetch,bookshelf_small,16,0.048,2387,true,0.009246093,0.000048421,6776,340
mvt_cpp_simd,fetch,bookshelf_small,16,0.048,2387,true,0.009466777,0.000039845,6776,340
capt_simd,fetch,bookshelf_small,16,0.048,2387,true,0.014509232,0.005260434,6776,340
primitive,fetch,bookshelf_small,18,0.048,2341,true,0.011571653,0.000000481,13004,501
mvtable,fetch,bookshelf_small,18,0.048,2341,true,0.01898911,0.000042139,13562,597
mvtable_mutable,fetch,bookshelf_small,18,0.048,2341,true,0.019030548,0.000059662,13562,597
mvtable_cpp,fetch,bookshelf_small,18,0.048,2341,true,0.026941953,0.000028724,13562,597
capt,fetch,bookshelf_small,18,0.048,2341,true,0.059193712,0.005165526,13562,597
kiddo,fetch,bookshelf_small,18,0.048,2341,true,0.053462023,0.000070413,13562,597
mvtable_simd,fetch,bookshelf_small,18,0.048,2341,true,0.019222508,0.00004794,13562,597
mvtable_mutable_simd,fetch,bookshelf_small,18,0.048,2341,true,0.018859426,0.000064381,13562,597
mvt_cpp_simd,fetch,bookshelf_small,18,0.048,2341,true,0.021177512,0.000029515,13562,597
capt_simd,fetch,bookshelf_small,18,0.048,2341,true,0.034129529,0.005214027,13562,597
primitive,fetch,bookshelf_small,19,0.048,2331,true,0.005743802,0.000000341,13874,144
mvtable,fetch,bookshelf_small,19,0.048,2331,true,0.010610076,0.000045225,12807,182
mvtable_mutable,fetch,bookshelf_small,19,0.048,2331,true,0.01031434,0.000066214,12807,182
mvtable_cpp,fetch,bookshelf_small,19,0.048,2331,true,0.014230629,0.00003205,12807,182
capt,fetch,bookshelf_small,19,0.048,2331,true,0.029124193,0.005172579,12807,182
kiddo,fetch,bookshelf_small,19,0.048,2331,true,0.025191193,0.000063839,12807,182
mvtable_simd,fetch,bookshelf_small,19,0.048,2331,true,0.013030594,0.000035627,12807,182
mvtable_mutable_simd,fetch,bookshelf_small,19,0.048,2331,true,0.011706026,0.000051527,12807,182
mvt_cpp_simd,fetch,bookshelf_small,19,0.048,2331,true,0.011704442,0.000028764,12807,182
capt_simd,fetch,bookshelf_small,19,0.048,2331,true,0.020716396,0.005147993,12807,182
primitive,fetch,bookshelf_small,21,0.048,2389,true,0.002675938,0.000000291,5976,124
mvtable,fetch,bookshelf_small,21,0.048,2389,true,0.004897051,0.000034845,5076,145
mvtable_mutable,fetch,bookshelf_small,21,0.048,2389,true,0.004923792,0.00004255,5076,145
mvtable_cpp,fetch,bookshelf_small,21,0.048,2389,true,0.006369969,0.000024376,5076,145
capt,fetch,bookshelf_small,21,0.048,2389,true,0.017287863,0.005117856,5076,145
kiddo,fetch,bookshelf_small,21,0.048,2389,true,0.013958207,0.00006924,5076,145
mvtable_simd,fetch,bookshelf_small,21,0.048,2389,true,0.006038035,0.000038904,5076,145
mvtable_mutable_simd,fetch,bookshelf_small,21,0.048,2389,true,0.005358158,0.000050655,5076,145
mvt_cpp_simd,fetch,bookshelf_small,21,0.048,2389,true,0.005145347,0.00003186,5076,145
capt_simd,fetch,bookshelf_small,21,0.048,2389,true,0.009418146,0.005266966,5076,145
primitive,fetch,bookshelf_small,22,0.048,2345,true,0.001132117,0.000000661,2789,85
mvtable,fetch,bookshelf_small,22,0.048,2345,true,0.003707737,0.000035286,3244,168
mvtable_mutable,fetch,bookshelf_small,22,0.048,2345,true,0.003721763,0.000046618,3244,168
mvtable_cpp,fetch,bookshelf_small,22,0.048,2345,true,0.004644426,0.000029305,3244,168
capt,fetch,bookshelf_small,22,0.048,2345,true,0.013500998,0.005085716,3244,168
kiddo,fetch,bookshelf_small,22,0.048,2345,true,0.011369513,0.000063249,3244,168
mvtable_simd,fetch,bookshelf_small,22,0.048,2345,true,0.004314717,0.000036198,3244,168
mvtable_mutable_simd,fetch,bookshelf_small,22,0.048,2345,true,0.003826951,0.000045495,3244,168
mvt_cpp_simd,fetch,bookshelf_small,22,0.048,2345,true,0.003598481,0.000029496,3244,168
capt_simd,fetch,bookshelf_small,22,0.048,2345,true,0.006784618,0.005154966,3244,168
primitive,fetch,bookshelf_small,24,0.048,2378,true,0.016446622,0.000000511,18902,516
mvtable,fetch,bookshelf_small,24,0.048,2378,true,0.010435788,0.000035947,7439,355
mvtable_mutable,fetch,bookshelf_small,24,0.048,2378,true,0.010396404,0.000045455,7439,355
mvtable_cpp,fetch,bookshelf_small,24,0.048,2378,true,0.015939389,0.000028052,7439,355
capt,fetch,bookshelf_small,24,0.048,2378,true,0.029863663,0.005067722,7439,355
kiddo,fetch,bookshelf_small,24,0.048,2378,true,0.03144244,0.000071254,7439,355
mvtable_simd,fetch,bookshelf_small,24,0.048,2378,true,0.012034753,0.000040576,7439,355
mvtable_mutable_simd,fetch,bookshelf_small,24,0.048,2378,true,0.010912424,0.000049173,7439,355
mvt_cpp_simd,fetch,bookshelf_small,24,0.048,2378,true,0.011303118,0.000031149,7439,355
capt_simd,fetch,bookshelf_small,24,0.048,2378,true,0.016247558,0.005259642,7439,355
primitive,fetch,bookshelf_small,25,0.048,2398,true,0.002931959,0.00000036,7389,116
mvtable,fetch,bookshelf_small,25,0.048,2398,true,0.011238436,0.000037491,12044,189
mvtable_mutable,fetch,bookshelf_small,25,0.048,2398,true,0.011302687,0.000045566,12044,189
mvtable_cpp,fetch,bookshelf_small,25,0.048,2398,true,0.013701224,0.000034225,12044,189
capt,fetch,bookshelf_small,25,0.048,2398,true,0.031165729,0.005304377,12044,189
kiddo,fetch,bookshelf_small,25,0.048,2398,true,0.026781902,0.000068619,12044,189
mvtable_simd,fetch,bookshelf_small,25,0.048,2398,true,0.013873638,0.000040957,12044,189
mvtable_mutable_simd,fetch,bookshelf_small,25,0.048,2398,true,0.012505657,0.000056376,12044,189
mvt_cpp_simd,fetch,bookshelf_small,25,0.048,2398,true,0.011491933,0.000036509,12044,189
capt_simd,fetch,bookshelf_small,25,0.048,2398,true,0.020550403,0.005331378,12044,189
primitive,fetch,bookshelf_small,26,0.048,2272,true,0.012367768,0.000000351,29218,158
mvtable,fetch,bookshelf_small,26,0.048,2272,true,0.02138963,0.000033102,26154,195
mvtable_mutable,fetch,bookshelf_small,26,0.048,2272,true,0.021630733,0.000041648,26154,195
mvtable_cpp,fetch,bookshelf_small,26,0.048,2272,true,0.022480811,0.000032531,26154,195
capt,fetch,bookshelf_small,26,0.048,2272,true,0.057677304,0.005068143,26154,195
kiddo,fetch,bookshelf_small,26,0.048,2272,true,0.047820764,0.000067437,26154,195
mvtable_simd,fetch,bookshelf_small,26,0.048,2272,true,0.028829259,0.00003754,26154,195
mvtable_mutable_simd,fetch,bookshelf_small,26,0.048,2272,true,0.025756406,0.000047299,26154,195
mvt_cpp_simd,fetch,bookshelf_small,26,0.048,2272,true,0.021322314,0.000030687,26154,195
capt_simd,fetch,bookshelf_small,26,0.048,2272,true,0.046624035,0.005001678,26154,195
primitive,fetch,bookshelf_small,29,0.048,2348,true,0.000369945,0.000000321,883,41
mvtable,fetch,bookshelf_small,29,0.048,2348,true,0.000735792,0.000035206,889,36
mvtable_mutable,fetch,bookshelf_small,29,0.048,2348,true,0.000725463,0.000043241,889,36
mvtable_cpp,fetch,bookshelf_small,29,0.048,2348,true,0.001292328,0.000025017,889,36
capt,fetch,bookshelf_small,29,0.048,2348,true,0.002844855,0.004819235,889,36
kiddo,fetch,bookshelf_small,29,0.048,2348,true,0.002215292,0.000066445,889,36
mvtable_simd,fetch,bookshelf_small,29,0.048,2348,true,0.00093149,0.000035587,889,36
mvtable_mutable_simd,fetch,bookshelf_small,29,0.048,2348,true,0.000816004,0.000044294,889,36
mvt_cpp_simd,fetch,bookshelf_small,29,0.048,2348,true,0.000853403,0.000024977,889,36
capt_simd,fetch,bookshelf_small,29,0.048,2348,true,0.00151116,0.004907361,889,36
primitive,fetch,bookshelf_small,30,0.048,2387,true,0.005787795,0.00000018,8430,338
mvtable,fetch,bookshelf_small,30,0.048,2387,true,0.009394592,0.000037361,7176,323
mvtable_mutable,fetch,bookshelf_small,30,0.048,2387,true,0.009453082,0.000046648,7176,323
mvtable_cpp,fetch,bookshelf_small,30,0.048,2387,true,0.015603298,0.000029095,7176,323
capt,fetch,bookshelf_small,30,0.048,2387,true,0.030264106,0.005107337,7176,323
kiddo,fetch,bookshelf_small,30,0.048,2387,true,0.026127813,0.000075101,7176,323
mvtable_simd,fetch,bookshelf_small,30,0.048,2387,true,0.010604626,0.000038603,7176,323
mvtable_mutable_simd,fetch,bookshelf_small,30,0.048,2387,true,0.009708382,0.000050234,7176,323
mvt_cpp_simd,fetch,bookshelf_small,30,0.048,2387,true,0.010319269,0.0000317,7176,323
capt_simd,fetch,bookshelf_small,30,0.048,2387,true,0.01570559,0.005473634,7176,323
primitive,fetch,bookshelf_small,31,0.048,2370,true,0.007229624,0.000000461,11030,274
mvtable,fetch,bookshelf_small,31,0.048,2370,true,0.010196018,0.000040156,10580,293
mvtable_mutable,fetch,bookshelf_small,31,0.048,2370,true,0.010253746,0.000056677,10580,293
mvtable_cpp,fetch,bookshelf_small,31,0.048,2370,true,0.015851814,0.00003184,10580,293
capt,fetch,bookshelf_small,31,0.048,2370,true,0.033217194,0.005172218,10580,293
kiddo,fetch,bookshelf_small,31,0.048,2370,true,0.029259427,0.000065042,10580,293
mvtable_simd,fetch,bookshelf_small,31,0.048,2370,true,0.010689355,0.000042309,10580,293
mvtable_mutable_simd,fetch,bookshelf_small,31,0.048,2370,true,0.010388259,0.000059822,10580,293
mvt_cpp_simd,fetch,bookshelf_small,31,0.048,2370,true,0.012114283,0.000030117,10580,293
capt_simd,fetch,bookshelf_small,31,0.048,2370,true,0.019892567,0.00517851,10580,293
primitive,fetch,bookshelf_small,32,0.048,2379,true,0.137072123,0.000000511,149899,673
mvtable,fetch,bookshelf_small,32,0.048,2379,true,0.263798848,0.000036328,175224,1038
mvtable_mutable,fetch,bookshelf_small,32,0.048,2379,true,0.266185673,0.000050725,175224,1038
mvtable_cpp,fetch,bookshelf_small,32,0.048,2379,true,0.315246867,0.000028263,175224,1038
capt,fetch,bookshelf_small,32,0.048,2379,true,0.459694048,0.005236819,175224,1038
kiddo,fetch,bookshelf_small,32,0.048,2379,true,0.449525952,0.000065503,175224,1038
mvtable_simd,fetch,bookshelf_small,32,0.048,2379,true,0.301071632,0.00003738,175224,1038
mvtable_mutable_simd,fetch,bookshelf_small,32,0.048,2379,true,0.284196003,0.000051597,175224,1038
mvt_cpp_simd,fetch,bookshelf_small,32,0.048,2379,true,0.290323688,0.000028293,175224,1038
capt_simd,fetch,bookshelf_small,32,0.048,2379,true,0.393618224,0.005372605,175224,1038
primitive,fetch,bookshelf_small,33,0.048,2380,true,0.007091755,0.00000031,15489,168
mvtable,fetch,bookshelf_small,33,0.048,2380,true,0.013703087,0.000036638,12123,311
mvtable_mutable,fetch,bookshelf_small,33,0.048,2380,true,0.013830007,0.000046878,12123,311
mvtable_cpp,fetch,bookshelf_small,33,0.048,2380,true,0.017910133,0.000027452,12123,311
capt,fetch,bookshelf_small,33,0.048,2380,true,0.043206292,0.005215329,12123,311
kiddo,fetch,bookshelf_small,33,0.048,2380,true,0.033180916,0.000067126,12123,311
mvtable_simd,fetch,bookshelf_small,33,0.048,2380,true,0.016317621,0.000038612,12123,311
mvtable_mutable_simd,fetch,bookshelf_small,33,0.048,2380,true,0.014618097,0.000047389,12123,311
mvt_cpp_simd,fetch,bookshelf_small,33,0.048,2380,true,0.014175856,0.000029686,12123,311
capt_simd,fetch,bookshelf_small,33,0.048,2380,true,0.025782014,0.005332609,12123,311
primitive,fetch,bookshelf_small,34,0.048,2315,true,0.130877083,0.000000481,199474,386
mvtable,fetch,bookshelf_small,34,0.048,2315,true,0.026580924,0.000044984,23486,582
mvtable_mutable,fetch,bookshelf_small,34,0.048,2315,true,0.026666856,0.000058861,23486,582
mvtable_cpp,fetch,bookshelf_small,34,0.048,2315,true,0.032405037,0.000028324,23486,582
capt,fetch,bookshelf_small,34,0.048,2315,true,0.075635577,0.005139887,23486,582
kiddo,fetch,bookshelf_small,34,0.048,2315,true,0.065421053,0.000066314,23486,582
mvtable_simd,fetch,bookshelf_small,34,0.048,2315,true,0.027298563,0.00004289,23486,582
mvtable_mutable_simd,fetch,bookshelf_small,34,0.048,2315,true,0.026624056,0.00005857,23486,582
mvt_cpp_simd,fetch,bookshelf_small,34,0.048,2315,true,0.02862753,0.000030528,23486,582
capt_simd,fetch,bookshelf_small,34,0.048,2315,true,0.050274934,0.005218626,23486,582
primitive,fetch,bookshelf_small,35,0.048,2348,true,0.002042468,0.000000401,3411,160
mvtable,fetch,bookshelf_small,35,0.048,2348,true,0.003498173,0.000034996,2178,207
mvtable_mutable,fetch,bookshelf_small,35,0.048,2348,true,0.003506228,0.000047148,2178,207
mvtable_cpp,fetch,bookshelf_small,35,0.048,2348,true,0.005349531,0.00002673,2178,207
capt,fetch,bookshelf_small,35,0.048,2348,true,0.012692418,0.005469557,2178,207
kiddo,fetch,bookshelf_small,35,0.048,2348,true,0.014523279,0.000072286,2178,207
mvtable_simd,fetch,bookshelf_small,35,0.048,2348,true,0.003897543,0.000046237,2178,207
mvtable_mutable_simd,fetch,bookshelf_small,35,0.048,2348,true,0.003499245,0.000050605,2178,207
mvt_cpp_simd,fetch,bookshelf_small,35,0.048,2348,true,0.003455913,0.000029886,2178,207
capt_simd,fetch,bookshelf_small,35,0.048,2348,true,0.005875781,0.005212214,2178,207
primitive,fetch,bookshelf_small,36,0.048,2368,true,0.026196031,0.00000034,25261,782
mvtable,fetch,bookshelf_small,36,0.048,2368,true,0.011733627,0.000036478,7748,411
mvtable_mutable,fetch,bookshelf_small,36,0.048,2368,true,0.011804811,0.000048521,7748,411
mvtable_cpp,fetch,bookshelf_small,36,0.048,2368,true,0.014458407,0.000035196,7748,411
capt,fetch,bookshelf_small,36,0.048,2368,true,0.034679561,0.005273369,7748,411
kiddo,fetch,bookshelf_small,36,0.048,2368,true,0.030761649,0.000064401,7748,411
mvtable_simd,fetch,bookshelf_small,36,0.048,2368,true,0.013369521,0.000035416,7748,411
mvtable_mutable_simd,fetch,bookshelf_small,36,0.048,2368,true,0.012080479,0.000047109,7748,411
mvt_cpp_simd,fetch,bookshelf_small,36,0.048,2368,true,0.01132003,0.000029566,7748,411
capt_simd,fetch,bookshelf_small,36,0.048,2368,true,0.018453804,0.005202826,7748,411
primitive,fetch,bookshelf_small,38,0.048,2404,true,0.00112827,0.00000047,2994,72
mvtable,fetch,bookshelf_small,38,0.048,2404,true,0.000572185,0.000041528,802,42
mvtable_mutable,fetch,bookshelf_small,38,0.048,2404,true,0.000572987,0.000056756,802,42
mvtable_cpp,fetch,bookshelf_small,38,0.048,2404,true,0.000982657,0.000027231,802,42
capt,fetch,bookshelf_small,38,0.048,2404,true,0.002423424,0.005177578,802,42
kiddo,fetch,bookshelf_small,38,0.048,2404,true,0.001760417,0.000067967,802,42
mvtable_simd,fetch,bookshelf_small,38,0.048,2404,true,0.000600609,0.000041197,802,42
mvtable_mutable_simd,fetch,bookshelf_small,38,0.048,2404,true,0.00058543,0.000057548,802,42
mvt_cpp_simd,fetch,bookshelf_small,38,0.048,2404,true,0.000664749,0.000025968,802,42
capt_simd,fetch,bookshelf_small,38,0.048,2404,true,0.001291707,0.005079113,802,42
primitive,fetch,bookshelf_small,39,0.048,2143,true,0.000648639,0.00000031,1695,38
mvtable,fetch,bookshelf_small,39,0.048,2143,true,0.001278463,0.000030477,1682,40
mvtable_mutable,fetch,bookshelf_small,39,0.048,2143,true,0.001263954,0.000048882,1682,40
mvtable_cpp,fetch,bookshelf_small,39,0.048,2143,true,0.001385484,0.00002137,1682,40
capt,fetch,bookshelf_small,39,0.048,2143,true,0.00460891,0.004523881,1682,40
kiddo,fetch,bookshelf_small,39,0.048,2143,true,0.003962926,0.000059271,1682,40
mvtable_simd,fetch,bookshelf_small,39,0.048,2143,true,0.001546616,0.000031139,1682,40
mvtable_mutable_simd,fetch,bookshelf_small,39,0.048,2143,true,0.001345498,0.000037941,1682,40
mvt_cpp_simd,fetch,bookshelf_small,39,0.048,2143,true,0.001156463,0.00002126,1682,40
capt_simd,fetch,bookshelf_small,39,0.048,2143,true,0.002642745,0.004498182,1682,40
primitive,fetch,bookshelf_small,40,0.048,2340,true,0.009836082,0.000000641,13254,432
mvtable,fetch,bookshelf_small,40,0.048,2340,true,0.018434097,0.000038893,11439,599
mvtable_mutable,fetch,bookshelf_small,40,0.048,2340,true,0.018187213,0.000049303,11439,599
mvtable_cpp,fetch,bookshelf_small,40,0.048,2340,true,0.022584415,0.000027161,11439,599
capt,fetch,bookshelf_small,40,0.048,2340,true,0.050008354,0.005466281,11439,599
kiddo,fetch,bookshelf_small,40,0.048,2340,true,0.045358146,0.000066224,11439,599
mvtable_simd,fetch,bookshelf_small,40,0.048,2340,true,0.02001645,0.000037861,11439,599
mvtable_mutable_simd,fetch,bookshelf_small,40,0.048,2340,true,0.018359277,0.000049293,11439,599
mvt_cpp_simd,fetch,bookshelf_small,40,0.048,2340,true,0.017600751,0.000025718,11439,599
capt_simd,fetch,bookshelf_small,40,0.048,2340,true,0.028238028,0.005341857,11439,599
primitive,fetch,bookshelf_small,41,0.048,2144,true,0.014181357,0.000000651,47786,311
mvtable,fetch,bookshelf_small,41,0.048,2144,true,0.018933635,0.000032661,52955,204
mvtable_mutable,fetch,bookshelf_small,41,0.048,2144,true,0.018996554,0.000044524,52955,204
mvtable_cpp,fetch,bookshelf_small,41,0.048,2144,true,0.020297689,0.000025708,52955,204
capt,fetch,bookshelf_small,41,0.048,2144,true,0.055611431,0.004948138,52955,204
kiddo,fetch,bookshelf_small,41,0.048,2144,true,0.060806563,0.000057598,52955,204
mvtable_simd,fetch,bookshelf_small,41,0.048,2144,true,0.022226312,0.000034084,52955,204
mvtable_mutable_simd,fetch,bookshelf_small,41,0.048,2144,true,0.019869214,0.000043412,52955,204
mvt_cpp_simd,fetch,bookshelf_small,41,0.048,2144,true,0.017555045,0.000028043,52955,204
capt_simd,fetch,bookshelf_small,41,0.048,2144,true,0.036496485,0.004976852,52955,204
primitive,fetch,bookshelf_small,42,0.048,2366,true,0.00763705,0.000000371,12639,302
mvtable,fetch,bookshelf_small,42,0.048,2366,true,0.015791051,0.000035487,12969,371
mvtable_mutable,fetch,bookshelf_small,42,0.048,2366,true,0.015808403,0.00004775,12969,371
mvtable_cpp,fetch,bookshelf_small,42,0.048,2366,true,0.020142888,0.00002669,12969,371
capt,fetch,bookshelf_small,42,0.048,2366,true,0.048327556,0.005198878,12969,371
kiddo,fetch,bookshelf_small,42,0.048,2366,true,0.037866159,0.000072557,12969,371
mvtable_simd,fetch,bookshelf_small,42,0.048,2366,true,0.018755731,0.000036128,12969,371
mvtable_mutable_simd,fetch,bookshelf_small,42,0.048,2366,true,0.016900936,0.000046908,12969,371
mvt_cpp_simd,fetch,bookshelf_small,42,0.048,2366,true,0.016356774,0.00002679,12969,371
capt_simd,fetch,bookshelf_small,42,0.048,2366,true,0.029160642,0.005302904,12969,371
primitive,fetch,bookshelf_small,45,0.048,2374,true,0.000578357,0.00000025,2951,25
mvtable,fetch,bookshelf_small,45,0.048,2374,true,0.002898096,0.000033743,7191,39
mvtable_mutable,fetch,bookshelf_small,45,0.048,2374,true,0.002986422,0.000043311,7191,39
mvtable_cpp,fetch,bookshelf_small,45,0.048,2374,true,0.003662031,0.000024767,7191,39
capt,fetch,bookshelf_small,45,0.048,2374,true,0.009591983,0.004943028,7191,39
kiddo,fetch,bookshelf_small,45,0.048,2374,true,0.00703063,0.000064291,7191,39
mvtable_simd,fetch,bookshelf_small,45,0.048,2374,true,0.00428983,0.000034796,7191,39
mvtable_mutable_simd,fetch,bookshelf_small,45,0.048,2374,true,0.003708438,0.000043602,7191,39
mvt_cpp_simd,fetch,bookshelf_small,45,0.048,2374,true,0.003568204,0.000023544,7191,39
capt_simd,fetch,bookshelf_small,45,0.048,2374,true,0.008145786,0.004993733,7191,39
primitive,fetch,bookshelf_small,46,0.048,2411,true,0.008615498,0.000000301,8904,498
mvtable,fetch,bookshelf_small,46,0.048,2411,true,0.011014716,0.000044744,6664,444
mvtable_mutable,fetch,bookshelf_small,46,0.048,2411,true,0.011446046,0.000046657,6664,444
mvtable_cpp,fetch,bookshelf_small,46,0.048,2411,true,0.01381066,0.000030007,6664,444
capt,fetch,bookshelf_small,46,0.048,2411,true,0.036563141,0.005339683,6664,444
kiddo,fetch,bookshelf_small,46,0.048,2411,true,0.029961457,0.000064151,6664,444
mvtable_simd,fetch,bookshelf_small,46,0.048,2411,true,0.012318896,0.00003715,6664,444
mvtable_mutable_simd,fetch,bookshelf_small,46,0.048,2411,true,0.011191368,0.000050154,6664,444
mvt_cpp_simd,fetch,bookshelf_small,46,0.048,2411,true,0.010930678,0.000031049,6664,444
capt_simd,fetch,bookshelf_small,46,0.048,2411,true,0.018132199,0.005424823,6664,444
primitive,fetch,bookshelf_small,47,0.048,2373,true,0.008545887,0.000000421,11086,367
mvtable,fetch,bookshelf_small,47,0.048,2373,true,0.009849697,0.000034144,8074,325
mvtable_mutable,fetch,bookshelf_small,47,0.048,2373,true,0.009952982,0.000042399,8074,325
mvtable_cpp,fetch,bookshelf_small,47,0.048,2373,true,0.012199032,0.000024486,8074,325
capt,fetch,bookshelf_small,47,0.048,2373,true,0.028400614,0.00506629,8074,325
kiddo,fetch,bookshelf_small,47,0.048,2373,true,0.027132651,0.000073348,8074,325
mvtable_simd,fetch,bookshelf_small,47,0.048,2373,true,0.011508955,0.00003692,8074,325
mvtable_mutable_simd,fetch,bookshelf_small,47,0.048,2373,true,0.01038311,0.000048281,8074,325
mvt_cpp_simd,fetch,bookshelf_small,47,0.048,2373,true,0.009692702,0.00002707,8074,325
capt_simd,fetch,bookshelf_small,47,0.048,2373,true,0.016256064,0.005201433,8074,325
primitive,fetch,bookshelf_small,48,0.048,2380,true,0.036047282,0.00000029,53747,328
mvtable,fetch,bookshelf_small,48,0.048,2380,true,0.045097025,0.00003732,41063,423
mvtable_mutable,fetch,bookshelf_small,48,0.048,2380,true,0.045677286,0.000048882,41063,423
mvtable_cpp,fetch,bookshelf_small,48,0.048,2380,true,0.052140781,0.000029636,41063,423
capt,fetch,bookshelf_small,48,0.048,2380,true,0.103202132,0.00526885,41063,423
kiddo,fetch,bookshelf_small,48,0.048,2380,true,0.092352877,0.000065673,41063,423
mvtable_simd,fetch,bookshelf_small,48,0.048,2380,true,0.054466791,0.000036699,41063,423
mvtable_mutable_simd,fetch,bookshelf_small,48,0.048,2380,true,0.049798098,0.000053301,41063,423
mvt_cpp_simd,fetch,bookshelf_small,48,0.048,2380,true,0.046807689,0.000028203,41063,423
capt_simd,fetch,bookshelf_small,48,0.048,2380,true,0.077472148,0.005257178,41063,423
primitive,fetch,bookshelf_small,49,0.048,2387,true,0.022647052,0.000000331,25548,536
mvtable,fetch,bookshelf_small,49,0.048,2387,true,0.016862243,0.000038703,12834,458
mvtable_mutable,fetch,bookshelf_small,49,0.048,2387,true,0.017045037,0.000047209,12834,458
mvtable_cpp,fetch,bookshelf_small,49,0.048,2387,true,0.020341601,0.00002697,12834,458
capt,fetch,bookshelf_small,49,0.048,2387,true,0.049163937,0.005180454,12834,458
kiddo,fetch,bookshelf_small,49,0.048,2387,true,0.040492424,0.000071264,12834,458
mvtable_simd,fetch,bookshelf_small,49,0.048,2387,true,0.019262243,0.000036999,12834,458
mvtable_mutable_simd,fetch,bookshelf_small,49,0.048,2387,true,0.017547962,0.000047089,12834,458
mvt_cpp_simd,fetch,bookshelf_small,49,0.048,2387,true,0.016777575,0.000030417,12834,458
capt_simd,fetch,bookshelf_small,49,0.048,2387,true,0.028760761,0.005253932,12834,458
primitive,fetch,bookshelf_tall,1,0.048,7638,true,0.006075535,0.00000023,9635,203
mvtable,fetch,bookshelf_tall,1,0.048,7638,true,0.005231139,0.000134162,6389,136
mvtable_mutable,fetch,bookshelf_tall,1,0.048,7638,true,0.005291573,0.000179167,6389,136
mvtable_cpp,fetch,bookshelf_tall,1,0.048,7638,true,0.01158076,0.000071484,6389,136
capt,fetch,bookshelf_tall,1,0.048,7638,true,0.017077678,0.017960758,6389,136
kiddo,fetch,bookshelf_tall,1,0.048,7638,true,0.018553782,0.000199746,6389,136
mvtable_simd,fetch,bookshelf_tall,1,0.048,7638,true,0.005979756,0.000135434,6389,136
mvtable_mutable_simd,fetch,bookshelf_tall,1,0.048,7638,true,0.005724696,0.000181451,6389,136
mvt_cpp_simd,fetch,bookshelf_tall,1,0.048,7638,true,0.008776039,0.000093966,6389,136
capt_simd,fetch,bookshelf_tall,1,0.048,7638,true,0.012658655,0.026063362,6389,136
primitive,fetch,bookshelf_tall,3,0.048,7664,true,0.013829956,0.000001152,33081,99
mvtable,fetch,bookshelf_tall,3,0.048,7664,true,0.007771913,0.000134944,10971,123
mvtable_mutable,fetch,bookshelf_tall,3,0.048,7664,true,0.007864477,0.000186881,10971,123
mvtable_cpp,fetch,bookshelf_tall,3,0.048,7664,true,0.019250591,0.00007444,10971,123
capt,fetch,bookshelf_tall,3,0.048,7664,true,0.023391813,0.021350397,10971,123
kiddo,fetch,bookshelf_tall,3,0.048,7664,true,0.023876283,0.000189706,10971,123
mvtable_simd,fetch,bookshelf_tall,3,0.048,7664,true,0.008793132,0.000137889,10971,123
mvtable_mutable_simd,fetch,bookshelf_tall,3,0.048,7664,true,0.008456009,0.000190558,10971,123
mvt_cpp_simd,fetch,bookshelf_tall,3,0.048,7664,true,0.01637045,0.000080632,10971,123
capt_simd,fetch,bookshelf_tall,3,0.048,7664,true,0.019763645,0.018879734,10971,123
primitive,fetch,bookshelf_tall,4,0.048,7237,true,0.012457617,0.000000511,18048,504
mvtable,fetch,bookshelf_tall,4,0.048,7237,true,0.006568442,0.000131467,8505,167
mvtable_mutable,fetch,bookshelf_tall,4,0.048,7237,true,0.006576597,0.000167084,8505,167
mvtable_cpp,fetch,bookshelf_tall,4,0.048,7237,true,0.013708087,0.000070422,8505,167
capt,fetch,bookshelf_tall,4,0.048,7237,true,0.020803609,0.020399831,8505,167
kiddo,fetch,bookshelf_tall,4,0.048,7237,true,0.022074767,0.000183455,8505,167
mvtable_simd,fetch,bookshelf_tall,4,0.048,7237,true,0.007586255,0.000125656,8505,167
mvtable_mutable_simd,fetch,bookshelf_tall,4,0.048,7237,true,0.007204697,0.000204835,8505,167
mvt_cpp_simd,fetch,bookshelf_tall,4,0.048,7237,true,0.011266088,0.000068679,8505,167
capt_simd,fetch,bookshelf_tall,4,0.048,7237,true,0.015988242,0.019955937,8505,167
primitive,fetch,bookshelf_tall,5,0.048,7746,true,0.006883293,0.000000511,13293,139
mvtable,fetch,bookshelf_tall,5,0.048,7746,true,0.017675913,0.000132239,16620,329
mvtable_mutable,fetch,bookshelf_tall,5,0.048,7746,true,0.017778074,0.000184277,16620,329
mvtable_cpp,fetch,bookshelf_tall,5,0.048,7746,true,0.02904775,0.000086242,16620,329
capt,fetch,bookshelf_tall,5,0.048,7746,true,0.048915911,0.021494027,16620,329
kiddo,fetch,bookshelf_tall,5,0.048,7746,true,0.049113212,0.000191319,16620,329
mvtable_simd,fetch,bookshelf_tall,5,0.048,7746,true,0.019054011,0.000140974,16620,329
mvtable_mutable_simd,fetch,bookshelf_tall,5,0.048,7746,true,0.01844668,0.000191039,16620,329
mvt_cpp_simd,fetch,bookshelf_tall,5,0.048,7746,true,0.022859603,0.00009028,16620,329
capt_simd,fetch,bookshelf_tall,5,0.048,7746,true,0.034606364,0.019266942,16620,329
primitive,fetch,bookshelf_tall,6,0.048,6511,true,0.007042934,0.000000691,6624,684
mvtable,fetch,bookshelf_tall,6,0.048,6511,true,0.003611947,0.000116589,2862,306
mvtable_mutable,fetch,bookshelf_tall,6,0.048,6511,true,0.003646652,0.000155412,2862,306
mvtable_cpp,fetch,bookshelf_tall,6,0.048,6511,true,0.004305259,0.000063048,2862,306
capt,fetch,bookshelf_tall,6,0.048,6511,true,0.009383241,0.019496804,2862,306
kiddo,fetch,bookshelf_tall,6,0.048,6511,true,0.017972369,0.000166373,2862,306
mvtable_simd,fetch,bookshelf_tall,6,0.048,6511,true,0.003550541,0.000114536,2862,306
mvtable_mutable_simd,fetch,bookshelf_tall,6,0.048,6511,true,0.003436447,0.000162746,2862,306
mvt_cpp_simd,fetch,bookshelf_tall,6,0.048,6511,true,0.003686757,0.000063369,2862,306
capt_simd,fetch,bookshelf_tall,6,0.048,6511,true,0.006420043,0.018372471,2862,306
primitive,fetch,bookshelf_tall,8,0.048,7706,true,0.000941198,0.000001202,1296,129
mvtable,fetch,bookshelf_tall,8,0.048,7706,true,0.000996953,0.000133901,492,97
mvtable_mutable,fetch,bookshelf_tall,8,0.048,7706,true,0.001007624,0.000186971,492,97
mvtable_cpp,fetch,bookshelf_tall,8,0.048,7706,true,0.00223521,0.00007445,492,97
capt,fetch,bookshelf_tall,8,0.048,7706,true,0.003178522,0.021655309,492,97
kiddo,fetch,bookshelf_tall,8,0.048,7706,true,0.004207326,0.000190438,492,97
mvtable_simd,fetch,bookshelf_tall,8,0.048,7706,true,0.000988587,0.000135424,492,97
mvtable_mutable_simd,fetch,bookshelf_tall,8,0.048,7706,true,0.000954313,0.000186501,492,97
mvt_cpp_simd,fetch,bookshelf_tall,8,0.048,7706,true,0.001244279,0.000076924,492,97
capt_simd,fetch,bookshelf_tall,8,0.048,7706,true,0.001653116,0.019696119,492,97
primitive,fetch,bookshelf_tall,10,0.048,7624,true,0.035874426,0.000000912,35649,555
mvtable,fetch,bookshelf_tall,10,0.048,7624,true,0.028443144,0.000134062,21006,594
mvtable_mutable,fetch,bookshelf_tall,10,0.048,7624,true,0.028604727,0.00018615,21006,594
mvtable_cpp,fetch,bookshelf_tall,10,0.048,7624,true,0.044225638,0.000076383,21006,594
capt,fetch,bookshelf_tall,10,0.048,7624,true,0.078480241,0.021437079,21006,594
kiddo,fetch,bookshelf_tall,10,0.048,7624,true,0.082473905,0.000191781,21006,594
mvtable_simd,fetch,bookshelf_tall,10,0.048,7624,true,0.030322535,0.000138059,21006,594
mvtable_mutable_simd,fetch,bookshelf_tall,10,0.048,7624,true,0.029267563,0.000190788,21006,594
mvt_cpp_simd,fetch,bookshelf_tall,10,0.048,7624,true,0.037115588,0.000076694,21006,594
capt_simd,fetch,bookshelf_tall,10,0.048,7624,true,0.055772094,0.02132531,21006,594
primitive,fetch,bookshelf_tall,11,0.048,7594,true,0.012646693,0.000000481,17926,230
mvtable,fetch,bookshelf_tall,11,0.048,7594,true,0.016650917,0.000129814,13011,483
mvtable_mutable,fetch,bookshelf_tall,11,0.048,7594,true,0.016749661,0.000188805,13011,483
mvtable_cpp,fetch,bookshelf_tall,11,0.048,7594,true,0.031967556,0.000073208,13011,483
capt,fetch,bookshelf_tall,11,0.048,7594,true,0.048267483,0.021588344,13011,483
kiddo,fetch,bookshelf_tall,11,0.048,7594,true,0.049450075,0.000196599,13011,483
mvtable_simd,fetch,bookshelf_tall,11,0.048,7594,true,0.0172227,0.000135855,13011,483
mvtable_mutable_simd,fetch,bookshelf_tall,11,0.048,7594,true,0.016697965,0.000188734,13011,483
mvt_cpp_simd,fetch,bookshelf_tall,11,0.048,7594,true,0.022780193,0.000074019,13011,483
capt_simd,fetch,bookshelf_tall,11,0.048,7594,true,0.032216393,0.019583246,13011,483
primitive,fetch,bookshelf_tall,12,0.048,7210,true,0.004717904,0.00000042,5048,132
mvtable,fetch,bookshelf_tall,12,0.048,7210,true,0.002776206,0.000134513,2573,161
mvtable_mutable,fetch,bookshelf_tall,12,0.048,7210,true,0.002821521,0.000178735,2573,161
mvtable_cpp,fetch,bookshelf_tall,12,0.048,7210,true,0.005405357,0.000093316,2573,161
capt,fetch,bookshelf_tall,12,0.048,7210,true,0.0101173,0.020456567,2573,161
kiddo,fetch,bookshelf_tall,12,0.048,7210,true,0.013492061,0.000183074,2573,161
mvtable_simd,fetch,bookshelf_tall,12,0.048,7210,true,0.002867308,0.000139101,2573,161
mvtable_mutable_simd,fetch,bookshelf_tall,12,0.048,7210,true,0.002766788,0.000176572,2573,161
mvt_cpp_simd,fetch,bookshelf_tall,12,0.048,7210,true,0.003514954,0.000071354,2573,161
capt_simd,fetch,bookshelf_tall,12,0.048,7210,true,0.006031142,0.019730723,2573,161
primitive,fetch,bookshelf_tall,13,0.048,7706,true,0.012730691,0.000000431,15540,318
mvtable,fetch,bookshelf_tall,13,0.048,7706,true,0.013207286,0.000135415,9849,416
mvtable_mutable,fetch,bookshelf_tall,13,0.048,7706,true,0.013327552,0.0001859,9849,416
mvtable_cpp,fetch,bookshelf_tall,13,0.048,7706,true,0.028685188,0.00008503,9849,416
capt,fetch,bookshelf_tall,13,0.048,7706,true,0.038841401,0.021736452,9849,416
kiddo,fetch,bookshelf_tall,13,0.048,7706,true,0.039157044,0.000198082,9849,416
mvtable_simd,fetch,bookshelf_tall,13,0.048,7706,true,0.014084544,0.000139852,9849,416
mvtable_mutable_simd,fetch,bookshelf_tall,13,0.048,7706,true,0.013620743,0.000187292,9849,416
mvt_cpp_simd,fetch,bookshelf_tall,13,0.048,7706,true,0.018790787,0.000091823,9849,416
capt_simd,fetch,bookshelf_tall,13,0.048,7706,true,0.024860151,0.01934592,9849,416
primitive,fetch,bookshelf_tall,14,0.048,7679,true,0.010992625,0.000000431,13445,219
mvtable,fetch,bookshelf_tall,14,0.048,7679,true,0.023015966,0.000134543,18527,475
mvtable_mutable,fetch,bookshelf_tall,14,0.048,7679,true,0.02336964,0.000183705,18527,475
mvtable_cpp,fetch,bookshelf_tall,14,0.048,7679,true,0.045683167,0.000103425,18527,475
capt,fetch,bookshelf_tall,14,0.048,7679,true,0.062158624,0.022138928,18527,475
kiddo,fetch,bookshelf_tall,14,0.048,7679,true,0.060455123,0.00019168,18527,475
mvtable_simd,fetch,bookshelf_tall,14,0.048,7679,true,0.023839484,0.000136416,18527,475
mvtable_mutable_simd,fetch,bookshelf_tall,14,0.048,7679,true,0.023303466,0.000187272,18527,475
mvt_cpp_simd,fetch,bookshelf_tall,14,0.048,7679,true,0.03397092,0.000088606,18527,475
capt_simd,fetch,bookshelf_tall,14,0.048,7679,true,0.045154764,0.019472468,18527,475
primitive,fetch,bookshelf_tall,15,0.048,6534,true,0.006505443,0.000000641,12449,353
mvtable,fetch,bookshelf_tall,15,0.048,6534,true,0.006829262,0.000110468,8141,335
mvtable_mutable,fetch,bookshelf_tall,15,0.048,6534,true,0.006876852,0.000188724,8141,335
mvtable_cpp,fetch,bookshelf_tall,15,0.048,6534,true,0.007591193,0.000065383,8141,335
capt,fetch,bookshelf_tall,15,0.048,6534,true,0.017858435,0.019767993,8141,335
kiddo,fetch,bookshelf_tall,15,0.048,6534,true,0.025523237,0.000173045,8141,335
mvtable_simd,fetch,bookshelf_tall,15,0.048,6534,true,0.007491206,0.000130646,8141,335
mvtable_mutable_simd,fetch,bookshelf_tall,15,0.048,6534,true,0.007132683,0.000152236,8141,335
mvt_cpp_simd,fetch,bookshelf_tall,15,0.048,6534,true,0.006946372,0.00006941,8141,335
capt_simd,fetch,bookshelf_tall,15,0.048,6534,true,0.01359791,0.018584019,8141,335
primitive,fetch,bookshelf_tall,16,0.048,7489,true,0.012985489,0.00000043,19922,289
mvtable,fetch,bookshelf_tall,16,0.048,7489,true,0.023909836,0.000124334,19789,492
mvtable_mutable,fetch,bookshelf_tall,16,0.048,7489,true,0.024153874,0.000170831,19789,492
mvtable_cpp,fetch,bookshelf_tall,16,0.048,7489,true,0.039888389,0.000074841,19789,492
capt,fetch,bookshelf_tall,16,0.048,7489,true,0.070370514,0.021052847,19789,492
kiddo,fetch,bookshelf_tall,16,0.048,7489,true,0.066202271,0.000190989,19789,492
mvtable_simd,fetch,bookshelf_tall,16,0.048,7489,true,0.025127844,0.000130465,19789,492
mvtable_mutable_simd,fetch,bookshelf_tall,16,0.048,7489,true,0.024704489,0.000174728,19789,492
mvt_cpp_simd,fetch,bookshelf_tall,16,0.048,7489,true,0.031758513,0.000076093,19789,492
capt_simd,fetch,bookshelf_tall,16,0.048,7489,true,0.048000812,0.021467787,19789,492
primitive,fetch,bookshelf_tall,18,0.048,7659,true,0.000852511,0.000000531,1940,45
mvtable,fetch,bookshelf_tall,18,0.048,7659,true,0.001770798,0.000134773,1862,81
mvtable_mutable,fetch,bookshelf_tall,18,0.048,7659,true,0.001882026,0.000222799,1862,81
mvtable_cpp,fetch,bookshelf_tall,18,0.048,7659,true,0.004989916,0.000074881,1862,81
capt,fetch,bookshelf_tall,18,0.048,7659,true,0.006111413,0.021031878,1862,81
kiddo,fetch,bookshelf_tall,18,0.048,7659,true,0.007172287,0.00019175,1862,81
mvtable_simd,fetch,bookshelf_tall,18,0.048,7659,true,0.001948041,0.000133481,1862,81
mvtable_mutable_simd,fetch,bookshelf_tall,18,0.048,7659,true,0.001853051,0.000181121,1862,81
mvt_cpp_simd,fetch,bookshelf_tall,18,0.048,7659,true,0.003259344,0.000080691,1862,81
capt_simd,fetch,bookshelf_tall,18,0.048,7659,true,0.004056262,0.018900393,1862,81
primitive,fetch,bookshelf_tall,19,0.048,7652,true,0.002581651,0.000000531,3469,190
mvtable,fetch,bookshelf_tall,19,0.048,7652,true,0.002486933,0.000134153,2187,114
mvtable_mutable,fetch,bookshelf_tall,19,0.048,7652,true,0.002508884,0.000179418,2187,114
mvtable_cpp,fetch,bookshelf_tall,19,0.048,7652,true,0.005056611,0.000072336,2187,114
capt,fetch,bookshelf_tall,19,0.048,7652,true,0.009072457,0.021360807,2187,114
kiddo,fetch,bookshelf_tall,19,0.048,7652,true,0.008972619,0.000198773,2187,114
mvtable_simd,fetch,bookshelf_tall,19,0.048,7652,true,0.002501901,0.000138009,2187,114
mvtable_mutable_simd,fetch,bookshelf_tall,19,0.048,7652,true,0.002452829,0.000180539,2187,114
mvt_cpp_simd,fetch,bookshelf_tall,19,0.048,7652,true,0.003371465,0.0000747,2187,114
capt_simd,fetch,bookshelf_tall,19,0.048,7652,true,0.005205651,0.020024024,2187,114
primitive,fetch,bookshelf_tall,20,0.048,7235,true,0.009770348,0.000000471,10892,422
mvtable,fetch,bookshelf_tall,20,0.048,7235,true,0.011640893,0.000126888,6423,606
mvtable_mutable,fetch,bookshelf_tall,20,0.048,7235,true,0.011408977,0.000169368,6423,606
mvtable_cpp,fetch,bookshelf_tall,20,0.048,7235,true,0.021404207,0.000074239,6423,606
capt,fetch,bookshelf_tall,20,0.048,7235,true,0.037915282,0.020779364,6423,606
kiddo,fetch,bookshelf_tall,20,0.048,7235,true,0.045250293,0.000184277,6423,606
mvtable_simd,fetch,bookshelf_tall,20,0.048,7235,true,0.011513764,0.000128772,6423,606
mvtable_mutable_simd,fetch,bookshelf_tall,20,0.048,7235,true,0.011254316,0.000173997,6423,606
mvt_cpp_simd,fetch,bookshelf_tall,20,0.048,7235,true,0.014230409,0.000072606,6423,606
capt_simd,fetch,bookshelf_tall,20,0.048,7235,true,0.021504216,0.019915741,6423,606
primitive,fetch,bookshelf_tall,21,0.048,7412,true,0.007561948,0.000000401,15270,121
mvtable,fetch,bookshelf_tall,21,0.048,7412,true,0.022620924,0.000129193,28116,269
mvtable_mutable,fetch,bookshelf_tall,21,0.048,7412,true,0.022764053,0.000176823,28116,269
mvtable_cpp,fetch,bookshelf_tall,21,0.048,7412,true,0.040758404,0.000082926,28116,269
capt,fetch,bookshelf_tall,21,0.048,7412,true,0.062471532,0.021124382,28116,269
kiddo,fetch,bookshelf_tall,21,0.048,7412,true,0.062855563,0.000188304,28116,269
mvtable_simd,fetch,bookshelf_tall,21,0.048,7412,true,0.025101845,0.000131928,28116,269
mvtable_mutable_simd,fetch,bookshelf_tall,21,0.048,7412,true,0.024509672,0.000182423,28116,269
mvt_cpp_simd,fetch,bookshelf_tall,21,0.048,7412,true,0.032371344,0.000076594,28116,269
capt_simd,fetch,bookshelf_tall,21,0.048,7412,true,0.049273884,0.020587654,28116,269
primitive,fetch,bookshelf_tall,22,0.048,7437,true,0.002383569,0.000000561,4359,89
mvtable,fetch,bookshelf_tall,22,0.048,7437,true,0.002331632,0.000126217,2973,97
mvtable_mutable,fetch,bookshelf_tall,22,0.048,7437,true,0.00235745,0.000173035,2973,97
mvtable_cpp,fetch,bookshelf_tall,22,0.048,7437,true,0.004461143,0.000065503,2973,97
capt,fetch,bookshelf_tall,22,0.048,7437,true,0.008506634,0.021169486,2973,97
kiddo,fetch,bookshelf_tall,22,0.048,7437,true,0.009470464,0.000197692,2973,97
mvtable_simd,fetch,bookshelf_tall,22,0.048,7437,true,0.002591489,0.000126588,2973,97
mvtable_mutable_simd,fetch,bookshelf_tall,22,0.048,7437,true,0.002490018,0.000167004,2973,97
mvt_cpp_simd,fetch,bookshelf_tall,22,0.048,7437,true,0.003623108,0.000069892,2973,97
capt_simd,fetch,bookshelf_tall,22,0.048,7437,true,0.005845804,0.019614596,2973,97
primitive,fetch,bookshelf_tall,23,0.048,7655,true,0.002150641,0.000000371,2399,293
mvtable,fetch,bookshelf_tall,23,0.048,7655,true,0.00171884,0.000131147,1494,135
mvtable_mutable,fetch,bookshelf_tall,23,0.048,7655,true,0.00172448,0.00018065,1494,135
mvtable_cpp,fetch,bookshelf_tall,23,0.048,7655,true,0.00268224,0.000071985,1494,135
capt,fetch,bookshelf_tall,23,0.048,7655,true,0.005102557,0.015001297,1494,135
kiddo,fetch,bookshelf_tall,23,0.048,7655,true,0.008039095,0.000201318,1494,135
mvtable_simd,fetch,bookshelf_tall,23,0.048,7655,true,0.001690877,0.000133802,1494,135
mvtable_mutable_simd,fetch,bookshelf_tall,23,0.048,7655,true,0.001648738,0.000183244,1494,135
mvt_cpp_simd,fetch,bookshelf_tall,23,0.048,7655,true,0.001964141,0.000077856,1494,135
capt_simd,fetch,bookshelf_tall,23,0.048,7655,true,0.003070559,0.019923526,1494,135
primitive,fetch,bookshelf_tall,24,0.048,7341,true,0.000368443,0.000000431,537,47
mvtable,fetch,bookshelf_tall,24,0.048,7341,true,0.000468881,0.000131026,510,39
mvtable_mutable,fetch,bookshelf_tall,24,0.048,7341,true,0.000466857,0.000175369,510,39
mvtable_cpp,fetch,bookshelf_tall,24,0.048,7341,true,0.001395191,0.000073659,510,39
capt,fetch,bookshelf_tall,24,0.048,7341,true,0.001559951,0.019868452,510,39
kiddo,fetch,bookshelf_tall,24,0.048,7341,true,0.00252797,0.000192231,510,39
mvtable_simd,fetch,bookshelf_tall,24,0.048,7341,true,0.000488497,0.000130275,510,39
mvtable_mutable_simd,fetch,bookshelf_tall,24,0.048,7341,true,0.000464903,0.000179066,510,39
mvt_cpp_simd,fetch,bookshelf_tall,24,0.048,7341,true,0.000764446,0.000092744,510,39
capt_simd,fetch,bookshelf_tall,24,0.048,7341,true,0.000984089,0.021089246,510,39
primitive,fetch,bookshelf_tall,26,0.048,7629,false,0.429855753,0.000000531,1000000,237
mvtable,fetch,bookshelf_tall,26,0.048,7629,true,0.060649488,0.000138781,105150,400
mvtable_mutable,fetch,bookshelf_tall,26,0.048,7629,true,0.062521095,0.000192632,105150,400
mvtable_cpp,fetch,bookshelf_tall,26,0.048,7629,true,0.128218547,0.000086703,105150,400
capt,fetch,bookshelf_tall,26,0.048,7629,true,0.156551465,0.021223448,105150,400
kiddo,fetch,bookshelf_tall,26,0.048,7629,true,0.160276223,0.000191039,105150,400
mvtable_simd,fetch,bookshelf_tall,26,0.048,7629,true,0.06976765,0.000140113,105150,400
mvtable_mutable_simd,fetch,bookshelf_tall,26,0.048,7629,true,0.067785236,0.000188013,105150,400
mvt_cpp_simd,fetch,bookshelf_tall,26,0.048,7629,true,0.121099943,0.000077285,105150,400
capt_simd,fetch,bookshelf_tall,26,0.048,7629,true,0.144509187,0.021521207,105150,400
primitive,fetch,bookshelf_tall,28,0.048,7557,true,0.000750681,0.000000712,1677,68
mvtable,fetch,bookshelf_tall,28,0.048,7557,true,0.000874483,0.000130756,744,84
mvtable_mutable,fetch,bookshelf_tall,28,0.048,7557,true,0.00087274,0.000179177,744,84
mvtable_cpp,fetch,bookshelf_tall,28,0.048,7557,true,0.001901212,0.000068319,744,84
capt,fetch,bookshelf_tall,28,0.048,7557,true,0.002638938,0.020622049,744,84
kiddo,fetch,bookshelf_tall,28,0.048,7557,true,0.004412601,0.000194416,744,84
mvtable_simd,fetch,bookshelf_tall,28,0.048,7557,true,0.000872379,0.000132899,744,84
mvtable_mutable_simd,fetch,bookshelf_tall,28,0.048,7557,true,0.000852281,0.000178084,744,84
mvt_cpp_simd,fetch,bookshelf_tall,28,0.048,7557,true,0.001215313,0.000074249,744,84
capt_simd,fetch,bookshelf_tall,28,0.048,7557,true,0.001688002,0.020853272,744,84
primitive,fetch,bookshelf_tall,29,0.048,7424,false,0.278710015,0.000000381,1000000,121
mvtable,fetch,bookshelf_tall,29,0.048,7424,true,0.0151308,0.000145824,24707,257
mvtable_mutable,fetch,bookshelf_tall,29,0.048,7424,true,0.015379598,0.00017542,24707,257
mvtable_cpp,fetch,bookshelf_tall,29,0.048,7424,true,0.028298242,0.000088136,24707,257
capt,fetch,bookshelf_tall,29,0.048,7424,true,0.048848485,0.020758234,24707,257
kiddo,fetch,bookshelf_tall,29,0.048,7424,true,0.049270868,0.000202561,24707,257
mvtable_simd,fetch,bookshelf_tall,29,0.048,7424,true,0.017134134,0.000130956,24707,257
mvtable_mutable_simd,fetch,bookshelf_tall,29,0.048,7424,true,0.0164454,0.000179077,24707,257
mvt_cpp_simd,fetch,bookshelf_tall,29,0.048,7424,true,0.023751377,0.000069971,24707,257
capt_simd,fetch,bookshelf_tall,29,0.048,7424,true,0.036906446,0.020720293,24707,257
primitive,fetch,bookshelf_tall,30,0.048,7415,true,0.006175564,0.000000701,10007,265
mvtable,fetch,bookshelf_tall,30,0.048,7415,true,0.007092436,0.000124544,5048,368
mvtable_mutable,fetch,bookshelf_tall,30,0.048,7415,true,0.007145216,0.000178636,5048,368
mvtable_cpp,fetch,bookshelf_tall,30,0.048,7415,true,0.015911046,0.000086854,5048,368
capt,fetch,bookshelf_tall,30,0.048,7415,true,0.023362227,0.021205454,5048,368
kiddo,fetch,bookshelf_tall,30,0.048,7415,true,0.02939923,0.000185037,5048,368
mvtable_simd,fetch,bookshelf_tall,30,0.048,7415,true,0.007266223,0.000130344,5048,368
mvtable_mutable_simd,fetch,bookshelf_tall,30,0.048,7415,true,0.00709945,0.000173867,5048,368
mvt_cpp_simd,fetch,bookshelf_tall,30,0.048,7415,true,0.009751213,0.000076083,5048,368
capt_simd,fetch,bookshelf_tall,30,0.048,7415,true,0.01338477,0.020234791,5048,368
primitive,fetch,bookshelf_tall,31,0.048,7266,true,0.042392765,0.000000361,55124,337
mvtable,fetch,bookshelf_tall,31,0.048,7266,true,0.022078405,0.000130625,19193,423
mvtable_mutable,fetch,bookshelf_tall,31,0.048,7266,true,0.02209733,0.000192922,19193,423
mvtable_cpp,fetch,bookshelf_tall,31,0.048,7266,true,0.036008919,0.000105779,19193,423
capt,fetch,bookshelf_tall,31,0.048,7266,true,0.067649131,0.020790234,19193,423
kiddo,fetch,bookshelf_tall,31,0.048,7266,true,0.06259854,0.000187462,19193,423
mvtable_simd,fetch,bookshelf_tall,31,0.048,7266,true,0.022665858,0.000133531,19193,423
mvtable_mutable_simd,fetch,bookshelf_tall,31,0.048,7266,true,0.022191126,0.000182092,19193,423
mvt_cpp_simd,fetch,bookshelf_tall,31,0.048,7266,true,0.028434938,0.000079289,19193,423
capt_simd,fetch,bookshelf_tall,31,0.048,7266,true,0.046310385,0.020302187,19193,423
primitive,fetch,bookshelf_tall,32,0.048,7816,true,0.13989611,0.000000521,141546,646
mvtable,fetch,bookshelf_tall,32,0.048,7816,true,0.0400009,0.000151454,33795,464
mvtable_mutable,fetch,bookshelf_tall,32,0.048,7816,true,0.040249377,0.000185699,33795,464
mvtable_cpp,fetch,bookshelf_tall,32,0.048,7816,true,0.071186687,0.000103514,33795,464
capt,fetch,bookshelf_tall,32,0.048,7816,true,0.101376472,0.022029332,33795,464
kiddo,fetch,bookshelf_tall,32,0.048,7816,true,0.098188283,0.000192742,33795,464
mvtable_simd,fetch,bookshelf_tall,32,0.048,7816,true,0.044086296,0.000136607,33795,464
mvtable_mutable_simd,fetch,bookshelf_tall,32,0.048,7816,true,0.04283728,0.000187493,33795,464
mvt_cpp_simd,fetch,bookshelf_tall,32,0.048,7816,true,0.059100988,0.000086303,33795,464
capt_simd,fetch,bookshelf_tall,32,0.048,7816,true,0.079849755,0.020134622,33795,464
primitive,fetch,bookshelf_tall,33,0.048,7556,true,0.021864192,0.000000821,36674,249
mvtable,fetch,bookshelf_tall,33,0.048,7556,true,0.033608299,0.000131387,36829,327
mvtable_mutable,fetch,bookshelf_tall,33,0.048,7556,true,0.03360854,0.00019156,36829,327
mvtable_cpp,fetch,bookshelf_tall,33,0.048,7556,true,0.056805034,0.000069591,36829,327
capt,fetch,bookshelf_tall,33,0.048,7556,true,0.088769405,0.021573015,36829,327
kiddo,fetch,bookshelf_tall,33,0.048,7556,true,0.083749402,0.000189556,36829,327
mvtable_simd,fetch,bookshelf_tall,33,0.048,7556,true,0.036992748,0.000135986,36829,327
mvtable_mutable_simd,fetch,bookshelf_tall,33,0.048,7556,true,0.035989763,0.000184817,36829,327
mvt_cpp_simd,fetch,bookshelf_tall,33,0.048,7556,true,0.051425407,0.000077286,36829,327
capt_simd,fetch,bookshelf_tall,33,0.048,7556,true,0.074948415,0.021632427,36829,327
primitive,fetch,bookshelf_tall,35,0.048,7713,true,0.006675373,0.000000891,28272,48
mvtable,fetch,bookshelf_tall,35,0.048,7713,true,0.017821286,0.000134462,32274,90
mvtable_mutable,fetch,bookshelf_tall,35,0.048,7713,true,0.018238469,0.000193904,32274,90
mvtable_cpp,fetch,bookshelf_tall,35,0.048,7713,true,0.039657666,0.000086342,32274,90
capt,fetch,bookshelf_tall,35,0.048,7713,true,0.056668137,0.021569017,32274,90
kiddo,fetch,bookshelf_tall,35,0.048,7713,true,0.052026826,0.000195337,32274,90
mvtable_simd,fetch,bookshelf_tall,35,0.048,7713,true,0.020658135,0.000141947,32274,90
mvtable_mutable_simd,fetch,bookshelf_tall,35,0.048,7713,true,0.019833166,0.000190167,32274,90
mvt_cpp_simd,fetch,bookshelf_tall,35,0.048,7713,true,0.037439157,0.000090289,32274,90
capt_simd,fetch,bookshelf_tall,35,0.048,7713,true,0.05315729,0.019184717,32274,90
primitive,fetch,bookshelf_tall,37,0.048,7193,true,0.005390418,0.000000962,7164,403
mvtable,fetch,bookshelf_tall,37,0.048,7193,true,0.00663637,0.000122921,7224,349
mvtable_mutable,fetch,bookshelf_tall,37,0.048,7193,true,0.006670193,0.000183485,7224,349
mvtable_cpp,fetch,bookshelf_tall,37,0.048,7193,true,0.011127959,0.000073138,7224,349
capt,fetch,bookshelf_tall,37,0.048,7193,true,0.019012994,0.020179346,7224,349
kiddo,fetch,bookshelf_tall,37,0.048,7193,true,0.02675901,0.000184677,7224,349
mvtable_simd,fetch,bookshelf_tall,37,0.048,7193,true,0.006892581,0.000128411,7224,349
mvtable_mutable_simd,fetch,bookshelf_tall,37,0.048,7193,true,0.006725758,0.000171301,7224,349
mvt_cpp_simd,fetch,bookshelf_tall,37,0.048,7193,true,0.008647047,0.000071585,7224,349
capt_simd,fetch,bookshelf_tall,37,0.048,7193,true,0.013360884,0.02008596,7224,349
primitive,fetch,bookshelf_tall,38,0.048,7270,true,0.285825736,0.00000034,202676,1224
mvtable,fetch,bookshelf_tall,38,0.048,7270,true,0.045469796,0.000124554,33389,719
mvtable_mutable,fetch,bookshelf_tall,38,0.048,7270,true,0.045516333,0.000173837,33389,719
mvtable_cpp,fetch,bookshelf_tall,38,0.048,7270,true,0.065292943,0.000070612,33389,719
capt,fetch,bookshelf_tall,38,0.048,7270,true,0.112400807,0.020865526,33389,719
kiddo,fetch,bookshelf_tall,38,0.048,7270,true,0.116665049,0.000195858,33389,719
mvtable_simd,fetch,bookshelf_tall,38,0.048,7270,true,0.046500352,0.000129654,33389,719
mvtable_mutable_simd,fetch,bookshelf_tall,38,0.048,7270,true,0.045529047,0.000174378,33389,719
mvt_cpp_simd,fetch,bookshelf_tall,38,0.048,7270,true,0.054864208,0.000068909,33389,719
capt_simd,fetch,bookshelf_tall,38,0.048,7270,true,0.085831394,0.020205396,33389,719
primitive,fetch,bookshelf_tall,39,0.048,7525,true,0.01880287,0.000000451,22607,407
mvtable,fetch,bookshelf_tall,39,0.048,7525,true,0.02747235,0.000130315,19193,671
mvtable_mutable,fetch,bookshelf_tall,39,0.048,7525,true,0.027819482,0.000178215,19193,671
mvtable_cpp,fetch,bookshelf_tall,39,0.048,7525,true,0.046579391,0.00007448,19193,671
capt,fetch,bookshelf_tall,39,0.048,7525,true,0.07275273,0.014080227,19193,671
kiddo,fetch,bookshelf_tall,39,0.048,7525,true,0.075388983,0.00018636,19193,671
mvtable_simd,fetch,bookshelf_tall,39,0.048,7525,true,0.028573449,0.000134824,19193,671
mvtable_mutable_simd,fetch,bookshelf_tall,39,0.048,7525,true,0.02775457,0.00018596,19193,671
mvt_cpp_simd,fetch,bookshelf_tall,39,0.048,7525,true,0.034491799,0.000075643,19193,671
capt_simd,fetch,bookshelf_tall,39,0.048,7525,true,0.050242113,0.020887868,19193,671
primitive,fetch,bookshelf_tall,41,0.048,7634,true,0.001661321,0.000000641,3162,85
mvtable,fetch,bookshelf_tall,41,0.048,7634,true,0.003426057,0.000132018,4647,90
mvtable_mutable,fetch,bookshelf_tall,41,0.048,7634,true,0.003461124,0.000187662,4647,90
mvtable_cpp,fetch,bookshelf_tall,41,0.048,7634,true,0.005808414,0.000075091,4647,90
capt,fetch,bookshelf_tall,41,0.048,7634,true,0.012111186,0.02079334,4647,90
kiddo,fetch,bookshelf_tall,41,0.048,7634,true,0.012185226,0.000190117,4647,90
mvtable_simd,fetch,bookshelf_tall,41,0.048,7634,true,0.003780012,0.00013865,4647,90
mvtable_mutable_simd,fetch,bookshelf_tall,41,0.048,7634,true,0.003643355,0.000183354,4647,90
mvt_cpp_simd,fetch,bookshelf_tall,41,0.048,7634,true,0.005374048,0.000079028,4647,90
capt_simd,fetch,bookshelf_tall,41,0.048,7634,true,0.008697202,0.018665211,4647,90
primitive,fetch,bookshelf_tall,42,0.048,7653,true,0.004102729,0.000000541,6497,152
mvtable,fetch,bookshelf_tall,42,0.048,7653,true,0.000735422,0.000131317,617,51
mvtable_mutable,fetch,bookshelf_tall,42,0.048,7653,true,0.000756552,0.000180339,617,51
mvtable_cpp,fetch,bookshelf_tall,42,0.048,7653,true,0.001923764,0.000074711,617,51
capt,fetch,bookshelf_tall,42,0.048,7653,true,0.002897764,0.021628529,617,51
kiddo,fetch,bookshelf_tall,42,0.048,7653,true,0.003245549,0.00019176,617,51
mvtable_simd,fetch,bookshelf_tall,42,0.048,7653,true,0.000780787,0.000132529,617,51
mvtable_mutable_simd,fetch,bookshelf_tall,42,0.048,7653,true,0.000750109,0.00018105,617,51
mvt_cpp_simd,fetch,bookshelf_tall,42,0.048,7653,true,0.001161944,0.000077285,617,51
capt_simd,fetch,bookshelf_tall,42,0.048,7653,true,0.001668054,0.019495661,617,51
primitive,fetch,bookshelf_tall,43,0.048,7784,true,0.017435069,0.000000921,38500,149
mvtable,fetch,bookshelf_tall,43,0.048,7784,true,0.016154895,0.000135725,24458,164
mvtable_mutable,fetch,bookshelf_tall,43,0.048,7784,true,0.016243541,0.000184947,24458,164
mvtable_cpp,fetch,bookshelf_tall,43,0.048,7784,true,0.030499818,0.000074901,24458,164
capt,fetch,bookshelf_tall,43,0.048,7784,true,0.044504903,0.021496872,24458,164
kiddo,fetch,bookshelf_tall,43,0.048,7784,true,0.043491579,0.000196379,24458,164
mvtable_simd,fetch,bookshelf_tall,43,0.048,7784,true,0.018341674,0.000139582,24458,164
mvtable_mutable_simd,fetch,bookshelf_tall,43,0.048,7784,true,0.01755237,0.000198643,24458,164
mvt_cpp_simd,fetch,bookshelf_tall,43,0.048,7784,true,0.027614367,0.000074881,24458,164
capt_simd,fetch,bookshelf_tall,43,0.048,7784,true,0.038901425,0.019564051,24458,164
primitive,fetch,bookshelf_tall,44,0.048,7746,true,0.019000992,0.000000521,24649,376
mvtable,fetch,bookshelf_tall,44,0.048,7746,true,0.008357112,0.000132569,7337,261
mvtable_mutable,fetch,bookshelf_tall,44,0.048,7746,true,0.008445299,0.000188394,7337,261
mvtable_cpp,fetch,bookshelf_tall,44,0.048,7746,true,0.016241708,0.000085551,7337,261
capt,fetch,bookshelf_tall,44,0.048,7746,true,0.027311187,0.022003954,7337,261
kiddo,fetch,bookshelf_tall,44,0.048,7746,true,0.02585991,0.000192622,7337,261
mvtable_simd,fetch,bookshelf_tall,44,0.048,7746,true,0.00894657,0.000136105,7337,261
mvtable_mutable_simd,fetch,bookshelf_tall,44,0.048,7746,true,0.008737738,0.000189736,7337,261
mvt_cpp_simd,fetch,bookshelf_tall,44,0.048,7746,true,0.012098953,0.000084068,7337,261
capt_simd,fetch,bookshelf_tall,44,0.048,7746,true,0.01810534,0.019720905,7337,261
primitive,fetch,bookshelf_tall,45,0.048,7409,true,0.00171875,0.000000571,2754,122
mvtable,fetch,bookshelf_tall,45,0.048,7409,true,0.006538526,0.000125255,4515,362
mvtable_mutable,fetch,bookshelf_tall,45,0.048,7409,true,0.006586967,0.000174067,4515,362
mvtable_cpp,fetch,bookshelf_tall,45,0.048,7409,true,0.014044419,0.000066565,4515,362
capt,fetch,bookshelf_tall,45,0.048,7409,true,0.022299841,0.020520066,4515,362
kiddo,fetch,bookshelf_tall,45,0.048,7409,true,0.029208362,0.000182383,4515,362
mvtable_simd,fetch,bookshelf_tall,45,0.048,7409,true,0.006677296,0.000131758,4515,362
mvtable_mutable_simd,fetch,bookshelf_tall,45,0.048,7409,true,0.006510753,0.000188564,4515,362
mvt_cpp_simd,fetch,bookshelf_tall,45,0.048,7409,true,0.008782452,0.000070843,4515,362
capt_simd,fetch,bookshelf_tall,45,0.048,7409,true,0.012417933,0.020399631,4515,362
primitive,fetch,bookshelf_tall,46,0.048,7424,true,0.000980002,0.000000371,1838,60
mvtable,fetch,bookshelf_tall,46,0.048,7424,true,0.005286463,0.000126838,4913,220
mvtable_mutable,fetch,bookshelf_tall,46,0.048,7424,true,0.005324845,0.000188775,4913,220
mvtable_cpp,fetch,bookshelf_tall,46,0.048,7424,true,0.011945265,0.000068689,4913,220
capt,fetch,bookshelf_tall,46,0.048,7424,true,0.019740271,0.02039427,4913,220
kiddo,fetch,bookshelf_tall,46,0.048,7424,true,0.020746803,0.000184617,4913,220
mvtable_simd,fetch,bookshelf_tall,46,0.048,7424,true,0.005650867,0.000130195,4913,220
mvtable_mutable_simd,fetch,bookshelf_tall,46,0.048,7424,true,0.005427529,0.000174067,4913,220
mvt_cpp_simd,fetch,bookshelf_tall,46,0.048,7424,true,0.008030449,0.000070973,4913,220
capt_simd,fetch,bookshelf_tall,46,0.048,7424,true,0.011844365,0.020962297,4913,220
primitive,fetch,bookshelf_tall,47,0.048,7490,true,0.018223722,0.000000351,36784,166
mvtable,fetch,bookshelf_tall,47,0.048,7490,true,0.017638752,0.000131437,21914,253
mvtable_mutable,fetch,bookshelf_tall,47,0.048,7490,true,0.018056658,0.000191269,21914,253
mvtable_cpp,fetch,bookshelf_tall,47,0.048,7490,true,0.030163076,0.000092243,21914,253
capt,fetch,bookshelf_tall,47,0.048,7490,true,0.053385971,0.021383929,21914,253
kiddo,fetch,bookshelf_tall,47,0.048,7490,true,0.049371537,0.000193673,21914,253
mvtable_simd,fetch,bookshelf_tall,47,0.048,7490,true,0.019156124,0.000136356,21914,253
mvtable_mutable_simd,fetch,bookshelf_tall,47,0.048,7490,true,0.018664831,0.000182393,21914,253
mvt_cpp_simd,fetch,bookshelf_tall,47,0.048,7490,true,0.026856212,0.000082024,21914,253
capt_simd,fetch,bookshelf_tall,47,0.048,7490,true,0.043455261,0.021033932,21914,253
primitive,fetch,bookshelf_tall,48,0.048,7255,true,0.00031932,0.000000551,768,34
mvtable,fetch,bookshelf_tall,48,0.048,7255,true,0.000449033,0.000133802,691,27
mvtable_mutable,fetch,bookshelf_tall,48,0.048,7255,true,0.000445588,0.000182042,691,27
mvtable_cpp,fetch,bookshelf_tall,48,0.048,7255,true,0.001214101,0.000073128,691,27
capt,fetch,bookshelf_tall,48,0.048,7255,true,0.001543921,0.020220353,691,27
kiddo,fetch,bookshelf_tall,48,0.048,7255,true,0.002205424,0.000192682,691,27
mvtable_simd,fetch,bookshelf_tall,48,0.048,7255,true,0.000465093,0.000130185,691,27
mvtable_mutable_simd,fetch,bookshelf_tall,48,0.048,7255,true,0.000444705,0.000177012,691,27
mvt_cpp_simd,fetch,bookshelf_tall,48,0.048,7255,true,0.000806756,0.000077406,691,27
capt_simd,fetch,bookshelf_tall,48,0.048,7255,true,0.000971185,0.020278161,691,27
primitive,fetch,bookshelf_tall,49,0.048,7479,true,0.004557554,0.000000471,9001,126
mvtable,fetch,bookshelf_tall,49,0.048,7479,true,0.003545632,0.000130946,4520,118
mvtable_mutable,fetch,bookshelf_tall,49,0.048,7479,true,0.003579787,0.000176392,4520,118
mvtable_cpp,fetch,bookshelf_tall,49,0.048,7479,true,0.007587476,0.000074439,4520,118
capt,fetch,bookshelf_tall,49,0.048,7479,true,0.010484971,0.020497534,4520,118
kiddo,fetch,bookshelf_tall,49,0.048,7479,true,0.01374197,0.000196669,4520,118
mvtable_simd,fetch,bookshelf_tall,49,0.048,7479,true,0.003557935,0.00013835,4520,118
mvtable_mutable_simd,fetch,bookshelf_tall,49,0.048,7479,true,0.003489857,0.00017596,4520,118
mvt_cpp_simd,fetch,bookshelf_tall,49,0.048,7479,true,0.005339974,0.000080011,4520,118
capt_simd,fetch,bookshelf_tall,49,0.048,7479,true,0.007148071,0.020324338,4520,118
primitive,fetch,bookshelf_tall,50,0.048,7485,true,0.001634551,0.00000052,2556,110
mvtable,fetch,bookshelf_tall,50,0.048,7485,true,0.001239559,0.000129683,1534,61
mvtable_mutable,fetch,bookshelf_tall,50,0.048,7485,true,0.001235962,0.000180489,1534,61
mvtable_cpp,fetch,bookshelf_tall,50,0.048,7485,true,0.00208106,0.000071735,1534,61
capt,fetch,bookshelf_tall,50,0.048,7485,true,0.004867455,0.013642404,1534,61
kiddo,fetch,bookshelf_tall,50,0.048,7485,true,0.005459268,0.000199484,1534,61
mvtable_simd,fetch,bookshelf_tall,50,0.048,7485,true,0.001397987,0.000131156,1534,61
mvtable_mutable_simd,fetch,bookshelf_tall,50,0.048,7485,true,0.001312245,0.000172534,1534,61
mvt_cpp_simd,fetch,bookshelf_tall,50,0.048,7485,true,0.001832844,0.000076193,1534,61
capt_simd,fetch,bookshelf_tall,50,0.048,7485,true,0.002978336,0.019495902,1534,61
primitive,fetch,bookshelf_thin,1,0.048,4349,true,0.000446048,0.000000461,903,27
mvtable,fetch,bookshelf_thin,1,0.048,4349,true,0.000533222,0.000075221,903,31
mvtable_mutable,fetch,bookshelf_thin,1,0.048,4349,true,0.000533653,0.000096601,903,31
mvtable_cpp,fetch,bookshelf_thin,1,0.048,4349,true,0.000708191,0.000040046,903,31
capt,fetch,bookshelf_thin,1,0.048,4349,true,0.001768192,0.011242274,903,31
kiddo,fetch,bookshelf_thin,1,0.048,4349,true,0.0023683,0.000130556,903,31
mvtable_simd,fetch,bookshelf_thin,1,0.048,4349,true,0.000544914,0.000078327,903,31
mvtable_mutable_simd,fetch,bookshelf_thin,1,0.048,4349,true,0.000528103,0.000099567,903,31
mvt_cpp_simd,fetch,bookshelf_thin,1,0.048,4349,true,0.00058007,0.000044464,903,31
capt_simd,fetch,bookshelf_thin,1,0.048,4349,true,0.001087714,0.007742749,903,31
primitive,fetch,bookshelf_thin,2,0.048,4418,true,0.000673365,0.000000431,1745,15
mvtable,fetch,bookshelf_thin,2,0.048,4418,true,0.003227805,0.000080782,4082,75
mvtable_mutable,fetch,bookshelf_thin,2,0.048,4418,true,0.003229237,0.000103895,4082,75
mvtable_cpp,fetch,bookshelf_thin,2,0.048,4418,true,0.007348327,0.000046929,4082,75
capt,fetch,bookshelf_thin,2,0.048,4418,true,0.013604663,0.008119476,4082,75
kiddo,fetch,bookshelf_thin,2,0.048,4418,true,0.010646836,0.000135574,4082,75
mvtable_simd,fetch,bookshelf_thin,2,0.048,4418,true,0.003399718,0.000081944,4082,75
mvtable_mutable_simd,fetch,bookshelf_thin,2,0.048,4418,true,0.003275234,0.000105849,4082,75
mvt_cpp_simd,fetch,bookshelf_thin,2,0.048,4418,true,0.004690784,0.000047589,4082,75
capt_simd,fetch,bookshelf_thin,2,0.048,4418,true,0.007953705,0.007444328,4082,75
primitive,fetch,bookshelf_thin,3,0.048,4478,true,0.003335798,0.000000591,5899,92
mvtable,fetch,bookshelf_thin,3,0.048,4478,true,0.005905636,0.000084669,6317,146
mvtable_mutable,fetch,bookshelf_thin,3,0.048,4478,true,0.005700291,0.000145804,6317,146
mvtable_cpp,fetch,bookshelf_thin,3,0.048,4478,true,0.007532373,0.000046687,6317,146
capt,fetch,bookshelf_thin,3,0.048,4478,true,0.017052471,0.011435968,6317,146
kiddo,fetch,bookshelf_thin,3,0.048,4478,true,0.016366462,0.000133611,6317,146
mvtable_simd,fetch,bookshelf_thin,3,0.048,4478,true,0.006281893,0.000083377,6317,146
mvtable_mutable_simd,fetch,bookshelf_thin,3,0.048,4478,true,0.00600828,0.000114195,6317,146
mvt_cpp_simd,fetch,bookshelf_thin,3,0.048,4478,true,0.006574293,0.000042811,6317,146
capt_simd,fetch,bookshelf_thin,3,0.048,4478,true,0.012476843,0.008566616,6317,146
primitive,fetch,bookshelf_thin,4,0.048,4488,true,0.037919138,0.000000581,133296,69
mvtable,fetch,bookshelf_thin,4,0.048,4488,true,0.05835129,0.000086252,126114,98
mvtable_mutable,fetch,bookshelf_thin,4,0.048,4488,true,0.058772512,0.000126407,126114,98
mvtable_cpp,fetch,bookshelf_thin,4,0.048,4488,true,0.101773679,0.000046156,126114,98
capt,fetch,bookshelf_thin,4,0.048,4488,true,0.166059449,0.007255282,126114,98
kiddo,fetch,bookshelf_thin,4,0.048,4488,true,0.128229749,0.000131887,126114,98
mvtable_simd,fetch,bookshelf_thin,4,0.048,4488,true,0.069292388,0.000089568,126114,98
mvtable_mutable_simd,fetch,bookshelf_thin,4,0.048,4488,true,0.066032773,0.000123121,126114,98
mvt_cpp_simd,fetch,bookshelf_thin,4,0.048,4488,true,0.096353184,0.00004789,126114,98
capt_simd,fetch,bookshelf_thin,4,0.048,4488,true,0.152893882,0.007581695,126114,98
mvtable,fetch,bookshelf_thin,5,0.048,4489,true,0.342398083,0.000082885,376587,365
mvtable_mutable,fetch,bookshelf_thin,5,0.048,4489,true,0.347855757,0.000124003,376587,365
mvtable_cpp,fetch,bookshelf_thin,5,0.048,4489,true,0.644365348,0.00004791,376587,365
capt,fetch,bookshelf_thin,5,0.048,4489,true,0.854525051,0.007185842,376587,365
kiddo,fetch,bookshelf_thin,5,0.048,4489,true,0.669876041,0.000127359,376587,365
mvtable_simd,fetch,bookshelf_thin,5,0.048,4489,true,0.387984629,0.000088406,376587,365
mvtable_mutable_simd,fetch,bookshelf_thin,5,0.048,4489,true,0.37525479,0.000122039,376587,365
mvt_cpp_simd,fetch,bookshelf_thin,5,0.048,4489,true,0.581324897,0.000048772,376587,365
capt_simd,fetch,bookshelf_thin,5,0.048,4489,true,0.763163505,0.007447584,376587,365
primitive,fetch,bookshelf_thin,6,0.048,4297,true,0.002437611,0.000000761,4201,86
mvtable,fetch,bookshelf_thin,6,0.048,4297,true,0.001063809,0.000077586,1340,55
mvtable_mutable,fetch,bookshelf_thin,6,0.048,4297,true,0.001056475,0.000111319,1340,55
mvtable_cpp,fetch,bookshelf_thin,6,0.048,4297,true,0.002345888,0.000044925,1340,55
capt,fetch,bookshelf_thin,6,0.048,4297,true,0.003977123,0.006486978,1340,55
kiddo,fetch,bookshelf_thin,6,0.048,4297,true,0.004627946,0.000125887,1340,55
mvtable_simd,fetch,bookshelf_thin,6,0.048,4297,true,0.00114438,0.000075542,1340,55
mvtable_mutable_simd,fetch,bookshelf_thin,6,0.048,4297,true,0.001107331,0.000102553,1340,55
mvt_cpp_simd,fetch,bookshelf_thin,6,0.048,4297,true,0.001528161,0.000043632,1340,55
capt_simd,fetch,bookshelf_thin,6,0.048,4297,true,0.002589035,0.006577228,1340,55
primitive,fetch,bookshelf_thin,8,0.048,4475,true,0.003162171,0.000000391,3707,135
mvtable,fetch,bookshelf_thin,8,0.048,4475,true,0.003562504,0.000088827,3128,119
mvtable_mutable,fetch,bookshelf_thin,8,0.048,4475,true,0.003591077,0.000110688,3128,119
mvtable_cpp,fetch,bookshelf_thin,8,0.048,4475,true,0.008147659,0.000045115,3128,119
capt,fetch,bookshelf_thin,8,0.048,4475,true,0.011811323,0.006984464,3128,119
kiddo,fetch,bookshelf_thin,8,0.048,4475,true,0.011051375,0.000135314,3128,119
mvtable_simd,fetch,bookshelf_thin,8,0.048,4475,true,0.003670998,0.000086834,3128,119
mvtable_mutable_simd,fetch,bookshelf_thin,8,0.048,4475,true,0.003498764,0.000119485,3128,119
mvt_cpp_simd,fetch,bookshelf_thin,8,0.048,4475,true,0.004557904,0.000048882,3128,119
capt_simd,fetch,bookshelf_thin,8,0.048,4475,true,0.006889725,0.007484843,3128,119
primitive,fetch,bookshelf_thin,9,0.048,4408,true,0.004691455,0.000000351,14464,53
mvtable,fetch,bookshelf_thin,9,0.048,4408,true,0.006309936,0.000081683,11437,108
mvtable_mutable,fetch,bookshelf_thin,9,0.048,4408,true,0.006298776,0.000106971,11437,108
mvtable_cpp,fetch,bookshelf_thin,9,0.048,4408,true,0.013503302,0.000049323,11437,108
capt,fetch,bookshelf_thin,9,0.048,4408,true,0.021211355,0.006784368,11437,108
kiddo,fetch,bookshelf_thin,9,0.048,4408,true,0.016561058,0.000131757,11437,108
mvtable_simd,fetch,bookshelf_thin,9,0.048,4408,true,0.00741346,0.000087525,11437,108
mvtable_mutable_simd,fetch,bookshelf_thin,9,0.048,4408,true,0.006960839,0.000114996,11437,108
mvt_cpp_simd,fetch,bookshelf_thin,9,0.048,4408,true,0.010632017,0.000050485,11437,108
capt_simd,fetch,bookshelf_thin,9,0.048,4408,true,0.01665844,0.007122142,11437,108
primitive,fetch,bookshelf_thin,11,0.048,4490,true,0.003009765,0.000000401,3942,122
mvtable,fetch,bookshelf_thin,11,0.048,4490,true,0.00043129,0.000080291,513,28
mvtable_mutable,fetch,bookshelf_thin,11,0.048,4490,true,0.000422404,0.000105228,513,28
mvtable_cpp,fetch,bookshelf_thin,11,0.048,4490,true,0.000557507,0.000047549,513,28
capt,fetch,bookshelf_thin,11,0.048,4490,true,0.00124529,0.006941633,513,28
kiddo,fetch,bookshelf_thin,11,0.048,4490,true,0.001517582,0.000130636,513,28
mvtable_simd,fetch,bookshelf_thin,11,0.048,4490,true,0.000434256,0.000080712,513,28
mvtable_mutable_simd,fetch,bookshelf_thin,11,0.048,4490,true,0.000413697,0.000104246,513,28
mvt_cpp_simd,fetch,bookshelf_thin,11,0.048,4490,true,0.000414399,0.000046868,513,28
capt_simd,fetch,bookshelf_thin,11,0.048,4490,true,0.00073461,0.007220828,513,28
primitive,fetch,bookshelf_thin,12,0.048,4435,true,0.005313945,0.000000291,9314,147
mvtable,fetch,bookshelf_thin,12,0.048,4435,true,0.003834274,0.000079549,5278,92
mvtable_mutable,fetch,bookshelf_thin,12,0.048,4435,true,0.003826731,0.00010647,5278,92
mvtable_cpp,fetch,bookshelf_thin,12,0.048,4435,true,0.010508485,0.000051106,5278,92
capt,fetch,bookshelf_thin,12,0.048,4435,true,0.012574848,0.006891869,5278,92
kiddo,fetch,bookshelf_thin,12,0.048,4435,true,0.011331291,0.000134192,5278,92
mvtable_simd,fetch,bookshelf_thin,12,0.048,4435,true,0.004354642,0.000082024,5278,92
mvtable_mutable_simd,fetch,bookshelf_thin,12,0.048,4435,true,0.004116054,0.000109185,5278,92
mvt_cpp_simd,fetch,bookshelf_thin,12,0.048,4435,true,0.007531461,0.000049833,5278,92
capt_simd,fetch,bookshelf_thin,12,0.048,4435,true,0.009369455,0.007105972,5278,92
primitive,fetch,bookshelf_thin,13,0.048,4365,true,0.011109354,0.000000561,16829,175
mvtable,fetch,bookshelf_thin,13,0.048,4365,true,0.010571624,0.000078838,11525,231
mvtable_mutable,fetch,bookshelf_thin,13,0.048,4365,true,0.01057463,0.000105037,11525,231
mvtable_cpp,fetch,bookshelf_thin,13,0.048,4365,true,0.018354157,0.000051437,11525,231
capt,fetch,bookshelf_thin,13,0.048,4365,true,0.030061064,0.006640217,11525,231
kiddo,fetch,bookshelf_thin,13,0.048,4365,true,0.030600156,0.000132509,11525,231
mvtable_simd,fetch,bookshelf_thin,13,0.048,4365,true,0.011714781,0.000088176,11525,231
mvtable_mutable_simd,fetch,bookshelf_thin,13,0.048,4365,true,0.011020928,0.000120767,11525,231
mvt_cpp_simd,fetch,bookshelf_thin,13,0.048,4365,true,0.015640939,0.000054783,11525,231
capt_simd,fetch,bookshelf_thin,13,0.048,4365,true,0.022904206,0.007315666,11525,231
primitive,fetch,bookshelf_thin,14,0.048,4443,true,0.011356829,0.000000651,40015,77
mvtable,fetch,bookshelf_thin,14,0.048,4443,true,0.006269561,0.000079759,9039,96
mvtable_mutable,fetch,bookshelf_thin,14,0.048,4443,true,0.006485155,0.000110999,9039,96
mvtable_cpp,fetch,bookshelf_thin,14,0.048,4443,true,0.013828283,0.000048552,9039,96
capt,fetch,bookshelf_thin,14,0.048,4443,true,0.023541764,0.007224324,9039,96
kiddo,fetch,bookshelf_thin,14,0.048,4443,true,0.01921784,0.000131817,9039,96
mvtable_simd,fetch,bookshelf_thin,14,0.048,4443,true,0.007873374,0.000081744,9039,96
mvtable_mutable_simd,fetch,bookshelf_thin,14,0.048,4443,true,0.007252477,0.000109877,9039,96
mvt_cpp_simd,fetch,bookshelf_thin,14,0.048,4443,true,0.011813848,0.000046347,9039,96
capt_simd,fetch,bookshelf_thin,14,0.048,4443,true,0.018286069,0.007377623,9039,96
mvtable,fetch,bookshelf_thin,15,0.048,4505,true,0.005954859,0.000080482,6803,142
mvtable_mutable,fetch,bookshelf_thin,15,0.048,4505,true,0.006014401,0.000107632,6803,142
mvtable_cpp,fetch,bookshelf_thin,15,0.048,4505,true,0.01031957,0.00004784,6803,142
capt,fetch,bookshelf_thin,15,0.048,4505,true,0.019435278,0.007211269,6803,142
kiddo,fetch,bookshelf_thin,15,0.048,4505,true,0.016475217,0.000137007,6803,142
mvtable_simd,fetch,bookshelf_thin,15,0.048,4505,true,0.006582107,0.000084659,6803,142
mvtable_mutable_simd,fetch,bookshelf_thin,15,0.048,4505,true,0.006334832,0.000119565,6803,142
mvt_cpp_simd,fetch,bookshelf_thin,15,0.048,4505,true,0.007924931,0.000045886,6803,142
capt_simd,fetch,bookshelf_thin,15,0.048,4505,true,0.013399467,0.007905234,6803,142
primitive,fetch,bookshelf_thin,19,0.048,4488,true,0.06514745,0.000000941,144195,189
mvtable,fetch,bookshelf_thin,19,0.048,4488,true,0.057949414,0.00008517,97462,216
mvtable_mutable,fetch,bookshelf_thin,19,0.048,4488,true,0.059699122,0.000114104,97462,216
mvtable_cpp,fetch,bookshelf_thin,19,0.048,4488,true,0.070579546,0.000054172,97462,216
capt,fetch,bookshelf_thin,19,0.048,4488,true,0.182134183,0.007215628,97462,216
kiddo,fetch,bookshelf_thin,19,0.048,4488,true,0.136925818,0.000128632,97462,216
mvtable_simd,fetch,bookshelf_thin,19,0.048,4488,true,0.067587755,0.0000854,97462,216
mvtable_mutable_simd,fetch,bookshelf_thin,19,0.048,4488,true,0.064435001,0.000113373,97462,216
mvt_cpp_simd,fetch,bookshelf_thin,19,0.048,4488,true,0.069157484,0.000050285,97462,216
capt_simd,fetch,bookshelf_thin,19,0.048,4488,true,0.155194244,0.007486567,97462,216
primitive,fetch,bookshelf_thin,20,0.048,4492,true,0.005445172,0.000000581,6269,198
mvtable,fetch,bookshelf_thin,20,0.048,4492,true,0.014658072,0.000078417,13283,296
mvtable_mutable,fetch,bookshelf_thin,20,0.048,4492,true,0.014667319,0.000108754,13283,296
mvtable_cpp,fetch,bookshelf_thin,20,0.048,4492,true,0.029825862,0.00004261,13283,296
capt,fetch,bookshelf_thin,20,0.048,4492,true,0.038749168,0.007065155,13283,296
kiddo,fetch,bookshelf_thin,20,0.048,4492,true,0.041101919,0.000130235,13283,296
mvtable_simd,fetch,bookshelf_thin,20,0.048,4492,true,0.016003019,0.000082244,13283,296
mvtable_mutable_simd,fetch,bookshelf_thin,20,0.048,4492,true,0.015242129,0.000110357,13283,296
mvt_cpp_simd,fetch,bookshelf_thin,20,0.048,4492,true,0.020946277,0.00004809,13283,296
capt_simd,fetch,bookshelf_thin,20,0.048,4492,true,0.028197292,0.007474504,13283,296
primitive,fetch,bookshelf_thin,21,0.048,4422,true,0.003012741,0.000000571,4509,143
mvtable,fetch,bookshelf_thin,21,0.048,4422,true,0.001955675,0.000081313,2200,101
mvtable_mutable,fetch,bookshelf_thin,21,0.048,4422,true,0.00194239,0.00010655,2200,101
mvtable_cpp,fetch,bookshelf_thin,21,0.048,4422,true,0.00507729,0.000046768,2200,101
capt,fetch,bookshelf_thin,21,0.048,4422,true,0.00703053,0.006784438,2200,101
kiddo,fetch,bookshelf_thin,21,0.048,4422,true,0.008642439,0.000128882,2200,101
mvtable_simd,fetch,bookshelf_thin,21,0.048,4422,true,0.002130333,0.000081684,2200,101
mvtable_mutable_simd,fetch,bookshelf_thin,21,0.048,4422,true,0.002034373,0.000109596,2200,101
mvt_cpp_simd,fetch,bookshelf_thin,21,0.048,4422,true,0.003092801,0.00004784,2200,101
capt_simd,fetch,bookshelf_thin,21,0.048,4422,true,0.004569116,0.006991497,2200,101
primitive,fetch,bookshelf_thin,22,0.048,4437,true,0.004952025,0.000000471,10691,82
mvtable,fetch,bookshelf_thin,22,0.048,4437,true,0.000836422,0.000086613,1846,23
mvtable_mutable,fetch,bookshelf_thin,22,0.048,4437,true,0.000841601,0.000105528,1846,23
mvtable_cpp,fetch,bookshelf_thin,22,0.048,4437,true,0.001075772,0.000041338,1846,23
capt,fetch,bookshelf_thin,22,0.048,4437,true,0.003011669,0.006852696,1846,23
kiddo,fetch,bookshelf_thin,22,0.048,4437,true,0.002553037,0.000129323,1846,23
mvtable_simd,fetch,bookshelf_thin,22,0.048,4437,true,0.000953051,0.000083086,1846,23
mvtable_mutable_simd,fetch,bookshelf_thin,22,0.048,4437,true,0.000901143,0.000105198,1846,23
mvt_cpp_simd,fetch,bookshelf_thin,22,0.048,4437,true,0.001043822,0.000040556,1846,23
capt_simd,fetch,bookshelf_thin,22,0.048,4437,true,0.002145922,0.007145065,1846,23
primitive,fetch,bookshelf_thin,23,0.048,4346,true,0.041423984,0.000000802,174539,65
mvtable,fetch,bookshelf_thin,23,0.048,4346,true,0.024552152,0.000081743,57219,58
mvtable_mutable,fetch,bookshelf_thin,23,0.048,4346,true,0.025048906,0.000108514,57219,58
mvtable_cpp,fetch,bookshelf_thin,23,0.048,4346,true,0.060729579,0.000048431,57219,58
capt,fetch,bookshelf_thin,23,0.048,4346,true,0.097428946,0.00697712,57219,58
kiddo,fetch,bookshelf_thin,23,0.048,4346,true,0.065284737,0.000128762,57219,58
mvtable_simd,fetch,bookshelf_thin,23,0.048,4346,true,0.030456507,0.000082445,57219,58
mvtable_mutable_simd,fetch,bookshelf_thin,23,0.048,4346,true,0.028389092,0.000108655,57219,58
mvt_cpp_simd,fetch,bookshelf_thin,23,0.048,4346,true,0.055188207,0.000043883,57219,58
capt_simd,fetch,bookshelf_thin,23,0.048,4346,true,0.0790644,0.00714784,57219,58
primitive,fetch,bookshelf_thin,24,0.048,4508,true,0.003261579,0.000000681,7888,84
mvtable,fetch,bookshelf_thin,24,0.048,4508,true,0.005303635,0.000078557,5975,145
mvtable_mutable,fetch,bookshelf_thin,24,0.048,4508,true,0.005400347,0.000108343,5975,145
mvtable_cpp,fetch,bookshelf_thin,24,0.048,4508,true,0.010138901,0.000043,5975,145
capt,fetch,bookshelf_thin,24,0.048,4508,true,0.016945049,0.00723281,5975,145
kiddo,fetch,bookshelf_thin,24,0.048,4508,true,0.01352866,0.000126278,5975,145
mvtable_simd,fetch,bookshelf_thin,24,0.048,4508,true,0.006554656,0.000079029,5975,145
mvtable_mutable_simd,fetch,bookshelf_thin,24,0.048,4508,true,0.006033647,0.000104046,5975,145
mvt_cpp_simd,fetch,bookshelf_thin,24,0.048,4508,true,0.007932434,0.0000425,5975,145
capt_simd,fetch,bookshelf_thin,24,0.048,4508,true,0.012511538,0.007319023,5975,145
primitive,fetch,bookshelf_thin,26,0.048,4450,true,0.006043425,0.000000581,10620,94
mvtable,fetch,bookshelf_thin,26,0.048,4450,true,0.003913704,0.000083858,4573,106
mvtable_mutable,fetch,bookshelf_thin,26,0.048,4450,true,0.003904968,0.000110528,4573,106
mvtable_cpp,fetch,bookshelf_thin,26,0.048,4450,true,0.006707212,0.000046807,4573,106
capt,fetch,bookshelf_thin,26,0.048,4450,true,0.011283641,0.006995163,4573,106
kiddo,fetch,bookshelf_thin,26,0.048,4450,true,0.011262121,0.000125005,4573,106
mvtable_simd,fetch,bookshelf_thin,26,0.048,4450,true,0.004139639,0.000084379,4573,106
mvtable_mutable_simd,fetch,bookshelf_thin,26,0.048,4450,true,0.003938991,0.000108554,4573,106
mvt_cpp_simd,fetch,bookshelf_thin,26,0.048,4450,true,0.004794669,0.000043973,4573,106
capt_simd,fetch,bookshelf_thin,26,0.048,4450,true,0.007667948,0.007234664,4573,106
primitive,fetch,bookshelf_thin,27,0.048,4425,true,0.043686556,0.000000711,108151,178
mvtable,fetch,bookshelf_thin,27,0.048,4425,true,0.030624773,0.000083297,52358,132
mvtable_mutable,fetch,bookshelf_thin,27,0.048,4425,true,0.030748445,0.000112671,52358,132
mvtable_cpp,fetch,bookshelf_thin,27,0.048,4425,true,0.063221151,0.000049142,52358,132
capt,fetch,bookshelf_thin,27,0.048,4425,true,0.089808136,0.006951692,52358,132
kiddo,fetch,bookshelf_thin,27,0.048,4425,true,0.074093038,0.00012776,52358,132
mvtable_simd,fetch,bookshelf_thin,27,0.048,4425,true,0.035357215,0.000083537,52358,132
mvtable_mutable_simd,fetch,bookshelf_thin,27,0.048,4425,true,0.033589824,0.000110668,52358,132
mvt_cpp_simd,fetch,bookshelf_thin,27,0.048,4425,true,0.059470723,0.00004779,52358,132
capt_simd,fetch,bookshelf_thin,27,0.048,4425,true,0.081579805,0.007123165,52358,132
primitive,fetch,bookshelf_thin,28,0.048,4427,true,0.001370866,0.000000751,2155,50
mvtable,fetch,bookshelf_thin,28,0.048,4427,true,0.003480119,0.000083066,3600,119
mvtable_mutable,fetch,bookshelf_thin,28,0.048,4427,true,0.00350734,0.000105989,3600,119
mvtable_cpp,fetch,bookshelf_thin,28,0.048,4427,true,0.007301319,0.000044894,3600,119
capt,fetch,bookshelf_thin,28,0.048,4427,true,0.01369895,0.007206621,3600,119
kiddo,fetch,bookshelf_thin,28,0.048,4427,true,0.013036796,0.00012782,3600,119
mvtable_simd,fetch,bookshelf_thin,28,0.048,4427,true,0.003668303,0.000081513,3600,119
mvtable_mutable_simd,fetch,bookshelf_thin,28,0.048,4427,true,0.003550972,0.000107752,3600,119
mvt_cpp_simd,fetch,bookshelf_thin,28,0.048,4427,true,0.004887323,0.000046578,3600,119
capt_simd,fetch,bookshelf_thin,28,0.048,4427,true,0.007918579,0.007362053,3600,119
primitive,fetch,bookshelf_thin,29,0.048,4316,true,0.003439312,0.000000581,6044,122
mvtable,fetch,bookshelf_thin,29,0.048,4316,true,0.001912865,0.000077666,2669,63
mvtable_mutable,fetch,bookshelf_thin,29,0.048,4316,true,0.001909237,0.000099927,2669,63
mvtable_cpp,fetch,bookshelf_thin,29,0.048,4316,true,0.003219149,0.000046037,2669,63
capt,fetch,bookshelf_thin,29,0.048,4316,true,0.00640277,0.006405505,2669,63
kiddo,fetch,bookshelf_thin,29,0.048,4316,true,0.006382473,0.000123402,2669,63
mvtable_simd,fetch,bookshelf_thin,29,0.048,4316,true,0.002213379,0.000076433,2669,63
mvtable_mutable_simd,fetch,bookshelf_thin,29,0.048,4316,true,0.002039392,0.000097303,2669,63
mvt_cpp_simd,fetch,bookshelf_thin,29,0.048,4316,true,0.002758934,0.000043422,2669,63
capt_simd,fetch,bookshelf_thin,29,0.048,4316,true,0.004703898,0.006968063,2669,63
primitive,fetch,bookshelf_thin,30,0.048,4429,true,0.001555753,0.000000321,4629,29
mvtable,fetch,bookshelf_thin,30,0.048,4429,true,0.003013553,0.000080652,4539,62
mvtable_mutable,fetch,bookshelf_thin,30,0.048,4429,true,0.003000017,0.000107442,4539,62
mvtable_cpp,fetch,bookshelf_thin,30,0.048,4429,true,0.005635229,0.000046007,4539,62
capt,fetch,bookshelf_thin,30,0.048,4429,true,0.010226725,0.00688673,4539,62
kiddo,fetch,bookshelf_thin,30,0.048,4429,true,0.007880397,0.000123201,4539,62
mvtable_simd,fetch,bookshelf_thin,30,0.048,4429,true,0.003458608,0.000079339,4539,62
mvtable_mutable_simd,fetch,bookshelf_thin,30,0.048,4429,true,0.003297657,0.00010106,4539,62
mvt_cpp_simd,fetch,bookshelf_thin,30,0.048,4429,true,0.004400348,0.000045696,4539,62
capt_simd,fetch,bookshelf_thin,30,0.048,4429,true,0.007535569,0.007034959,4539,62
primitive,fetch,bookshelf_thin,31,0.048,4507,true,0.006018529,0.000000511,10517,129
mvtable,fetch,bookshelf_thin,31,0.048,4507,true,0.009524085,0.000076914,11654,188
mvtable_mutable,fetch,bookshelf_thin,31,0.048,4507,true,0.009601511,0.000102983,11654,188
mvtable_cpp,fetch,bookshelf_thin,31,0.048,4507,true,0.020303329,0.000045546,11654,188
capt,fetch,bookshelf_thin,31,0.048,4507,true,0.026380137,0.007217271,11654,188
kiddo,fetch,bookshelf_thin,31,0.048,4507,true,0.024969506,0.000125386,11654,188
mvtable_simd,fetch,bookshelf_thin,31,0.048,4507,true,0.010704503,0.000080021,11654,188
mvtable_mutable_simd,fetch,bookshelf_thin,31,0.048,4507,true,0.01021294,0.000106239,11654,188
mvt_cpp_simd,fetch,bookshelf_thin,31,0.048,4507,true,0.015255645,0.000044924,11654,188
capt_simd,fetch,bookshelf_thin,31,0.048,4507,true,0.019926801,0.007516323,11654,188
primitive,fetch,bookshelf_thin,32,0.048,4487,true,0.035991807,0.000000511,52498,244
mvtable,fetch,bookshelf_thin,32,0.048,4487,true,0.007212542,0.000085721,8598,189
mvtable_mutable,fetch,bookshelf_thin,32,0.048,4487,true,0.007254662,0.000113624,8598,189
mvtable_cpp,fetch,bookshelf_thin,32,0.048,4487,true,0.018264127,0.000053731,8598,189
capt,fetch,bookshelf_thin,32,0.048,4487,true,0.023435374,0.007088759,8598,189
kiddo,fetch,bookshelf_thin,32,0.048,4487,true,0.019913477,0.000141746,8598,189
mvtable_simd,fetch,bookshelf_thin,32,0.048,4487,true,0.00832897,0.000088055,8598,189
mvtable_mutable_simd,fetch,bookshelf_thin,32,0.048,4487,true,0.00786098,0.000115958,8598,189
mvt_cpp_simd,fetch,bookshelf_thin,32,0.048,4487,true,0.013601487,0.000045946,8598,189
capt_simd,fetch,bookshelf_thin,32,0.048,4487,true,0.017982919,0.007349159,8598,189
primitive,fetch,bookshelf_thin,33,0.048,4389,true,0.003042858,0.000000421,9184,65
mvtable,fetch,bookshelf_thin,33,0.048,4389,true,0.003040944,0.000079429,7182,60
mvtable_mutable,fetch,bookshelf_thin,33,0.048,4389,true,0.0030603,0.00010642,7182,60
mvtable_cpp,fetch,bookshelf_thin,33,0.048,4389,true,0.00791909,0.000044644,7182,60
capt,fetch,bookshelf_thin,33,0.048,4389,true,0.010491073,0.007025701,7182,60
kiddo,fetch,bookshelf_thin,33,0.048,4389,true,0.008887479,0.000121959,7182,60
mvtable_simd,fetch,bookshelf_thin,33,0.048,4389,true,0.003907432,0.000078027,7182,60
mvtable_mutable_simd,fetch,bookshelf_thin,33,0.048,4389,true,0.00356611,0.000102482,7182,60
mvt_cpp_simd,fetch,bookshelf_thin,33,0.048,4389,true,0.006591986,0.000044253,7182,60
capt_simd,fetch,bookshelf_thin,33,0.048,4389,true,0.008539144,0.007237639,7182,60
primitive,fetch,bookshelf_thin,34,0.048,4476,true,0.012787587,0.00000048,38317,71
mvtable,fetch,bookshelf_thin,34,0.048,4476,true,0.020742345,0.00007978,33235,112
mvtable_mutable,fetch,bookshelf_thin,34,0.048,4476,true,0.021242564,0.000117831,33235,112
mvtable_cpp,fetch,bookshelf_thin,34,0.048,4476,true,0.043229767,0.00004765,33235,112
capt,fetch,bookshelf_thin,34,0.048,4476,true,0.060635351,0.007125789,33235,112
kiddo,fetch,bookshelf_thin,34,0.048,4476,true,0.050148377,0.000125095,33235,112
mvtable_simd,fetch,bookshelf_thin,34,0.048,4476,true,0.023432919,0.000084749,33235,112
mvtable_mutable_simd,fetch,bookshelf_thin,34,0.048,4476,true,0.022573004,0.000113363,33235,112
mvt_cpp_simd,fetch,bookshelf_thin,34,0.048,4476,true,0.035988972,0.000044143,33235,112
capt_simd,fetch,bookshelf_thin,34,0.048,4476,true,0.052043969,0.007495233,33235,112
primitive,fetch,bookshelf_thin,35,0.048,4377,true,0.009183886,0.000000571,17654,176
mvtable,fetch,bookshelf_thin,35,0.048,4377,true,0.003949762,0.000070522,4872,123
mvtable_mutable,fetch,bookshelf_thin,35,0.048,4377,true,0.003973866,0.000096892,4872,123
mvtable_cpp,fetch,bookshelf_thin,35,0.048,4377,true,0.00707293,0.000044754,4872,123
capt,fetch,bookshelf_thin,35,0.048,4377,true,0.013858179,0.006694749,4872,123
kiddo,fetch,bookshelf_thin,35,0.048,4377,true,0.013683812,0.000143239,4872,123
mvtable_simd,fetch,bookshelf_thin,35,0.048,4377,true,0.004661379,0.000074751,4872,123
mvtable_mutable_simd,fetch,bookshelf_thin,35,0.048,4377,true,0.004312754,0.000102092,4872,123
mvt_cpp_simd,fetch,bookshelf_thin,35,0.048,4377,true,0.006110972,0.000056155,4872,123
capt_simd,fetch,bookshelf_thin,35,0.048,4377,true,0.010131156,0.007075495,4872,123
primitive,fetch,bookshelf_thin,37,0.048,4360,true,0.003644328,0.000000832,5675,132
mvtable,fetch,bookshelf_thin,37,0.048,4360,true,0.001823476,0.000075252,2630,78
mvtable_mutable,fetch,bookshelf_thin,37,0.048,4360,true,0.00182011,0.000098074,2630,78
mvtable_cpp,fetch,bookshelf_thin,37,0.048,4360,true,0.003628218,0.000045726,2630,78
capt,fetch,bookshelf_thin,37,0.048,4360,true,0.005508781,0.006520542,2630,78
kiddo,fetch,bookshelf_thin,37,0.048,4360,true,0.006521815,0.000123673,2630,78
mvtable_simd,fetch,bookshelf_thin,37,0.048,4360,true,0.001960533,0.000076183,2630,78
mvtable_mutable_simd,fetch,bookshelf_thin,37,0.048,4360,true,0.001897876,0.000097563,2630,78
mvt_cpp_simd,fetch,bookshelf_thin,37,0.048,4360,true,0.002652835,0.000043953,2630,78
capt_simd,fetch,bookshelf_thin,37,0.048,4360,true,0.004080998,0.007195269,2630,78
primitive,fetch,bookshelf_thin,38,0.048,4345,true,0.009280137,0.000000691,49309,56
mvtable,fetch,bookshelf_thin,38,0.048,4345,true,0.033589223,0.000079019,45697,188
mvtable_mutable,fetch,bookshelf_thin,38,0.048,4345,true,0.034273138,0.000105959,45697,188
mvtable_cpp,fetch,bookshelf_thin,38,0.048,4345,true,0.067764186,0.000044794,45697,188
capt,fetch,bookshelf_thin,38,0.048,4345,true,0.111032235,0.006970818,45697,188
kiddo,fetch,bookshelf_thin,38,0.048,4345,true,0.083549947,0.000127049,45697,188
mvtable_simd,fetch,bookshelf_thin,38,0.048,4345,true,0.039976915,0.000082134,45697,188
mvtable_mutable_simd,fetch,bookshelf_thin,38,0.048,4345,true,0.037422065,0.000114645,45697,188
mvt_cpp_simd,fetch,bookshelf_thin,38,0.048,4345,true,0.054033297,0.000046277,45697,188
capt_simd,fetch,bookshelf_thin,38,0.048,4345,true,0.090435475,0.007074072,45697,188
primitive,fetch,bookshelf_thin,39,0.048,4549,true,0.004030243,0.000000481,10524,63
mvtable,fetch,bookshelf_thin,39,0.048,4549,true,0.001802968,0.000087545,2899,55
mvtable_mutable,fetch,bookshelf_thin,39,0.048,4549,true,0.001838575,0.000114355,2899,55
mvtable_cpp,fetch,bookshelf_thin,39,0.048,4549,true,0.002597551,0.000048881,2899,55
capt,fetch,bookshelf_thin,39,0.048,4549,true,0.005887693,0.007291651,2899,55
kiddo,fetch,bookshelf_thin,39,0.048,4549,true,0.004810399,0.000126468,2899,55
mvtable_simd,fetch,bookshelf_thin,39,0.048,4549,true,0.002138218,0.000085641,2899,55
mvtable_mutable_simd,fetch,bookshelf_thin,39,0.048,4549,true,0.001994487,0.000104877,2899,55
mvt_cpp_simd,fetch,bookshelf_thin,39,0.048,4549,true,0.002431038,0.000047328,2899,55
capt_simd,fetch,bookshelf_thin,39,0.048,4549,true,0.004485187,0.007297602,2899,55
primitive,fetch,bookshelf_thin,40,0.048,4490,true,0.006175684,0.000000381,13169,97
mvtable,fetch,bookshelf_thin,40,0.048,4490,true,0.008183557,0.000083196,9628,150
mvtable_mutable,fetch,bookshelf_thin,40,0.048,4490,true,0.008233881,0.000107733,9628,150
mvtable_cpp,fetch,bookshelf_thin,40,0.048,4490,true,0.020419617,0.000040817,9628,150
capt,fetch,bookshelf_thin,40,0.048,4490,true,0.0314107,0.007268437,9628,150
kiddo,fetch,bookshelf_thin,40,0.048,4490,true,0.021548679,0.000130175,9628,150
mvtable_simd,fetch,bookshelf_thin,40,0.048,4490,true,0.009473551,0.000087494,9628,150
mvtable_mutable_simd,fetch,bookshelf_thin,40,0.048,4490,true,0.00905281,0.00013315,9628,150
mvt_cpp_simd,fetch,bookshelf_thin,40,0.048,4490,true,0.015059416,0.000043311,9628,150
capt_simd,fetch,bookshelf_thin,40,0.048,4490,true,0.021040685,0.007264029,9628,150
primitive,fetch,bookshelf_thin,41,0.048,4498,true,0.004080367,0.000000741,7905,102
mvtable,fetch,bookshelf_thin,41,0.048,4498,true,0.004721541,0.000086633,4747,149
mvtable_mutable,fetch,bookshelf_thin,41,0.048,4498,true,0.004742932,0.000108344,4747,149
mvtable_cpp,fetch,bookshelf_thin,41,0.048,4498,true,0.007808482,0.000045866,4747,149
capt,fetch,bookshelf_thin,41,0.048,4498,true,0.013492062,0.007084071,4747,149
kiddo,fetch,bookshelf_thin,41,0.048,4498,true,0.013570579,0.000134442,4747,149
mvtable_simd,fetch,bookshelf_thin,41,0.048,4498,true,0.005037686,0.000087304,4747,149
mvtable_mutable_simd,fetch,bookshelf_thin,41,0.048,4498,true,0.004822762,0.000107722,4747,149
mvt_cpp_simd,fetch,bookshelf_thin,41,0.048,4498,true,0.005628997,0.000046196,4747,149
capt_simd,fetch,bookshelf_thin,41,0.048,4498,true,0.008833228,0.007226118,4747,149
primitive,fetch,bookshelf_thin,42,0.048,4226,true,0.004188761,0.000000881,8039,118
mvtable,fetch,bookshelf_thin,42,0.048,4226,true,0.003095847,0.00007453,3959,111
mvtable_mutable,fetch,bookshelf_thin,42,0.048,4226,true,0.00308111,0.000097343,3959,111
mvtable_cpp,fetch,bookshelf_thin,42,0.048,4226,true,0.004789399,0.000050164,3959,111
capt,fetch,bookshelf_thin,42,0.048,4226,true,0.008490784,0.006314855,3959,111
kiddo,fetch,bookshelf_thin,42,0.048,4226,true,0.011339637,0.000120537,3959,111
mvtable_simd,fetch,bookshelf_thin,42,0.048,4226,true,0.003187168,0.000077836,3959,111
mvtable_mutable_simd,fetch,bookshelf_thin,42,0.048,4226,true,0.003068556,0.000100569,3959,111
mvt_cpp_simd,fetch,bookshelf_thin,42,0.048,4226,true,0.003694081,0.000044754,3959,111
capt_simd,fetch,bookshelf_thin,42,0.048,4226,true,0.006117044,0.006696212,3959,111
primitive,fetch,bookshelf_thin,43,0.048,4505,true,0.013139268,0.000000531,22581,128
mvtable,fetch,bookshelf_thin,43,0.048,4505,true,0.010200436,0.00007997,12834,157
mvtable_mutable,fetch,bookshelf_thin,43,0.048,4505,true,0.010152106,0.00010614,12834,157
mvtable_cpp,fetch,bookshelf_thin,43,0.048,4505,true,0.013769222,0.000046418,12834,157
capt,fetch,bookshelf_thin,43,0.048,4505,true,0.030441198,0.007022465,12834,157
kiddo,fetch,bookshelf_thin,43,0.048,4505,true,0.028676331,0.000145784,12834,157
mvtable_simd,fetch,bookshelf_thin,43,0.048,4505,true,0.010790435,0.000085641,12834,157
mvtable_mutable_simd,fetch,bookshelf_thin,43,0.048,4505,true,0.010309401,0.000109045,12834,157
mvt_cpp_simd,fetch,bookshelf_thin,43,0.048,4505,true,0.011290284,0.000048001,12834,157
capt_simd,fetch,bookshelf_thin,43,0.048,4505,true,0.021440696,0.007342426,12834,157
primitive,fetch,bookshelf_thin,44,0.048,4470,true,0.012571893,0.000000762,57603,97
mvtable,fetch,bookshelf_thin,44,0.048,4470,true,0.007672627,0.000084639,11112,132
mvtable_mutable,fetch,bookshelf_thin,44,0.048,4470,true,0.007702813,0.00011163,11112,132
mvtable_cpp,fetch,bookshelf_thin,44,0.048,4470,true,0.021645802,0.000047109,11112,132
capt,fetch,bookshelf_thin,44,0.048,4470,true,0.023745126,0.007154052,11112,132
kiddo,fetch,bookshelf_thin,44,0.048,4470,true,0.021414367,0.000128181,11112,132
mvtable_simd,fetch,bookshelf_thin,44,0.048,4470,true,0.008056548,0.000084479,11112,132
mvtable_mutable_simd,fetch,bookshelf_thin,44,0.048,4470,true,0.00790323,0.000104907,11112,132
mvt_cpp_simd,fetch,bookshelf_thin,44,0.048,4470,true,0.014790201,0.000050675,11112,132
capt_simd,fetch,bookshelf_thin,44,0.048,4470,true,0.017827027,0.007543113,11112,132
primitive,fetch,bookshelf_thin,45,0.048,4211,true,0.003904487,0.000000531,6911,154
mvtable,fetch,bookshelf_thin,45,0.048,4211,true,0.003381043,0.000075031,4770,103
mvtable_mutable,fetch,bookshelf_thin,45,0.048,4211,true,0.003405248,0.000097494,4770,103
mvtable_cpp,fetch,bookshelf_thin,45,0.048,4211,true,0.009244289,0.000044484,4770,103
capt,fetch,bookshelf_thin,45,0.048,4211,true,0.012391153,0.006405717,4770,103
kiddo,fetch,bookshelf_thin,45,0.048,4211,true,0.011287729,0.000121257,4770,103
mvtable_simd,fetch,bookshelf_thin,45,0.048,4211,true,0.003772338,0.000075512,4770,103
mvtable_mutable_simd,fetch,bookshelf_thin,45,0.048,4211,true,0.003577812,0.000099216,4770,103
mvt_cpp_simd,fetch,bookshelf_thin,45,0.048,4211,true,0.00648786,0.000044233,4770,103
capt_simd,fetch,bookshelf_thin,45,0.048,4211,true,0.008960937,0.006847907,4770,103
primitive,fetch,bookshelf_thin,46,0.048,4468,true,0.000991453,0.000000571,3764,36
mvtable,fetch,bookshelf_thin,46,0.048,4468,true,0.000762663,0.00008528,1310,46
mvtable_mutable,fetch,bookshelf_thin,46,0.048,4468,true,0.000769295,0.000110357,1310,46
mvtable_cpp,fetch,bookshelf_thin,46,0.048,4468,true,0.001534694,0.000046006,1310,46
capt,fetch,bookshelf_thin,46,0.048,4468,true,0.002551654,0.007154984,1310,46
kiddo,fetch,bookshelf_thin,46,0.048,4468,true,0.002645802,0.000128712,1310,46
mvtable_simd,fetch,bookshelf_thin,46,0.048,4468,true,0.000872159,0.000082956,1310,46
mvtable_mutable_simd,fetch,bookshelf_thin,46,0.048,4468,true,0.000811665,0.00010634,1310,46
mvt_cpp_simd,fetch,bookshelf_thin,46,0.048,4468,true,0.001135994,0.000044253,1310,46
capt_simd,fetch,bookshelf_thin,46,0.048,4468,true,0.001790865,0.007257917,1310,46
primitive,fetch,bookshelf_thin,47,0.048,4541,true,0.003096818,0.000000381,5403,54
mvtable,fetch,bookshelf_thin,47,0.048,4541,true,0.003803337,0.000082235,4521,93
mvtable_mutable,fetch,bookshelf_thin,47,0.048,4541,true,0.003801413,0.000106701,4521,93
mvtable_cpp,fetch,bookshelf_thin,47,0.048,4541,true,0.005208496,0.000046076,4521,93
capt,fetch,bookshelf_thin,47,0.048,4541,true,0.014272708,0.007155325,4521,93
kiddo,fetch,bookshelf_thin,47,0.048,4541,true,0.01274141,0.000140675,4521,93
mvtable_simd,fetch,bookshelf_thin,47,0.048,4541,true,0.003982673,0.000087544,4521,93
mvtable_mutable_simd,fetch,bookshelf_thin,47,0.048,4541,true,0.003845005,0.000115677,4521,93
mvt_cpp_simd,fetch,bookshelf_thin,47,0.048,4541,true,0.004862336,0.000050054,4521,93
capt_simd,fetch,bookshelf_thin,47,0.048,4541,true,0.008766702,0.00756261,4521,93
primitive,fetch,bookshelf_thin,48,0.048,4470,true,0.00640238,0.000000662,21221,34
mvtable,fetch,bookshelf_thin,48,0.048,4470,true,0.003122828,0.000078748,6105,38
mvtable_mutable,fetch,bookshelf_thin,48,0.048,4470,true,0.003128408,0.00010613,6105,38
mvtable_cpp,fetch,bookshelf_thin,48,0.048,4470,true,0.008428637,0.000043462,6105,38
capt,fetch,bookshelf_thin,48,0.048,4470,true,0.011258154,0.007199748,6105,38
kiddo,fetch,bookshelf_thin,48,0.048,4470,true,0.008678176,0.000123321,6105,38
mvtable_simd,fetch,bookshelf_thin,48,0.048,4470,true,0.003647243,0.000078147,6105,38
mvtable_mutable_simd,fetch,bookshelf_thin,48,0.048,4470,true,0.00342757,0.000103986,6105,38
mvt_cpp_simd,fetch,bookshelf_thin,48,0.048,4470,true,0.006535641,0.000042841,6105,38
capt_simd,fetch,bookshelf_thin,48,0.048,4470,true,0.008769457,0.007373415,6105,38
primitive,fetch,bookshelf_thin,49,0.048,4588,true,0.005948147,0.000000692,10107,72
mvtable,fetch,bookshelf_thin,49,0.048,4588,true,0.005011056,0.000094107,8074,57
mvtable_mutable,fetch,bookshelf_thin,49,0.048,4588,true,0.005229195,0.000116689,8074,57
mvtable_cpp,fetch,bookshelf_thin,49,0.048,4588,true,0.010802127,0.000050095,8074,57
capt,fetch,bookshelf_thin,49,0.048,4588,true,0.016064344,0.007389875,8074,57
kiddo,fetch,bookshelf_thin,49,0.048,4588,true,0.014741659,0.000133661,8074,57
mvtable_simd,fetch,bookshelf_thin,49,0.048,4588,true,0.005184571,0.000097803,8074,57
mvtable_mutable_simd,fetch,bookshelf_thin,49,0.048,4588,true,0.004972914,0.000114244,8074,57
mvt_cpp_simd,fetch,bookshelf_thin,49,0.048,4588,true,0.007254701,0.000046968,8074,57
capt_simd,fetch,bookshelf_thin,49,0.048,4588,true,0.010588024,0.007654953,8074,57
primitive,fetch,box,1,0.048,2483,true,0.000857451,0.000000331,1056,133
mvtable,fetch,box,1,0.048,2483,true,0.001147806,0.000043752,855,112
mvtable_mutable,fetch,box,1,0.048,2483,true,0.001143859,0.000050365,855,112
mvtable_cpp,fetch,box,1,0.048,2483,true,0.00244829,0.000028514,855,112
capt,fetch,box,1,0.048,2483,true,0.00347539,0.003989426,855,112
kiddo,fetch,box,1,0.048,2483,true,0.005915455,0.00006909,855,112
mvtable_simd,fetch,box,1,0.048,2483,true,0.001155801,0.000043502,855,112
mvtable_mutable_simd,fetch,box,1,0.048,2483,true,0.001078957,0.000054172,855,112
mvt_cpp_simd,fetch,box,1,0.048,2483,true,0.001473178,0.000026761,855,112
capt_simd,fetch,box,1,0.048,2483,true,0.00208609,0.003697888,855,112
primitive,fetch,box,3,0.048,2571,true,0.00085698,0.000000121,1061,137
mvtable,fetch,box,3,0.048,2571,true,0.003350716,0.000048031,1441,297
mvtable_mutable,fetch,box,3,0.048,2571,true,0.003342601,0.000058189,1441,297
mvtable_cpp,fetch,box,3,0.048,2571,true,0.007804464,0.000029606,1441,297
capt,fetch,box,3,0.048,2571,true,0.012614171,0.003758342,1441,297
kiddo,fetch,box,3,0.048,2571,true,0.01531133,0.000073698,1441,297
mvtable_simd,fetch,box,3,0.048,2571,true,0.003297657,0.000050024,1441,297
mvtable_mutable_simd,fetch,box,3,0.048,2571,true,0.003196817,0.000070282,1441,297
mvt_cpp_simd,fetch,box,3,0.048,2571,true,0.004354131,0.00003213,1441,297
capt_simd,fetch,box,3,0.048,2571,true,0.005738993,0.00370943,1441,297
primitive,fetch,box,6,0.048,2693,true,0.000493958,0.00000015,860,71
mvtable,fetch,box,6,0.048,2693,true,0.00122391,0.000049624,1145,76
mvtable_mutable,fetch,box,6,0.048,2693,true,0.001226825,0.000058199,1145,76
mvtable_cpp,fetch,box,6,0.048,2693,true,0.002723337,0.000025959,1145,76
capt,fetch,box,6,0.048,2693,true,0.004545371,0.003929814,1145,76
kiddo,fetch,box,6,0.048,2693,true,0.004434071,0.000072757,1145,76
mvtable_simd,fetch,box,6,0.048,2693,true,0.001291787,0.000049332,1145,76
mvtable_mutable_simd,fetch,box,6,0.048,2693,true,0.001222477,0.000061836,1145,76
mvt_cpp_simd,fetch,box,6,0.048,2693,true,0.001720123,0.00002656,1145,76
capt_simd,fetch,box,6,0.048,2693,true,0.002418936,0.004356255,1145,76
primitive,fetch,box,9,0.048,2588,true,0.000955606,0.000000321,1247,133
mvtable,fetch,box,9,0.048,2588,true,0.000871558,0.00004782,710,63
mvtable_mutable,fetch,box,9,0.048,2588,true,0.000857882,0.000059161,710,63
mvtable_cpp,fetch,box,9,0.048,2588,true,0.002449553,0.000029034,710,63
capt,fetch,box,9,0.048,2588,true,0.003492182,0.003645279,710,63
kiddo,fetch,box,9,0.048,2588,true,0.004081749,0.000070122,710,63
mvtable_simd,fetch,box,9,0.048,2588,true,0.000877138,0.000048301,710,63
mvtable_mutable_simd,fetch,box,9,0.048,2588,true,0.00084592,0.000059712,710,63
mvt_cpp_simd,fetch,box,9,0.048,2588,true,0.001344376,0.000028113,710,63
capt_simd,fetch,box,9,0.048,2588,true,0.001799171,0.003614892,710,63
primitive,fetch,box,10,0.048,2660,true,0.00219838,0.000000191,2510,264
mvtable,fetch,box,10,0.048,2660,true,0.003456054,0.000047849,1886,226
mvtable_mutable,fetch,box,10,0.048,2660,true,0.00351233,0.000059973,1886,226
mvtable_cpp,fetch,box,10,0.048,2660,true,0.007556829,0.000028784,1886,226
capt,fetch,box,10,0.048,2660,true,0.011414427,0.003803998,1886,226
kiddo,fetch,box,10,0.048,2660,true,0.013063235,0.000072256,1886,226
mvtable_simd,fetch,box,10,0.048,2660,true,0.00361358,0.000050114,1886,226
mvtable_mutable_simd,fetch,box,10,0.048,2660,true,0.003448289,0.000061526,1886,226
mvt_cpp_simd,fetch,box,10,0.048,2660,true,0.004437738,0.000029345,1886,226
capt_simd,fetch,box,10,0.048,2660,true,0.00617857,0.003722214,1886,226
primitive,fetch,box,11,0.048,2523,true,0.001361709,0.000000521,1787,185
mvtable,fetch,box,11,0.048,2523,true,0.004620011,0.00004825,2759,302
mvtable_mutable,fetch,box,11,0.048,2523,true,0.004681797,0.000060704,2759,302
mvtable_cpp,fetch,box,11,0.048,2523,true,0.008987227,0.000027702,2759,302
capt,fetch,box,11,0.048,2523,true,0.017314333,0.003660347,2759,302
kiddo,fetch,box,11,0.048,2523,true,0.019647678,0.000068609,2759,302
mvtable_simd,fetch,box,11,0.048,2523,true,0.004765374,0.000049964,2759,302
mvtable_mutable_simd,fetch,box,11,0.048,2523,true,0.004564066,0.000064231,2759,302
mvt_cpp_simd,fetch,box,11,0.048,2523,true,0.00583852,0.000028834,2759,302
capt_simd,fetch,box,11,0.048,2523,true,0.008952842,0.003472374,2759,302
primitive,fetch,box,12,0.048,2447,true,0.001221896,0.000000271,1231,212
mvtable,fetch,box,12,0.048,2447,true,0.001884571,0.000043873,1375,164
mvtable_mutable,fetch,box,12,0.048,2447,true,0.001849596,0.000056657,1375,164
mvtable_cpp,fetch,box,12,0.048,2447,true,0.004829965,0.000022653,1375,164
capt,fetch,box,12,0.048,2447,true,0.00579037,0.003381504,1375,164
kiddo,fetch,box,12,0.048,2447,true,0.009857462,0.000066605,1375,164
mvtable_simd,fetch,box,12,0.048,2447,true,0.001865605,0.000053501,1375,164
mvtable_mutable_simd,fetch,box,12,0.048,2447,true,0.001804901,0.000065383,1375,164
mvt_cpp_simd,fetch,box,12,0.048,2447,true,0.002686818,0.000027191,1375,164
capt_simd,fetch,box,12,0.048,2447,true,0.003384359,0.003461774,1375,164
primitive,fetch,box,13,0.048,2489,true,0.001589867,0.000000541,1641,246
mvtable,fetch,box,13,0.048,2489,true,0.003068044,0.000050565,1818,261
mvtable_mutable,fetch,box,13,0.048,2489,true,0.003044972,0.00006905,1818,261
mvtable_cpp,fetch,box,13,0.048,2489,true,0.007483351,0.000026519,1818,261
capt,fetch,box,13,0.048,2489,true,0.01107535,0.003471283,1818,261
kiddo,fetch,box,13,0.048,2489,true,0.014408362,0.000078598,1818,261
mvtable_simd,fetch,box,13,0.048,2489,true,0.003061623,0.000052178,1818,261
mvtable_mutable_simd,fetch,box,13,0.048,2489,true,0.002956575,0.000067737,1818,261
mvt_cpp_simd,fetch,box,13,0.048,2489,true,0.004170987,0.000023464,1818,261
capt_simd,fetch,box,13,0.048,2489,true,0.005669493,0.003419115,1818,261
primitive,fetch,box,14,0.048,2599,true,0.00028225,0.00000023,497,52
mvtable,fetch,box,14,0.048,2599,true,0.001222187,0.000049102,1166,82
mvtable_mutable,fetch,box,14,0.048,2599,true,0.001214282,0.000061425,1166,82
mvtable_cpp,fetch,box,14,0.048,2599,true,0.002677572,0.000028123,1166,82
capt,fetch,box,14,0.048,2599,true,0.004495888,0.003619521,1166,82
kiddo,fetch,box,14,0.048,2599,true,0.005389687,0.000067978,1166,82
mvtable_simd,fetch,box,14,0.048,2599,true,0.001275367,0.000056967,1166,82
mvtable_mutable_simd,fetch,box,14,0.048,2599,true,0.001226664,0.000063289,1166,82
mvt_cpp_simd,fetch,box,14,0.048,2599,true,0.001805693,0.000029366,1166,82
capt_simd,fetch,box,14,0.048,2599,true,0.002529262,0.003700292,1166,82
primitive,fetch,box,17,0.048,2665,true,0.000352292,0.000000311,385,70
mvtable,fetch,box,17,0.048,2665,true,0.000554242,0.000047128,200,58
mvtable_mutable,fetch,box,17,0.048,2665,true,0.000559311,0.000057759,200,58
mvtable_cpp,fetch,box,17,0.048,2665,true,0.00178834,0.000024666,200,58
capt,fetch,box,17,0.048,2665,true,0.002568446,0.003705312,200,58
kiddo,fetch,box,17,0.048,2665,true,0.002967816,0.000070142,200,58
mvtable_simd,fetch,box,17,0.048,2665,true,0.000545855,0.000048551,200,58
mvtable_mutable_simd,fetch,box,17,0.048,2665,true,0.000519095,0.000072646,200,58
mvt_cpp_simd,fetch,box,17,0.048,2665,true,0.000818408,0.000028513,200,58
capt_simd,fetch,box,17,0.048,2665,true,0.001065562,0.003704832,200,58
primitive,fetch,box,18,0.048,2594,true,0.000661993,0.000000231,808,117
mvtable,fetch,box,18,0.048,2594,true,0.003373749,0.000057188,1715,266
mvtable_mutable,fetch,box,18,0.048,2594,true,0.003358451,0.000060003,1715,266
mvtable_cpp,fetch,box,18,0.048,2594,true,0.007717751,0.00002697,1715,266
capt,fetch,box,18,0.048,2594,true,0.014522097,0.00365066,1715,266
kiddo,fetch,box,18,0.048,2594,true,0.015527816,0.000072897,1715,266
mvtable_simd,fetch,box,18,0.048,2594,true,0.003447057,0.000049062,1715,266
mvtable_mutable_simd,fetch,box,18,0.048,2594,true,0.003270285,0.000067747,1715,266
mvt_cpp_simd,fetch,box,18,0.048,2594,true,0.004453498,0.000032962,1715,266
capt_simd,fetch,box,18,0.048,2594,true,0.006870349,0.003708838,1715,266
primitive,fetch,box,20,0.048,2553,true,0.00314008,0.00000012,3710,371
mvtable,fetch,box,20,0.048,2553,true,0.003088003,0.000047209,2621,212
mvtable_mutable,fetch,box,20,0.048,2553,true,0.003072623,0.00005818,2621,212
mvtable_cpp,fetch,box,20,0.048,2553,true,0.006839822,0.000024426,2621,212
capt,fetch,box,20,0.048,2553,true,0.010201208,0.003562534,2621,212
kiddo,fetch,box,20,0.048,2553,true,0.013904266,0.000064611,2621,212
mvtable_simd,fetch,box,20,0.048,2553,true,0.003030804,0.000049142,2621,212
mvtable_mutable_simd,fetch,box,20,0.048,2553,true,0.002935095,0.000059532,2621,212
mvt_cpp_simd,fetch,box,20,0.048,2553,true,0.004166509,0.000028474,2621,212
capt_simd,fetch,box,20,0.048,2553,true,0.005680493,0.003541785,2621,212
primitive,fetch,box,23,0.048,2213,true,0.001977155,0.00000021,3036,209
mvtable,fetch,box,23,0.048,2213,true,0.00188431,0.000039464,1965,114
mvtable_mutable,fetch,box,23,0.048,2213,true,0.001902074,0.000053862,1965,114
mvtable_cpp,fetch,box,23,0.048,2213,true,0.003021387,0.000024085,1965,114
capt,fetch,box,23,0.048,2213,true,0.007953324,0.003006879,1965,114
kiddo,fetch,box,23,0.048,2213,true,0.008566987,0.000064481,1965,114
mvtable_simd,fetch,box,23,0.048,2213,true,0.001969521,0.00004251,1965,114
mvtable_mutable_simd,fetch,box,23,0.048,2213,true,0.001888809,0.000057297,1965,114
mvt_cpp_simd,fetch,box,23,0.048,2213,true,0.002157754,0.000024616,1965,114
capt_simd,fetch,box,23,0.048,2213,true,0.004378778,0.002922942,1965,114
primitive,fetch,box,26,0.048,2396,true,0.000684877,0.00000014,827,115
mvtable,fetch,box,26,0.048,2396,true,0.00143723,0.00004243,947,127
mvtable_mutable,fetch,box,26,0.048,2396,true,0.001419587,0.000049844,947,127
mvtable_cpp,fetch,box,26,0.048,2396,true,0.003407423,0.000021791,947,127
capt,fetch,box,26,0.048,2396,true,0.005303265,0.003200324,947,127
kiddo,fetch,box,26,0.048,2396,true,0.00717373,0.000069631,947,127
mvtable_simd,fetch,box,26,0.048,2396,true,0.001395863,0.000041157,947,127
mvtable_mutable_simd,fetch,box,26,0.048,2396,true,0.001364163,0.00005285,947,127
mvt_cpp_simd,fetch,box,26,0.048,2396,true,0.001863462,0.00002164,947,127
capt_simd,fetch,box,26,0.048,2396,true,0.002804369,0.003096879,947,127
primitive,fetch,box,27,0.048,2505,true,0.000894039,0.000000531,1325,120
mvtable,fetch,box,27,0.048,2505,true,0.003376164,0.000044714,3025,220
mvtable_mutable,fetch,box,27,0.048,2505,true,0.00335272,0.000055224,3025,220
mvtable_cpp,fetch,box,27,0.048,2505,true,0.006209878,0.000022452,3025,220
capt,fetch,box,27,0.048,2505,true,0.009644301,0.003542176,3025,220
kiddo,fetch,box,27,0.048,2505,true,0.014572581,0.000071725,3025,220
mvtable_simd,fetch,box,27,0.048,2505,true,0.003424635,0.000049313,3025,220
mvtable_mutable_simd,fetch,box,27,0.048,2505,true,0.003276357,0.000061575,3025,220
mvt_cpp_simd,fetch,box,27,0.048,2505,true,0.004195463,0.000028313,3025,220
capt_simd,fetch,box,27,0.048,2505,true,0.005980146,0.003544409,3025,220
primitive,fetch,box,28,0.048,2494,true,0.003373839,0.00000037,3125,513
mvtable,fetch,box,28,0.048,2494,true,0.002850396,0.000042529,1875,228
mvtable_mutable,fetch,box,28,0.048,2494,true,0.002841379,0.000056255,1875,228
mvtable_cpp,fetch,box,28,0.048,2494,true,0.008331585,0.000025959,1875,228
capt,fetch,box,28,0.048,2494,true,0.010191069,0.003532097,1875,228
kiddo,fetch,box,28,0.048,2494,true,0.013567543,0.000069411,1875,228
mvtable_simd,fetch,box,28,0.048,2494,true,0.002832161,0.000045756,1875,228
mvtable_mutable_simd,fetch,box,28,0.048,2494,true,0.002719009,0.000057738,1875,228
mvt_cpp_simd,fetch,box,28,0.048,2494,true,0.004490698,0.000032932,1875,228
capt_simd,fetch,box,28,0.048,2494,true,0.005191515,0.003560119,1875,228
primitive,fetch,box,29,0.048,2533,true,0.002564508,0.000000281,3085,294
mvtable,fetch,box,29,0.048,2533,true,0.001780796,0.000048601,1062,130
mvtable_mutable,fetch,box,29,0.048,2533,true,0.001750189,0.000065353,1062,130
mvtable_cpp,fetch,box,29,0.048,2533,true,0.003693509,0.000029095,1062,130
capt,fetch,box,29,0.048,2533,true,0.006576527,0.003673743,1062,130
kiddo,fetch,box,29,0.048,2533,true,0.008131889,0.000065594,1062,130
mvtable_simd,fetch,box,29,0.048,2533,true,0.001787649,0.000047639,1062,130
mvtable_mutable_simd,fetch,box,29,0.048,2533,true,0.001702709,0.000060243,1062,130
mvt_cpp_simd,fetch,box,29,0.048,2533,true,0.002251621,0.000026901,1062,130
capt_simd,fetch,box,29,0.048,2533,true,0.003391894,0.003465101,1062,130
primitive,fetch,box,30,0.048,2562,true,0.00067066,0.00000026,1131,122
mvtable,fetch,box,30,0.048,2562,true,0.001243676,0.000045175,852,91
mvtable_mutable,fetch,box,30,0.048,2562,true,0.001250289,0.000056386,852,91
mvtable_cpp,fetch,box,30,0.048,2562,true,0.002257282,0.000024576,852,91
capt,fetch,box,30,0.048,2562,true,0.003945323,0.00361356,852,91
kiddo,fetch,box,30,0.048,2562,true,0.004823513,0.000063499,852,91
mvtable_simd,fetch,box,30,0.048,2562,true,0.001271439,0.000046257,852,91
mvtable_mutable_simd,fetch,box,30,0.048,2562,true,0.001233046,0.000057247,852,91
mvt_cpp_simd,fetch,box,30,0.048,2562,true,0.001467047,0.000024436,852,91
capt_simd,fetch,box,30,0.048,2562,true,0.002134421,0.003543377,852,91
primitive,fetch,box,31,0.048,2663,true,0.001526799,0.000000431,1413,289
mvtable,fetch,box,31,0.048,2663,true,0.001070251,0.000046608,453,98
mvtable_mutable,fetch,box,31,0.048,2663,true,0.001082424,0.000068969,453,98
mvtable_cpp,fetch,box,31,0.048,2663,true,0.002910258,0.00002709,453,98
capt,fetch,box,31,0.048,2663,true,0.004577882,0.003769643,453,98
kiddo,fetch,box,31,0.048,2663,true,0.005100623,0.000066755,453,98
mvtable_simd,fetch,box,31,0.048,2663,true,0.001078016,0.000049412,453,98
mvtable_mutable_simd,fetch,box,31,0.048,2663,true,0.00104364,0.000067868,453,98
mvt_cpp_simd,fetch,box,31,0.048,2663,true,0.001379372,0.00003197,453,98
capt_simd,fetch,box,31,0.048,2663,true,0.001853142,0.003907191,453,98
primitive,fetch,box,32,0.048,2429,true,0.000315332,0.000000411,539,49
mvtable,fetch,box,32,0.048,2429,true,0.000942831,0.000041698,851,70
mvtable_mutable,fetch,box,32,0.048,2429,true,0.000946388,0.000055464,851,70
mvtable_cpp,fetch,box,32,0.048,2429,true,0.001955044,0.000023635,851,70
capt,fetch,box,32,0.048,2429,true,0.004121154,0.003326791,851,70
kiddo,fetch,box,32,0.048,2429,true,0.004852387,0.000066645,851,70
mvtable_simd,fetch,box,32,0.048,2429,true,0.00094189,0.000042089,851,70
mvtable_mutable_simd,fetch,box,32,0.048,2429,true,0.000909629,0.000054332,851,70
mvt_cpp_simd,fetch,box,32,0.048,2429,true,0.001282721,0.000024727,851,70
capt_simd,fetch,box,32,0.048,2429,true,0.002210172,0.003300471,851,70
primitive,fetch,box,33,0.048,2427,true,0.000534585,0.000000381,752,88
mvtable,fetch,box,33,0.048,2427,true,0.003392535,0.000040957,2059,277
mvtable_mutable,fetch,box,33,0.048,2427,true,0.003413564,0.000051837,2059,277
mvtable_cpp,fetch,box,33,0.048,2427,true,0.009301878,0.000022302,2059,277
capt,fetch,box,33,0.048,2427,true,0.015073002,0.003307485,2059,277
kiddo,fetch,box,33,0.048,2427,true,0.017278966,0.000066615,2059,277
mvtable_simd,fetch,box,33,0.048,2427,true,0.003366485,0.00004264,2059,277
mvtable_mutable_simd,fetch,box,33,0.048,2427,true,0.003246169,0.000055154,2059,277
mvt_cpp_simd,fetch,box,33,0.048,2427,true,0.004788878,0.000024476,2059,277
capt_simd,fetch,box,33,0.048,2427,true,0.007421204,0.003394969,2059,277
primitive,fetch,box,34,0.048,2443,true,0.000421803,0.000000421,385,99
mvtable,fetch,box,34,0.048,2443,true,0.002270807,0.000041738,1205,256
mvtable_mutable,fetch,box,34,0.048,2443,true,0.002233918,0.00005881,1205,256
mvtable_cpp,fetch,box,34,0.048,2443,true,0.005940392,0.000027101,1205,256
capt,fetch,box,34,0.048,2443,true,0.007648021,0.003422361,1205,256
kiddo,fetch,box,34,0.048,2443,true,0.012950263,0.000065654,1205,256
mvtable_simd,fetch,box,34,0.048,2443,true,0.002213289,0.000041919,1205,256
mvtable_mutable_simd,fetch,box,34,0.048,2443,true,0.002138438,0.000054672,1205,256
mvt_cpp_simd,fetch,box,34,0.048,2443,true,0.003132476,0.000023183,1205,256
capt_simd,fetch,box,34,0.048,2443,true,0.004056582,0.003318225,1205,256
primitive,fetch,box,36,0.048,2554,true,0.002273061,0.00000011,3282,249
mvtable,fetch,box,36,0.048,2554,true,0.002308427,0.000046948,2596,152
mvtable_mutable,fetch,box,36,0.048,2554,true,0.002306483,0.000056837,2596,152
mvtable_cpp,fetch,box,36,0.048,2554,true,0.005381001,0.000025778,2596,152
capt,fetch,box,36,0.048,2554,true,0.008652457,0.003600415,2596,152
kiddo,fetch,box,36,0.048,2554,true,0.010051146,0.000066355,2596,152
mvtable_simd,fetch,box,36,0.048,2554,true,0.002396893,0.000051136,2596,152
mvtable_mutable_simd,fetch,box,36,0.048,2554,true,0.002298249,0.000066765,2596,152
mvt_cpp_simd,fetch,box,36,0.048,2554,true,0.003321541,0.000030447,2596,152
capt_simd,fetch,box,36,0.048,2554,true,0.004809387,0.003694822,2596,152
primitive,fetch,box,37,0.048,2546,true,0.000346781,0.000000491,485,70
mvtable,fetch,box,37,0.048,2546,true,0.001659779,0.000047149,1151,130
mvtable_mutable,fetch,box,37,0.048,2546,true,0.001628901,0.000062117,1151,130
mvtable_cpp,fetch,box,37,0.048,2546,true,0.003103281,0.000029295,1151,130
capt,fetch,box,37,0.048,2546,true,0.005645999,0.003655378,1151,130
kiddo,fetch,box,37,0.048,2546,true,0.007458545,0.000065513,1151,130
mvtable_simd,fetch,box,37,0.048,2546,true,0.001629853,0.00004801,1151,130
mvtable_mutable_simd,fetch,box,37,0.048,2546,true,0.001577955,0.000060584,1151,130
mvt_cpp_simd,fetch,box,37,0.048,2546,true,0.002125023,0.000027312,1151,130
capt_simd,fetch,box,37,0.048,2546,true,0.002933603,0.003556052,1151,130
primitive,fetch,box,38,0.048,2668,true,0.000439576,0.00000018,431,105
mvtable,fetch,box,38,0.048,2668,true,0.003436187,0.000046638,1391,297
mvtable_mutable,fetch,box,38,0.048,2668,true,0.00343828,0.000060894,1391,297
mvtable_cpp,fetch,box,38,0.048,2668,true,0.006309665,0.000030237,1391,297
capt,fetch,box,38,0.048,2668,true,0.014023119,0.00383735,1391,297
kiddo,fetch,box,38,0.048,2668,true,0.014556852,0.000069721,1391,297
mvtable_simd,fetch,box,38,0.048,2668,true,0.003458449,0.000048381,1391,297
mvtable_mutable_simd,fetch,box,38,0.048,2668,true,0.003328474,0.000089137,1391,297
mvt_cpp_simd,fetch,box,38,0.048,2668,true,0.003930745,0.000036779,1391,297
capt_simd,fetch,box,38,0.048,2668,true,0.006160756,0.0039168,1391,297
primitive,fetch,box,40,0.048,2652,true,0.00160732,0.000000301,2177,246
mvtable,fetch,box,40,0.048,2652,true,0.003389228,0.000048751,1961,293
mvtable_mutable,fetch,box,40,0.048,2652,true,0.003387836,0.000060203,1961,293
mvtable_cpp,fetch,box,40,0.048,2652,true,0.00981373,0.000027892,1961,293
capt,fetch,box,40,0.048,2652,true,0.013186797,0.003792716,1961,293
kiddo,fetch,box,40,0.048,2652,true,0.015360281,0.000068929,1961,293
mvtable_simd,fetch,box,40,0.048,2652,true,0.003432359,0.000049362,1961,293
mvtable_mutable_simd,fetch,box,40,0.048,2652,true,0.003298578,0.00006396,1961,293
mvt_cpp_simd,fetch,box,40,0.048,2652,true,0.004847308,0.000028203,1961,293
capt_simd,fetch,box,40,0.048,2652,true,0.006179932,0.003743123,1961,293
primitive,fetch,box,41,0.048,2529,true,0.001778873,0.000000601,2637,179
mvtable,fetch,box,41,0.048,2529,true,0.00464105,0.000046517,3821,245
mvtable_mutable,fetch,box,41,0.048,2529,true,0.004647061,0.000066274,3821,245
mvtable_cpp,fetch,box,41,0.048,2529,true,0.010168797,0.000030297,3821,245
capt,fetch,box,41,0.048,2529,true,0.016566818,0.003689553,3821,245
kiddo,fetch,box,41,0.048,2529,true,0.018415783,0.000068849,3821,245
mvtable_simd,fetch,box,41,0.048,2529,true,0.00494927,0.000045094,3821,245
mvtable_mutable_simd,fetch,box,41,0.048,2529,true,0.00472096,0.000060294,3821,245
mvt_cpp_simd,fetch,box,41,0.048,2529,true,0.006781732,0.000027922,3821,245
capt_simd,fetch,box,41,0.048,2529,true,0.010056206,0.003608,3821,245
primitive,fetch,box,43,0.048,2500,true,0.000331493,0.000000351,377,63
mvtable,fetch,box,43,0.048,2500,true,0.00046274,0.000041659,259,56
mvtable_mutable,fetch,box,43,0.048,2500,true,0.000457009,0.000052268,259,56
mvtable_cpp,fetch,box,43,0.048,2500,true,0.00155403,0.000023595,259,56
capt,fetch,box,43,0.048,2500,true,0.002034703,0.003567203,259,56
kiddo,fetch,box,43,0.048,2500,true,0.002998765,0.000065022,259,56
mvtable_simd,fetch,box,43,0.048,2500,true,0.00044707,0.00004288,259,56
mvtable_mutable_simd,fetch,box,43,0.048,2500,true,0.000422524,0.000058921,259,56
mvt_cpp_simd,fetch,box,43,0.048,2500,true,0.000747554,0.000026109,259,56
capt_simd,fetch,box,43,0.048,2500,true,0.000976515,0.003485389,259,56
primitive,fetch,box,44,0.048,2447,true,0.000925118,0.000000381,1458,82
mvtable,fetch,box,44,0.048,2447,true,0.001169708,0.00004254,1200,90
mvtable_mutable,fetch,box,44,0.048,2447,true,0.001151684,0.000054262,1200,90
mvtable_cpp,fetch,box,44,0.048,2447,true,0.002061183,0.000023364,1200,90
capt,fetch,box,44,0.048,2447,true,0.003213238,0.003306974,1200,90
kiddo,fetch,box,44,0.048,2447,true,0.006052412,0.000066585,1200,90
mvtable_simd,fetch,box,44,0.048,2447,true,0.001148989,0.000043091,1200,90
mvtable_mutable_simd,fetch,box,44,0.048,2447,true,0.001110507,0.000054462,1200,90
mvt_cpp_simd,fetch,box,44,0.048,2447,true,0.001418835,0.000024617,1200,90
capt_simd,fetch,box,44,0.048,2447,true,0.002060381,0.003296234,1200,90
primitive,fetch,box,45,0.048,2352,true,0.000094437,0.00000028,135,18
mvtable,fetch,box,45,0.048,2352,true,0.00059096,0.000044915,711,40
mvtable_mutable,fetch,box,45,0.048,2352,true,0.000582865,0.000050976,711,40
mvtable_cpp,fetch,box,45,0.048,2352,true,0.001257232,0.00002145,711,40
capt,fetch,box,45,0.048,2352,true,0.00234184,0.003153745,711,40
kiddo,fetch,box,45,0.048,2352,true,0.003153766,0.00006392,711,40
mvtable_simd,fetch,box,45,0.048,2352,true,0.000605618,0.000040957,711,40
mvtable_mutable_simd,fetch,box,45,0.048,2352,true,0.000583075,0.000050245,711,40
mvt_cpp_simd,fetch,box,45,0.048,2352,true,0.000775097,0.00002137,711,40
capt_simd,fetch,box,45,0.048,2352,true,0.001365576,0.003136764,711,40
primitive,fetch,box,50,0.048,2437,true,0.003323966,0.00000013,3365,382
mvtable,fetch,box,50,0.048,2437,true,0.003442839,0.00004778,2326,274
mvtable_mutable,fetch,box,50,0.048,2437,true,0.003426338,0.000059011,2326,274
mvtable_cpp,fetch,box,50,0.048,2437,true,0.007889935,0.000036468,2326,274
capt,fetch,box,50,0.048,2437,true,0.011181149,0.003443279,2326,274
kiddo,fetch,box,50,0.048,2437,true,0.016045979,0.000069972,2326,274
mvtable_simd,fetch,box,50,0.048,2437,true,0.003449271,0.000045225,2326,274
mvtable_mutable_simd,fetch,box,50,0.048,2437,true,0.003300702,0.00005883,2326,274
mvt_cpp_simd,fetch,box,50,0.048,2437,true,0.004648014,0.000026159,2326,274
capt_simd,fetch,box,50,0.048,2437,true,0.006158041,0.003385862,2326,274
primitive,fetch,cage,1,0.048,1901,true,0.016433187,0.000000611,11258,1138
mvtable,fetch,cage,1,0.048,1901,true,0.007223052,0.000033442,4498,455
mvtable_mutable,fetch,cage,1,0.048,1901,true,0.007380407,0.000051386,4498,455
mvtable_cpp,fetch,cage,1,0.048,1901,true,0.017112553,0.00002144,4498,455
capt,fetch,cage,1,0.048,1901,true,0.021344065,0.002358532,4498,455
kiddo,fetch,cage,1,0.048,1901,true,0.031159538,0.000048972,4498,455
mvtable_simd,fetch,cage,1,0.048,1901,true,0.007542643,0.000035637,4498,455
mvtable_mutable_simd,fetch,cage,1,0.048,1901,true,0.007467791,0.000047229,4498,455
mvt_cpp_simd,fetch,cage,1,0.048,1901,true,0.01092621,0.000028834,4498,455
capt_simd,fetch,cage,1,0.048,1901,true,0.012585438,0.002395962,4498,455
primitive,fetch,cage,2,0.048,2061,true,0.013551713,0.000000431,9996,931
mvtable,fetch,cage,2,0.048,2061,true,0.02450258,0.000040776,11250,1155
mvtable_mutable,fetch,cage,2,0.048,2061,true,0.023844113,0.000058219,11250,1155
mvtable_cpp,fetch,cage,2,0.048,2061,true,0.0607675,0.000023725,11250,1155
capt,fetch,cage,2,0.048,2061,true,0.065810997,0.002794631,11250,1155
kiddo,fetch,cage,2,0.048,2061,true,0.076263606,0.000057478,11250,1155
mvtable_simd,fetch,cage,2,0.048,2061,true,0.024477422,0.000040917,11250,1155
mvtable_mutable_simd,fetch,cage,2,0.048,2061,true,0.023807624,0.000057448,11250,1155
mvt_cpp_simd,fetch,cage,2,0.048,2061,true,0.03550926,0.000023694,11250,1155
capt_simd,fetch,cage,2,0.048,2061,true,0.038985011,0.00269303,11250,1155
primitive,fetch,cage,3,0.048,2134,true,0.015264792,0.000000371,10306,1175
mvtable,fetch,cage,3,0.048,2134,true,0.011400261,0.000037701,4825,769
mvtable_mutable,fetch,cage,3,0.048,2134,true,0.0114742,0.00005364,4825,769
mvtable_cpp,fetch,cage,3,0.048,2134,true,0.026003931,0.000022682,4825,769
capt,fetch,cage,3,0.048,2134,true,0.035570395,0.002961755,4825,769
kiddo,fetch,cage,3,0.048,2134,true,0.037965736,0.00005871,4825,769
mvtable_simd,fetch,cage,3,0.048,2134,true,0.011553889,0.000040155,4825,769
mvtable_mutable_simd,fetch,cage,3,0.048,2134,true,0.011158566,0.000053701,4825,769
mvt_cpp_simd,fetch,cage,3,0.048,2134,true,0.015996947,0.000024286,4825,769
capt_simd,fetch,cage,3,0.048,2134,true,0.018504119,0.00291117,4825,769
primitive,fetch,cage,4,0.048,2077,true,0.013987101,0.000000311,9828,1077
mvtable,fetch,cage,4,0.048,2077,true,0.003434303,0.000040416,1737,292
mvtable_mutable,fetch,cage,4,0.048,2077,true,0.003420317,0.000057899,1737,292
mvtable_cpp,fetch,cage,4,0.048,2077,true,0.009803781,0.000028313,1737,292
capt,fetch,cage,4,0.048,2077,true,0.011585679,0.002974469,1737,292
kiddo,fetch,cage,4,0.048,2077,true,0.014036504,0.00006363,1737,292
mvtable_simd,fetch,cage,4,0.048,2077,true,0.003387405,0.000038883,1737,292
mvtable_mutable_simd,fetch,cage,4,0.048,2077,true,0.00325211,0.000054012,1737,292
mvt_cpp_simd,fetch,cage,4,0.048,2077,true,0.005745095,0.000027582,1737,292
capt_simd,fetch,cage,4,0.048,2077,true,0.006011425,0.002756099,1737,292
primitive,fetch,cage,5,0.048,2028,true,0.042215421,0.000000301,23384,1943
mvtable,fetch,cage,5,0.048,2028,true,0.106517442,0.000043181,37762,3201
mvtable_mutable,fetch,cage,5,0.048,2028,true,0.106364304,0.000069671,37762,3201
mvtable_cpp,fetch,cage,5,0.048,2028,true,0.239447442,0.000034685,37762,3201
capt,fetch,cage,5,0.048,2028,true,0.212949003,0.002497863,37762,3201
kiddo,fetch,cage,5,0.048,2028,true,0.276086135,0.000045957,37762,3201
mvtable_simd,fetch,cage,5,0.048,2028,true,0.105795245,0.000043732,37762,3201
mvtable_mutable_simd,fetch,cage,5,0.048,2028,true,0.104744782,0.000066836,37762,3201
mvt_cpp_simd,fetch,cage,5,0.048,2028,true,0.147869121,0.000027792,37762,3201
capt_simd,fetch,cage,5,0.048,2028,true,0.144588696,0.002540293,37762,3201
primitive,fetch,cage,6,0.048,1983,true,0.002068927,0.000000491,2858,213
mvtable,fetch,cage,6,0.048,1983,true,0.00585416,0.000034715,3244,459
mvtable_mutable,fetch,cage,6,0.048,1983,true,0.005804346,0.000048982,3244,459
mvtable_cpp,fetch,cage,6,0.048,1983,true,0.019546037,0.000021049,3244,459
capt,fetch,cage,6,0.048,1983,true,0.019177614,0.002362849,3244,459
kiddo,fetch,cage,6,0.048,1983,true,0.030204303,0.000046858,3244,459
mvtable_simd,fetch,cage,6,0.048,1983,true,0.005794998,0.000034495,3244,459
mvtable_mutable_simd,fetch,cage,6,0.048,1983,true,0.005554317,0.000046116,3244,459
mvt_cpp_simd,fetch,cage,6,0.048,1983,true,0.009385485,0.000019597,3244,459
capt_simd,fetch,cage,6,0.048,1983,true,0.010182092,0.002439453,3244,459
primitive,fetch,cage,7,0.048,1950,true,0.078859364,0.000000261,47652,1749
mvtable,fetch,cage,7,0.048,1950,true,0.070020005,0.000034706,33870,1739
mvtable_mutable,fetch,cage,7,0.048,1950,true,0.069753744,0.00005302,33870,1739
mvtable_cpp,fetch,cage,7,0.048,1950,true,0.11479728,0.000020619,33870,1739
capt,fetch,cage,7,0.048,1950,true,0.141187817,0.002377367,33870,1739
kiddo,fetch,cage,7,0.048,1950,true,0.181047241,0.000048621,33870,1739
mvtable_simd,fetch,cage,7,0.048,1950,true,0.071937808,0.000039835,33870,1739
mvtable_mutable_simd,fetch,cage,7,0.048,1950,true,0.070242453,0.000060163,33870,1739
mvt_cpp_simd,fetch,cage,7,0.048,1950,true,0.088845988,0.000022512,33870,1739
capt_simd,fetch,cage,7,0.048,1950,true,0.104771191,0.002422071,33870,1739
primitive,fetch,cage,9,0.048,2032,true,0.051409296,0.00000012,26369,2264
mvtable,fetch,cage,9,0.048,2032,true,0.092304066,0.000037841,32798,3115
mvtable_mutable,fetch,cage,9,0.048,2032,true,0.091166148,0.000060253,32798,3115
mvtable_cpp,fetch,cage,9,0.048,2032,true,0.209481899,0.000024376,32798,3115
capt,fetch,cage,9,0.048,2032,true,0.191876108,0.002552967,32798,3115
kiddo,fetch,cage,9,0.048,2032,true,0.261683053,0.000045556,32798,3115
mvtable_simd,fetch,cage,9,0.048,2032,true,0.09118902,0.00004244,32798,3115
mvtable_mutable_simd,fetch,cage,9,0.048,2032,true,0.090069798,0.000056496,32798,3115
mvt_cpp_simd,fetch,cage,9,0.048,2032,true,0.124609747,0.000025347,32798,3115
capt_simd,fetch,cage,9,0.048,2032,true,0.126707368,0.002539682,32798,3115
primitive,fetch,cage,10,0.048,2036,true,0.004375311,0.000000701,7027,225
mvtable,fetch,cage,10,0.048,2036,true,0.013469218,0.000041397,7294,761
mvtable_mutable,fetch,cage,10,0.048,2036,true,0.013409425,0.000053461,7294,761
mvtable_cpp,fetch,cage,10,0.048,2036,true,0.031416481,0.000027943,7294,761
capt,fetch,cage,10,0.048,2036,true,0.045155004,0.002492513,7294,761
kiddo,fetch,cage,10,0.048,2036,true,0.052616565,0.000044643,7294,761
mvtable_simd,fetch,cage,10,0.048,2036,true,0.013548357,0.000041097,7294,761
mvtable_mutable_simd,fetch,cage,10,0.048,2036,true,0.013054199,0.000054523,7294,761
mvt_cpp_simd,fetch,cage,10,0.048,2036,true,0.019597824,0.000022833,7294,761
capt_simd,fetch,cage,10,0.048,2036,true,0.022689923,0.002544972,7294,761
primitive,fetch,cage,11,0.048,2054,true,0.036347045,0.000000411,20304,1788
mvtable,fetch,cage,11,0.048,2054,true,0.052128798,0.00003737,19349,2081
mvtable_mutable,fetch,cage,11,0.048,2054,true,0.051916389,0.000054031,19349,2081
mvtable_cpp,fetch,cage,11,0.048,2054,true,0.090865824,0.000024095,19349,2081
capt,fetch,cage,11,0.048,2054,true,0.124736265,0.002757751,19349,2081
kiddo,fetch,cage,11,0.048,2054,true,0.131034829,0.000057558,19349,2081
mvtable_simd,fetch,cage,11,0.048,2054,true,0.052542385,0.000040887,19349,2081
mvtable_mutable_simd,fetch,cage,11,0.048,2054,true,0.051381334,0.000057068,19349,2081
mvt_cpp_simd,fetch,cage,11,0.048,2054,true,0.065083209,0.000023384,19349,2081
capt_simd,fetch,cage,11,0.048,2054,true,0.076410973,0.002724188,19349,2081
primitive,fetch,cage,13,0.048,2052,true,0.009513305,0.00000018,6182,971
mvtable,fetch,cage,13,0.048,2052,true,0.019495611,0.000036499,7579,1213
mvtable_mutable,fetch,cage,13,0.048,2052,true,0.019224361,0.000048551,7579,1213
mvtable_cpp,fetch,cage,13,0.048,2052,true,0.052224238,0.00002113,7579,1213
capt,fetch,cage,13,0.048,2052,true,0.052300892,0.002829116,7579,1213
kiddo,fetch,cage,13,0.048,2052,true,0.064019991,0.000055685,7579,1213
mvtable_simd,fetch,cage,13,0.048,2052,true,0.019182243,0.000040907,7579,1213
mvtable_mutable_simd,fetch,cage,13,0.048,2052,true,0.018706559,0.000055514,7579,1213
mvt_cpp_simd,fetch,cage,13,0.048,2052,true,0.02696682,0.000022763,7579,1213
capt_simd,fetch,cage,13,0.048,2052,true,0.029018033,0.002735931,7579,1213
primitive,fetch,cage,14,0.048,1969,true,0.012342421,0.000000431,9539,919
mvtable,fetch,cage,14,0.048,1969,true,0.020137568,0.000036829,10116,1067
mvtable_mutable,fetch,cage,14,0.048,1969,true,0.020116228,0.000049643,10116,1067
mvtable_cpp,fetch,cage,14,0.048,1969,true,0.04463631,0.000020799,10116,1067
capt,fetch,cage,14,0.048,1969,true,0.050931328,0.002444483,10116,1067
kiddo,fetch,cage,14,0.048,1969,true,0.080458299,0.000046838,10116,1067
mvtable_simd,fetch,cage,14,0.048,1969,true,0.020449604,0.000034925,10116,1067
mvtable_mutable_simd,fetch,cage,14,0.048,1969,true,0.019624103,0.000049093,10116,1067
mvt_cpp_simd,fetch,cage,14,0.048,1969,true,0.028144533,0.000021861,10116,1067
capt_simd,fetch,cage,14,0.048,1969,true,0.03119257,0.002413966,10116,1067
primitive,fetch,cage,15,0.048,1955,true,0.038239801,0.000000311,19654,2137
mvtable,fetch,cage,15,0.048,1955,true,0.018373684,0.000035707,7414,1205
mvtable_mutable,fetch,cage,15,0.048,1955,true,0.018158669,0.000051537,7414,1205
mvtable_cpp,fetch,cage,15,0.048,1955,true,0.032208739,0.000021631,7414,1205
capt,fetch,cage,15,0.048,1955,true,0.049593404,0.002343062,7414,1205
kiddo,fetch,cage,15,0.048,1955,true,0.081192157,0.000051888,7414,1205
mvtable_simd,fetch,cage,15,0.048,1955,true,0.018143371,0.000035566,7414,1205
mvtable_mutable_simd,fetch,cage,15,0.048,1955,true,0.0175577,0.00004813,7414,1205
mvt_cpp_simd,fetch,cage,15,0.048,1955,true,0.023383206,0.00002125,7414,1205
capt_simd,fetch,cage,15,0.048,1955,true,0.028242426,0.002417112,7414,1205
primitive,fetch,cage,16,0.048,2001,true,0.02875498,0.000000341,15994,1885
mvtable,fetch,cage,16,0.048,2001,true,0.030737575,0.000041639,11307,1642
mvtable_mutable,fetch,cage,16,0.048,2001,true,0.030525617,0.000056166,11307,1642
mvtable_cpp,fetch,cage,16,0.048,2001,true,0.057220365,0.000023684,11307,1642
capt,fetch,cage,16,0.048,2001,true,0.074737809,0.002411401,11307,1642
kiddo,fetch,cage,16,0.048,2001,true,0.114671463,0.00004771,11307,1642
mvtable_simd,fetch,cage,16,0.048,2001,true,0.030386746,0.000040516,11307,1642
mvtable_mutable_simd,fetch,cage,16,0.048,2001,true,0.029558058,0.000055604,11307,1642
mvt_cpp_simd,fetch,cage,16,0.048,2001,true,0.038531219,0.000022913,11307,1642
capt_simd,fetch,cage,16,0.048,2001,true,0.044451072,0.00249564,11307,1642
primitive,fetch,cage,17,0.048,1995,true,0.016017857,0.000000421,9363,1264
mvtable,fetch,cage,17,0.048,1995,true,0.033318714,0.000033332,11923,1749
mvtable_mutable,fetch,cage,17,0.048,1995,true,0.033149466,0.000046126,11923,1749
mvtable_cpp,fetch,cage,17,0.048,1995,true,0.074294907,0.000020729,11923,1749
capt,fetch,cage,17,0.048,1995,true,0.084595992,0.002412704,11923,1749
kiddo,fetch,cage,17,0.048,1995,true,0.119440183,0.000047399,11923,1749
mvtable_simd,fetch,cage,17,0.048,1995,true,0.033013932,0.000035226,11923,1749
mvtable_mutable_simd,fetch,cage,17,0.048,1995,true,0.031926689,0.00004766,11923,1749
mvt_cpp_simd,fetch,cage,17,0.048,1995,true,0.044130669,0.00002123,11923,1749
capt_simd,fetch,cage,17,0.048,1995,true,0.048589859,0.002505718,11923,1749
primitive,fetch,cage,18,0.048,2032,true,0.054469807,0.000000391,31679,2149
mvtable,fetch,cage,18,0.048,2032,true,0.037239742,0.000039594,17168,1571
mvtable_mutable,fetch,cage,18,0.048,2032,true,0.037051098,0.000056667,17168,1571
mvtable_cpp,fetch,cage,18,0.048,2032,true,0.089273381,0.000023995,17168,1571
capt,fetch,cage,18,0.048,2032,true,0.093494553,0.002509115,17168,1571
kiddo,fetch,cage,18,0.048,2032,true,0.132024549,0.000044414,17168,1571
mvtable_simd,fetch,cage,18,0.048,2032,true,0.03710021,0.000040046,17168,1571
mvtable_mutable_simd,fetch,cage,18,0.048,2032,true,0.03621171,0.00005341,17168,1571
mvt_cpp_simd,fetch,cage,18,0.048,2032,true,0.054204448,0.000022913,17168,1571
capt_simd,fetch,cage,18,0.048,2032,true,0.058549642,0.002598813,17168,1571
primitive,fetch,cage,23,0.048,1947,true,0.081089153,0.00000011,42165,2197
mvtable,fetch,cage,23,0.048,1947,true,0.032130352,0.000034254,15543,1224
mvtable_mutable,fetch,cage,23,0.048,1947,true,0.031802886,0.000048702,15543,1224
mvtable_cpp,fetch,cage,23,0.048,1947,true,0.066966618,0.000020649,15543,1224
capt,fetch,cage,23,0.048,1947,true,0.071612447,0.00230975,15543,1224
kiddo,fetch,cage,23,0.048,1947,true,0.101254914,0.000046848,15543,1224
mvtable_simd,fetch,cage,23,0.048,1947,true,0.032604833,0.000035567,15543,1224
mvtable_mutable_simd,fetch,cage,23,0.048,1947,true,0.031428223,0.000047609,15543,1224
mvt_cpp_simd,fetch,cage,23,0.048,1947,true,0.044803635,0.000020288,15543,1224
capt_simd,fetch,cage,23,0.048,1947,true,0.047900914,0.002396363,15543,1224
primitive,fetch,cage,24,0.048,2016,true,0.029339477,0.000000381,18141,1393
mvtable,fetch,cage,24,0.048,2016,true,0.032386152,0.000037531,13575,1385
mvtable_mutable,fetch,cage,24,0.048,2016,true,0.032328264,0.000059181,13575,1385
mvtable_cpp,fetch,cage,24,0.048,2016,true,0.080021187,0.000023104,13575,1385
capt,fetch,cage,24,0.048,2016,true,0.07483943,0.002471464,13575,1385
kiddo,fetch,cage,24,0.048,2016,true,0.104551558,0.00005306,13575,1385
mvtable_simd,fetch,cage,24,0.048,2016,true,0.032687619,0.000048771,13575,1385
mvtable_mutable_simd,fetch,cage,24,0.048,2016,true,0.031845807,0.000060373,13575,1385
mvt_cpp_simd,fetch,cage,24,0.048,2016,true,0.045467572,0.000024486,13575,1385
capt_simd,fetch,cage,24,0.048,2016,true,0.046639554,0.00254386,13575,1385
primitive,fetch,cage,25,0.048,2075,true,0.034860201,0.000000401,16765,2051
mvtable,fetch,cage,25,0.048,2075,true,0.011981733,0.000041448,5014,878
mvtable_mutable,fetch,cage,25,0.048,2075,true,0.011973227,0.000056566,5014,878
mvtable_cpp,fetch,cage,25,0.048,2075,true,0.029818578,0.000027672,5014,878
capt,fetch,cage,25,0.048,2075,true,0.035921876,0.002839906,5014,878
kiddo,fetch,cage,25,0.048,2075,true,0.0459829,0.000064221,5014,878
mvtable_simd,fetch,cage,25,0.048,2075,true,0.011965533,0.000045005,5014,878
mvtable_mutable_simd,fetch,cage,25,0.048,2075,true,0.01168726,0.000078348,5014,878
mvt_cpp_simd,fetch,cage,25,0.048,2075,true,0.016787453,0.000027572,5014,878
capt_simd,fetch,cage,25,0.048,2075,true,0.019238939,0.002728126,5014,878
primitive,fetch,cage,26,0.048,1976,true,0.021333224,0.000000601,12561,1443
mvtable,fetch,cage,26,0.048,1976,true,0.030153377,0.000036087,12608,1565
mvtable_mutable,fetch,cage,26,0.048,1976,true,0.030177733,0.000087965,12608,1565
mvtable_cpp,fetch,cage,26,0.048,1976,true,0.076859295,0.000024486,12608,1565
capt,fetch,cage,26,0.048,1976,true,0.07797387,0.002366937,12608,1565
kiddo,fetch,cage,26,0.048,1976,true,0.112992218,0.000060443,12608,1565
mvtable_simd,fetch,cage,26,0.048,1976,true,0.030522511,0.000038843,12608,1565
mvtable_mutable_simd,fetch,cage,26,0.048,1976,true,0.029348796,0.000050555,12608,1565
mvt_cpp_simd,fetch,cage,26,0.048,1976,true,0.043083793,0.000020849,12608,1565
capt_simd,fetch,cage,26,0.048,1976,true,0.045122343,0.002508293,12608,1565
primitive,fetch,cage,27,0.048,1940,true,0.31034138,0.000000581,117410,4546
mvtable,fetch,cage,27,0.048,1940,true,0.134000892,0.000038512,48420,3087
mvtable_mutable,fetch,cage,27,0.048,1940,true,0.13241388,0.000052328,48420,3087
mvtable_cpp,fetch,cage,27,0.048,1940,true,0.208858458,0.000024156,48420,3087
capt,fetch,cage,27,0.048,1940,true,0.232753234,0.002302586,48420,3087
kiddo,fetch,cage,27,0.048,1940,true,0.313296903,0.000046428,48420,3087
mvtable_simd,fetch,cage,27,0.048,1940,true,0.134730784,0.000034796,48420,3087
mvtable_mutable_simd,fetch,cage,27,0.048,1940,true,0.131739964,0.000050485,48420,3087
mvt_cpp_simd,fetch,cage,27,0.048,1940,true,0.16191411,0.000024135,48420,3087
capt_simd,fetch,cage,27,0.048,1940,true,0.176963438,0.002481823,48420,3087
primitive,fetch,cage,29,0.048,1998,true,0.282178162,0.00000012,110591,4301
mvtable,fetch,cage,29,0.048,1998,true,0.318905913,0.000038623,100466,4805
mvtable_mutable,fetch,cage,29,0.048,1998,true,0.319303388,0.000055324,100466,4805
mvtable_cpp,fetch,cage,29,0.048,1998,true,0.487920474,0.000023173,100466,4805
capt,fetch,cage,29,0.048,1998,true,0.506116654,0.002355766,100466,4805
kiddo,fetch,cage,29,0.048,1998,true,0.621765474,0.000045425,100466,4805
mvtable_simd,fetch,cage,29,0.048,1998,true,0.321290312,0.000039594,100466,4805
mvtable_mutable_simd,fetch,cage,29,0.048,1998,true,0.317060985,0.000058289,100466,4805
mvt_cpp_simd,fetch,cage,29,0.048,1998,true,0.383140957,0.000024576,100466,4805
capt_simd,fetch,cage,29,0.048,1998,true,0.402214976,0.002411672,100466,4805
primitive,fetch,cage,30,0.048,1944,true,0.009330312,0.000000391,7404,840
mvtable,fetch,cage,30,0.048,1944,true,0.024062402,0.000033022,11713,1326
mvtable_mutable,fetch,cage,30,0.048,1944,true,0.023991168,0.000047489,11713,1326
mvtable_cpp,fetch,cage,30,0.048,1944,true,0.054378215,0.000020588,11713,1326
capt,fetch,cage,30,0.048,1944,true,0.060518392,0.002297327,11713,1326
kiddo,fetch,cage,30,0.048,1944,true,0.089971202,0.000049323,11713,1326
mvtable_simd,fetch,cage,30,0.048,1944,true,0.024539428,0.000033884,11713,1326
mvtable_mutable_simd,fetch,cage,30,0.048,1944,true,0.023490938,0.000046477,11713,1326
mvt_cpp_simd,fetch,cage,30,0.048,1944,true,0.033447356,0.000020628,11713,1326
capt_simd,fetch,cage,30,0.048,1944,true,0.038515239,0.002335318,11713,1326
primitive,fetch,cage,31,0.048,2089,true,0.018288553,0.000000521,11910,1214
mvtable,fetch,cage,31,0.048,2089,true,0.025379197,0.000040736,9885,1326
mvtable_mutable,fetch,cage,31,0.048,2089,true,0.025128145,0.000056346,9885,1326
mvtable_cpp,fetch,cage,31,0.048,2089,true,0.065566407,0.000023164,9885,1326
capt,fetch,cage,31,0.048,2089,true,0.068058789,0.002945895,9885,1326
kiddo,fetch,cage,31,0.048,2089,true,0.081242923,0.000062818,9885,1326
mvtable_simd,fetch,cage,31,0.048,2089,true,0.025592217,0.000041698,9885,1326
mvtable_mutable_simd,fetch,cage,31,0.048,2089,true,0.024701253,0.0000584,9885,1326
mvt_cpp_simd,fetch,cage,31,0.048,2089,true,0.036077378,0.000023664,9885,1326
capt_simd,fetch,cage,31,0.048,2089,true,0.039227277,0.002784683,9885,1326
primitive,fetch,cage,32,0.048,2089,true,0.012851447,0.000000401,8369,1130
mvtable,fetch,cage,32,0.048,2089,true,0.028149683,0.000040045,10759,1516
mvtable_mutable,fetch,cage,32,0.048,2089,true,0.027765199,0.000059221,10759,1516
mvtable_cpp,fetch,cage,32,0.048,2089,true,0.063307893,0.000023204,10759,1516
capt,fetch,cage,32,0.048,2089,true,0.07019302,0.002899889,10759,1516
kiddo,fetch,cage,32,0.048,2089,true,0.090148806,0.000060724,10759,1516
mvtable_simd,fetch,cage,32,0.048,2089,true,0.027798602,0.000041067,10759,1516
mvtable_mutable_simd,fetch,cage,32,0.048,2089,true,0.027066396,0.000056006,10759,1516
mvt_cpp_simd,fetch,cage,32,0.048,2089,true,0.036907147,0.000022623,10759,1516
capt_simd,fetch,cage,32,0.048,2089,true,0.042163944,0.002776798,10759,1516
primitive,fetch,cage,34,0.048,2003,true,0.010520217,0.000000121,7919,850
mvtable,fetch,cage,34,0.048,2003,true,0.037804373,0.00003192,14891,1848
mvtable_mutable,fetch,cage,34,0.048,2003,true,0.03772292,0.000043171,14891,1848
mvtable_cpp,fetch,cage,34,0.048,2003,true,0.086742065,0.000020639,14891,1848
capt,fetch,cage,34,0.048,2003,true,0.090542255,0.002472516,14891,1848
kiddo,fetch,cage,34,0.048,2003,true,0.135169198,0.000047058,14891,1848
mvtable_simd,fetch,cage,34,0.048,2003,true,0.037999539,0.000036238,14891,1848
mvtable_mutable_simd,fetch,cage,34,0.048,2003,true,0.036521232,0.000048872,14891,1848
mvt_cpp_simd,fetch,cage,34,0.048,2003,true,0.052882945,0.000020198,14891,1848
capt_simd,fetch,cage,34,0.048,2003,true,0.057175481,0.002505247,14891,1848
primitive,fetch,cage,35,0.048,2107,true,0.01559377,0.000000401,10332,1176
mvtable,fetch,cage,35,0.048,2107,true,0.023833512,0.000037321,9657,1295
mvtable_mutable,fetch,cage,35,0.048,2107,true,0.024048897,0.000058199,9657,1295
mvtable_cpp,fetch,cage,35,0.048,2107,true,0.056517404,0.000024025,9657,1295
capt,fetch,cage,35,0.048,2107,true,0.066428086,0.002933862,9657,1295
kiddo,fetch,cage,35,0.048,2107,true,0.071987311,0.000060804,9657,1295
mvtable_simd,fetch,cage,35,0.048,2107,true,0.023893515,0.000038863,9657,1295
mvtable_mutable_simd,fetch,cage,35,0.048,2107,true,0.023403394,0.000058671,9657,1295
mvt_cpp_simd,fetch,cage,35,0.048,2107,true,0.033997029,0.000027451,9657,1295
capt_simd,fetch,cage,35,0.048,2107,true,0.037178237,0.002959822,9657,1295
primitive,fetch,cage,36,0.048,1771,true,0.04808508,0.00000037,26618,2340
mvtable,fetch,cage,36,0.048,1771,true,0.037561527,0.00003692,14738,1894
mvtable_mutable,fetch,cage,36,0.048,1771,true,0.037510521,0.000051055,14738,1894
mvtable_cpp,fetch,cage,36,0.048,1771,true,0.069329558,0.000023154,14738,1894
capt,fetch,cage,36,0.048,1771,true,0.080182059,0.002151092,14738,1894
kiddo,fetch,cage,36,0.048,1771,true,0.126812105,0.000044413,14738,1894
mvtable_simd,fetch,cage,36,0.048,1771,true,0.037415443,0.000033102,14738,1894
mvtable_mutable_simd,fetch,cage,36,0.048,1771,true,0.03633388,0.000044303,14738,1894
mvt_cpp_simd,fetch,cage,36,0.048,1771,true,0.046853957,0.000019096,14738,1894
capt_simd,fetch,cage,36,0.048,1771,true,0.052327171,0.002240049,14738,1894
primitive,fetch,cage,38,0.048,1950,true,0.012045243,0.000000151,8834,976
mvtable,fetch,cage,38,0.048,1950,true,0.016500153,0.000033332,7919,958
mvtable_mutable,fetch,cage,38,0.048,1950,true,0.016433759,0.000044324,7919,958
mvtable_cpp,fetch,cage,38,0.048,1950,true,0.039499659,0.000023153,7919,958
capt,fetch,cage,38,0.048,1950,true,0.042606717,0.002350557,7919,958
kiddo,fetch,cage,38,0.048,1950,true,0.068888539,0.000045365,7919,958
mvtable_simd,fetch,cage,38,0.048,1950,true,0.01668484,0.000035697,7919,958
mvtable_mutable_simd,fetch,cage,38,0.048,1950,true,0.016098618,0.000049152,7919,958
mvt_cpp_simd,fetch,cage,38,0.048,1950,true,0.024313905,0.00002166,7919,958
capt_simd,fetch,cage,38,0.048,1950,true,0.025664102,0.00239993,7919,958
primitive,fetch,cage,40,0.048,2050,true,0.038659209,0.0000002,24588,1402
mvtable,fetch,cage,40,0.048,2050,true,0.04906997,0.000038903,21855,1528
mvtable_mutable,fetch,cage,40,0.048,2050,true,0.049075761,0.000054512,21855,1528
mvtable_cpp,fetch,cage,40,0.048,2050,true,0.10781997,0.000022102,21855,1528
capt,fetch,cage,40,0.048,2050,true,0.113541971,0.002817013,21855,1528
kiddo,fetch,cage,40,0.048,2050,true,0.120429713,0.000059561,21855,1528
mvtable_simd,fetch,cage,40,0.048,2050,true,0.05016031,0.000039454,21855,1528
mvtable_mutable_simd,fetch,cage,40,0.048,2050,true,0.048712719,0.000059301,21855,1528
mvt_cpp_simd,fetch,cage,40,0.048,2050,true,0.067742656,0.000023173,21855,1528
capt_simd,fetch,cage,40,0.048,2050,true,0.073461331,0.0027462,21855,1528
primitive,fetch,cage,41,0.048,1978,true,0.01999517,0.00000025,11068,1450
mvtable,fetch,cage,41,0.048,1978,true,0.021823375,0.000033052,8294,1353
mvtable_mutable,fetch,cage,41,0.048,1978,true,0.021731172,0.000048982,8294,1353
mvtable_cpp,fetch,cage,41,0.048,1978,true,0.056485675,0.00002153,8294,1353
capt,fetch,cage,41,0.048,1978,true,0.057266312,0.00237377,8294,1353
kiddo,fetch,cage,41,0.048,1978,true,0.088417463,0.000048201,8294,1353
mvtable_simd,fetch,cage,41,0.048,1978,true,0.021518964,0.00003724,8294,1353
mvtable_mutable_simd,fetch,cage,41,0.048,1978,true,0.020927973,0.000050125,8294,1353
mvt_cpp_simd,fetch,cage,41,0.048,1978,true,0.030305102,0.000021811,8294,1353
capt_simd,fetch,cage,41,0.048,1978,true,0.032869762,0.002440125,8294,1353
primitive,fetch,cage,42,0.048,2025,true,0.204023803,0.00000025,84725,3663
mvtable,fetch,cage,42,0.048,2025,true,0.140824784,0.000039425,51195,3113
mvtable_mutable,fetch,cage,42,0.048,2025,true,0.141087829,0.000063439,51195,3113
mvtable_cpp,fetch,cage,42,0.048,2025,true,0.24556629,0.000027642,51195,3113
capt,fetch,cage,42,0.048,2025,true,0.25476326,0.002534552,51195,3113
kiddo,fetch,cage,42,0.048,2025,true,0.329042098,0.000046297,51195,3113
mvtable_simd,fetch,cage,42,0.048,2025,true,0.141527114,0.000039905,51195,3113
mvtable_mutable_simd,fetch,cage,42,0.048,2025,true,0.13997139,0.000057689,51195,3113
mvt_cpp_simd,fetch,cage,42,0.048,2025,true,0.182493969,0.000026279,51195,3113
capt_simd,fetch,cage,42,0.048,2025,true,0.189509511,0.002544422,51195,3113
primitive,fetch,cage,43,0.048,2053,true,0.075026452,0.000000371,40007,2064
mvtable,fetch,cage,43,0.048,2053,true,0.137864121,0.00003709,51095,2836
mvtable_mutable,fetch,cage,43,0.048,2053,true,0.137936889,0.000056136,51095,2836
mvtable_cpp,fetch,cage,43,0.048,2053,true,0.222668575,0.000025518,51095,2836
capt,fetch,cage,43,0.048,2053,true,0.264261919,0.002782819,51095,2836
kiddo,fetch,cage,43,0.048,2053,true,0.276407329,0.000060273,51095,2836
mvtable_simd,fetch,cage,43,0.048,2053,true,0.140406999,0.000040366,51095,2836
mvtable_mutable_simd,fetch,cage,43,0.048,2053,true,0.138709279,0.000057157,51095,2836
mvt_cpp_simd,fetch,cage,43,0.048,2053,true,0.171864316,0.000028284,51095,2836
capt_simd,fetch,cage,43,0.048,2053,true,0.192273174,0.002723167,51095,2836
primitive,fetch,cage,44,0.048,2038,true,0.183161323,0.000000461,78911,3428
mvtable,fetch,cage,44,0.048,2038,true,0.12414295,0.000039905,43934,2860
mvtable_mutable,fetch,cage,44,0.048,2038,true,0.123805877,0.00007434,43934,2860
mvtable_cpp,fetch,cage,44,0.048,2038,true,0.238789897,0.000027241,43934,2860
capt,fetch,cage,44,0.048,2038,true,0.233559139,0.002480691,43934,2860
kiddo,fetch,cage,44,0.048,2038,true,0.287839769,0.000049744,43934,2860
mvtable_simd,fetch,cage,44,0.048,2038,true,0.124527953,0.000040145,43934,2860
mvtable_mutable_simd,fetch,cage,44,0.048,2038,true,0.123032273,0.000057699,43934,2860
mvt_cpp_simd,fetch,cage,44,0.048,2038,true,0.158474998,0.000027642,43934,2860
capt_simd,fetch,cage,44,0.048,2038,true,0.163879984,0.002738155,43934,2860
primitive,fetch,cage,45,0.048,2034,true,0.01968638,0.0000004,12450,1351
mvtable,fetch,cage,45,0.048,2034,true,0.053988402,0.000038663,20415,2174
mvtable_mutable,fetch,cage,45,0.048,2034,true,0.053584464,0.000054602,20415,2174
mvtable_cpp,fetch,cage,45,0.048,2034,true,0.114484302,0.000024185,20415,2174
capt,fetch,cage,45,0.048,2034,true,0.126583957,0.002487754,20415,2174
kiddo,fetch,cage,45,0.048,2034,true,0.166712647,0.000046567,20415,2174
mvtable_simd,fetch,cage,45,0.048,2034,true,0.054400787,0.000041298,20415,2174
mvtable_mutable_simd,fetch,cage,45,0.048,2034,true,0.053036824,0.000061626,20415,2174
mvt_cpp_simd,fetch,cage,45,0.048,2034,true,0.072294038,0.000025388,20415,2174
capt_simd,fetch,cage,45,0.048,2034,true,0.077264237,0.002540704,20415,2174
primitive,fetch,cage,47,0.048,2045,true,0.016803773,0.000000191,10845,1225
mvtable,fetch,cage,47,0.048,2045,true,0.010708291,0.000037781,4894,777
mvtable_mutable,fetch,cage,47,0.048,2045,true,0.010620486,0.000050786,4894,777
mvtable_cpp,fetch,cage,47,0.048,2045,true,0.019009718,0.000022953,4894,777
capt,fetch,cage,47,0.048,2045,true,0.030848864,0.002458509,4894,777
kiddo,fetch,cage,47,0.048,2045,true,0.050662232,0.000042409,4894,777
mvtable_simd,fetch,cage,47,0.048,2045,true,0.010524605,0.00004799,4894,777
mvtable_mutable_simd,fetch,cage,47,0.048,2045,true,0.010209634,0.000052699,4894,777
mvt_cpp_simd,fetch,cage,47,0.048,2045,true,0.01407157,0.000024205,4894,777
capt_simd,fetch,cage,47,0.048,2045,true,0.017348106,0.002551394,4894,777
primitive,fetch,cage,48,0.048,2000,true,0.012115825,0.000000411,8215,986
mvtable,fetch,cage,48,0.048,2000,true,0.006815386,0.000033042,3374,501
mvtable_mutable,fetch,cage,48,0.048,2000,true,0.006749352,0.000043952,3374,501
mvtable_cpp,fetch,cage,48,0.048,2000,true,0.020842803,0.000019477,3374,501
capt,fetch,cage,48,0.048,2000,true,0.022339625,0.002385583,3374,501
kiddo,fetch,cage,48,0.048,2000,true,0.033205773,0.00004773,3374,501
mvtable_simd,fetch,cage,48,0.048,2000,true,0.006949067,0.000035146,3374,501
mvtable_mutable_simd,fetch,cage,48,0.048,2000,true,0.00661548,0.000048932,3374,501
mvt_cpp_simd,fetch,cage,48,0.048,2000,true,0.01085679,0.000022793,3374,501
capt_simd,fetch,cage,48,0.048,2000,true,0.011462929,0.002505148,3374,501
primitive,fetch,cage,49,0.048,1998,true,0.013018431,0.000000331,8766,1026
mvtable,fetch,cage,49,0.048,1998,true,0.011146103,0.000035928,5454,758
mvtable_mutable,fetch,cage,49,0.048,1998,true,0.011015207,0.00005323,5454,758
mvtable_cpp,fetch,cage,49,0.048,1998,true,0.033338482,0.000021981,5454,758
capt,fetch,cage,49,0.048,1998,true,0.033185705,0.002421149,5454,758
kiddo,fetch,cage,49,0.048,1998,true,0.050363151,0.000046317,5454,758
mvtable_simd,fetch,cage,49,0.048,1998,true,0.01121905,0.00003725,5454,758
mvtable_mutable_simd,fetch,cage,49,0.048,1998,true,0.010801666,0.000050215,5454,758
mvt_cpp_simd,fetch,cage,49,0.048,1998,true,0.017339109,0.000022312,5454,758
capt_simd,fetch,cage,49,0.048,1998,true,0.018610779,0.002459531,5454,758
primitive,fetch,table_pick,1,0.048,1917,true,0.000871377,0.000000592,1945,85
mvtable,fetch,table_pick,1,0.048,1917,true,0.000916973,0.000041257,590,76
mvtable_mutable,fetch,table_pick,1,0.048,1917,true,0.000919989,0.000052479,590,76
mvtable_cpp,fetch,table_pick,1,0.048,1917,true,0.00112819,0.000021972,590,76
capt,fetch,table_pick,1,0.048,1917,true,0.002617518,0.00185769,590,76
kiddo,fetch,table_pick,1,0.048,1917,true,0.00411946,0.000049533,590,76
mvtable_simd,fetch,table_pick,1,0.048,1917,true,0.000969311,0.000041648,590,76
mvtable_mutable_simd,fetch,table_pick,1,0.048,1917,true,0.000934977,0.000060774,590,76
mvt_cpp_simd,fetch,table_pick,1,0.048,1917,true,0.000823778,0.000022162,590,76
capt_simd,fetch,table_pick,1,0.048,1917,true,0.001218269,0.001923204,590,76
primitive,fetch,table_pick,2,0.048,1874,true,0.00008528,0.00000028,48,20
mvtable,fetch,table_pick,2,0.048,1874,true,0.000095139,0.000040686,45,19
mvtable_mutable,fetch,table_pick,2,0.048,1874,true,0.000094397,0.000051516,45,19
mvtable_cpp,fetch,table_pick,2,0.048,1874,true,0.000113704,0.000018525,45,19
capt,fetch,table_pick,2,0.048,1874,true,0.000227287,0.00176165,45,19
kiddo,fetch,table_pick,2,0.048,1874,true,0.00075534,0.000044113,45,19
mvtable_simd,fetch,table_pick,2,0.048,1874,true,0.000076504,0.000040626,45,19
mvtable_mutable_simd,fetch,table_pick,2,0.048,1874,true,0.000075372,0.000051447,45,19
mvt_cpp_simd,fetch,table_pick,2,0.048,1874,true,0.000084078,0.000018074,45,19
capt_simd,fetch,table_pick,2,0.048,1874,true,0.000147467,0.001814379,45,19
primitive,fetch,table_pick,3,0.048,1938,true,0.000176361,0.00000022,191,42
mvtable,fetch,table_pick,3,0.048,1938,true,0.000343245,0.00004246,97,41
mvtable_mutable,fetch,table_pick,3,0.048,1938,true,0.000347814,0.000054573,97,41
mvtable_cpp,fetch,table_pick,3,0.048,1938,true,0.000381868,0.000022453,97,41
capt,fetch,table_pick,3,0.048,1938,true,0.000789894,0.001822234,97,41
kiddo,fetch,table_pick,3,0.048,1938,true,0.001498986,0.000052539,97,41
mvtable_simd,fetch,table_pick,3,0.048,1938,true,0.000323749,0.000043302,97,41
mvtable_mutable_simd,fetch,table_pick,3,0.048,1938,true,0.000328327,0.000055544,97,41
mvt_cpp_simd,fetch,table_pick,3,0.048,1938,true,0.000263104,0.000023234,97,41
capt_simd,fetch,table_pick,3,0.048,1938,true,0.000347964,0.001881475,97,41
primitive,fetch,table_pick,4,0.048,1888,true,0.000164419,0.00000021,145,35
mvtable,fetch,table_pick,4,0.048,1888,true,0.00059116,0.000041438,243,54
mvtable_mutable,fetch,table_pick,4,0.048,1888,true,0.000602011,0.000051788,243,54
mvtable_cpp,fetch,table_pick,4,0.048,1888,true,0.000816534,0.000018705,243,54
capt,fetch,table_pick,4,0.048,1888,true,0.002384781,0.001812485,243,54
kiddo,fetch,table_pick,4,0.048,1888,true,0.002509245,0.000044133,243,54
mvtable_simd,fetch,table_pick,4,0.048,1888,true,0.000568608,0.000041538,243,54
mvtable_mutable_simd,fetch,table_pick,4,0.048,1888,true,0.000611359,0.000052118,243,54
mvt_cpp_simd,fetch,table_pick,4,0.048,1888,true,0.000600969,0.000019055,243,54
capt_simd,fetch,table_pick,4,0.048,1888,true,0.000788271,0.001872338,243,54
primitive,fetch,table_pick,5,0.048,1953,true,0.000469653,0.0000002,411,89
mvtable,fetch,table_pick,5,0.048,1953,true,0.001063819,0.000047719,291,104
mvtable_mutable,fetch,table_pick,5,0.048,1953,true,0.00108586,0.000054863,291,104
mvtable_cpp,fetch,table_pick,5,0.048,1953,true,0.00112307,0.000019336,291,104
capt,fetch,table_pick,5,0.048,1953,true,0.002492082,0.001922973,291,104
kiddo,fetch,table_pick,5,0.048,1953,true,0.004005486,0.000050345,291,104
mvtable_simd,fetch,table_pick,5,0.048,1953,true,0.001140653,0.000042681,291,104
mvtable_mutable_simd,fetch,table_pick,5,0.048,1953,true,0.001020868,0.000059011,291,104
mvt_cpp_simd,fetch,table_pick,5,0.048,1953,true,0.000822265,0.000027632,291,104
capt_simd,fetch,table_pick,5,0.048,1953,true,0.001234589,0.001981123,291,104
primitive,fetch,table_pick,8,0.048,1912,true,0.000133912,0.00000016,92,31
mvtable,fetch,table_pick,8,0.048,1912,true,0.00024454,0.000042981,71,28
mvtable_mutable,fetch,table_pick,8,0.048,1912,true,0.000224923,0.000064761,71,28
mvtable_cpp,fetch,table_pick,8,0.048,1912,true,0.000213622,0.000029074,71,28
capt,fetch,table_pick,8,0.048,1912,true,0.000359105,0.001930467,71,28
kiddo,fetch,table_pick,8,0.048,1912,true,0.000960084,0.000045876,71,28
mvtable_simd,fetch,table_pick,8,0.048,1912,true,0.000182112,0.00004222,71,28
mvtable_mutable_simd,fetch,table_pick,8,0.048,1912,true,0.000171893,0.00005341,71,28
mvt_cpp_simd,fetch,table_pick,8,0.048,1912,true,0.000156654,0.000022191,71,28
capt_simd,fetch,table_pick,8,0.048,1912,true,0.000218301,0.00199012,71,28
primitive,fetch,table_pick,9,0.048,1931,true,0.000480493,0.000000271,526,100
mvtable,fetch,table_pick,9,0.048,1931,true,0.00076103,0.00004263,351,97
mvtable_mutable,fetch,table_pick,9,0.048,1931,true,0.000763013,0.00005315,351,97
mvtable_cpp,fetch,table_pick,9,0.048,1931,true,0.001040084,0.000027752,351,97
capt,fetch,table_pick,9,0.048,1931,true,0.002493806,0.001941047,351,97
kiddo,fetch,table_pick,9,0.048,1931,true,0.003614512,0.000050915,351,97
mvtable_simd,fetch,table_pick,9,0.048,1931,true,0.00070796,0.00004752,351,97
mvtable_mutable_simd,fetch,table_pick,9,0.048,1931,true,0.000696379,0.000053981,351,97
mvt_cpp_simd,fetch,table_pick,9,0.048,1931,true,0.000693844,0.000028544,351,97
capt_simd,fetch,table_pick,9,0.048,1931,true,0.001075631,0.002062535,351,97
primitive,fetch,table_pick,10,0.048,1947,true,0.000132288,0.000000431,158,23
mvtable,fetch,table_pick,10,0.048,1947,true,0.0002236,0.000043031,143,28
mvtable_mutable,fetch,table_pick,10,0.048,1947,true,0.000235212,0.000055384,143,28
mvtable_cpp,fetch,table_pick,10,0.048,1947,true,0.000300104,0.000025428,143,28
capt,fetch,table_pick,10,0.048,1947,true,0.0004789,0.001902796,143,28
kiddo,fetch,table_pick,10,0.048,1947,true,0.001251501,0.00005275,143,28
mvtable_simd,fetch,table_pick,10,0.048,1947,true,0.0002018,0.00004245,143,28
mvtable_mutable_simd,fetch,table_pick,10,0.048,1947,true,0.000198042,0.000054052,143,28
mvt_cpp_simd,fetch,table_pick,10,0.048,1947,true,0.000208292,0.000023524,143,28
capt_simd,fetch,table_pick,10,0.048,1947,true,0.000333506,0.001950986,143,28
primitive,fetch,table_pick,11,0.048,1883,true,0.000396926,0.000000591,264,93
mvtable,fetch,table_pick,11,0.048,1883,true,0.000493367,0.000044173,129,45
mvtable_mutable,fetch,table_pick,11,0.048,1883,true,0.000497785,0.000055845,129,45
mvtable_cpp,fetch,table_pick,11,0.048,1883,true,0.000584408,0.000028053,129,45
capt,fetch,table_pick,11,0.048,1883,true,0.001200846,0.001849635,129,45
kiddo,fetch,table_pick,11,0.048,1883,true,0.001704172,0.000051828,129,45
mvtable_simd,fetch,table_pick,11,0.048,1883,true,0.000463491,0.000042891,129,45
mvtable_mutable_simd,fetch,table_pick,11,0.048,1883,true,0.000458652,0.000054402,129,45
mvt_cpp_simd,fetch,table_pick,11,0.048,1883,true,0.000390433,0.000028654,129,45
capt_simd,fetch,table_pick,11,0.048,1883,true,0.00054236,0.001900481,129,45
primitive,fetch,table_pick,12,0.048,1993,true,0.000475583,0.000000211,319,117
mvtable,fetch,table_pick,12,0.048,1993,true,0.000967087,0.000043421,397,140
mvtable_mutable,fetch,table_pick,12,0.048,1993,true,0.000972036,0.000055574,397,140
mvtable_cpp,fetch,table_pick,12,0.048,1993,true,0.001097051,0.000027171,397,140
capt,fetch,table_pick,12,0.048,1993,true,0.003398405,0.002064339,397,140
kiddo,fetch,table_pick,12,0.048,1993,true,0.006191874,0.000058781,397,140
mvtable_simd,fetch,table_pick,12,0.048,1993,true,0.000878361,0.000044804,397,140
mvtable_mutable_simd,fetch,table_pick,12,0.048,1993,true,0.000882619,0.000056116,397,140
mvt_cpp_simd,fetch,table_pick,12,0.048,1993,true,0.0008888,0.000027231,397,140
capt_simd,fetch,table_pick,12,0.048,1993,true,0.001563778,0.002034623,397,140
primitive,fetch,table_pick,14,0.048,1934,true,0.000423296,0.000000241,279,95
mvtable,fetch,table_pick,14,0.048,1934,true,0.001503575,0.000043622,557,190
mvtable_mutable,fetch,table_pick,14,0.048,1934,true,0.001518343,0.000057168,557,190
mvtable_cpp,fetch,table_pick,14,0.048,1934,true,0.001797247,0.000029174,557,190
capt,fetch,table_pick,14,0.048,1934,true,0.003719239,0.00202249,557,190
kiddo,fetch,table_pick,14,0.048,1934,true,0.007585864,0.000048291,557,190
mvtable_simd,fetch,table_pick,14,0.048,1934,true,0.001406052,0.000042971,557,190
mvtable_mutable_simd,fetch,table_pick,14,0.048,1934,true,0.001372248,0.000055805,557,190
mvt_cpp_simd,fetch,table_pick,14,0.048,1934,true,0.001489378,0.000028333,557,190
capt_simd,fetch,table_pick,14,0.048,1934,true,0.002046996,0.001999818,557,190
primitive,fetch,table_pick,15,0.048,1900,true,0.000407556,0.00000032,401,80
mvtable,fetch,table_pick,15,0.048,1900,true,0.001435227,0.000041709,425,150
mvtable_mutable,fetch,table_pick,15,0.048,1900,true,0.001451898,0.000053099,425,150
mvtable_cpp,fetch,table_pick,15,0.048,1900,true,0.001876535,0.000029796,425,150
capt,fetch,table_pick,15,0.048,1900,true,0.003892895,0.001869332,425,150
kiddo,fetch,table_pick,15,0.048,1900,true,0.006269841,0.00004786,425,150
mvtable_simd,fetch,table_pick,15,0.048,1900,true,0.001371256,0.000043912,425,150
mvtable_mutable_simd,fetch,table_pick,15,0.048,1900,true,0.001334938,0.00005846,425,150
mvt_cpp_simd,fetch,table_pick,15,0.048,1900,true,0.001263584,0.000034004,425,150
capt_simd,fetch,table_pick,15,0.048,1900,true,0.001824458,0.002026388,425,150
primitive,fetch,table_pick,16,0.048,2949,true,0.000258015,0.000000701,229,59
mvtable,fetch,table_pick,16,0.048,2949,true,0.000618873,0.000055164,179,77
mvtable_mutable,fetch,table_pick,16,0.048,2949,true,0.000635805,0.000071104,179,77
mvtable_cpp,fetch,table_pick,16,0.048,2949,true,0.000866789,0.000042811,179,77
capt,fetch,table_pick,16,0.048,2949,true,0.001195666,0.004452165,179,77
kiddo,fetch,table_pick,16,0.048,2949,true,0.002499427,0.000077996,179,77
mvtable_simd,fetch,table_pick,16,0.048,2949,true,0.000597503,0.000055324,179,77
mvtable_mutable_simd,fetch,table_pick,16,0.048,2949,true,0.000571303,0.00006922,179,77
mvt_cpp_simd,fetch,table_pick,16,0.048,2949,true,0.000508736,0.00004236,179,77
capt_simd,fetch,table_pick,16,0.048,2949,true,0.00072377,0.004383547,179,77
primitive,fetch,table_pick,17,0.048,1953,true,0.000277111,0.000000531,190,53
mvtable,fetch,table_pick,17,0.048,1953,true,0.000172234,0.000043381,80,18
mvtable_mutable,fetch,table_pick,17,0.048,1953,true,0.000175029,0.000054062,80,18
mvtable_cpp,fetch,table_pick,17,0.048,1953,true,0.000192291,0.000024897,80,18
capt,fetch,table_pick,17,0.048,1953,true,0.000285105,0.001844236,80,18
kiddo,fetch,table_pick,17,0.048,1953,true,0.00065436,0.000055975,80,18
mvtable_simd,fetch,table_pick,17,0.048,1953,true,0.000160171,0.000042179,80,18
mvtable_mutable_simd,fetch,table_pick,17,0.048,1953,true,0.000160682,0.00005303,80,18
mvt_cpp_simd,fetch,table_pick,17,0.048,1953,true,0.000140624,0.000023454,80,18
capt_simd,fetch,table_pick,17,0.048,1953,true,0.000172203,0.001886755,80,18
primitive,fetch,table_pick,18,0.048,1887,true,0.000128501,0.00000024,246,29
mvtable,fetch,table_pick,18,0.048,1887,true,0.000168707,0.000039093,280,22
mvtable_mutable,fetch,table_pick,18,0.048,1887,true,0.000169258,0.000049002,280,22
mvtable_cpp,fetch,table_pick,18,0.048,1887,true,0.000331533,0.000021671,280,22
capt,fetch,table_pick,18,0.048,1887,true,0.000595509,0.001763013,280,22
kiddo,fetch,table_pick,18,0.048,1887,true,0.001056986,0.000044203,280,22
mvtable_simd,fetch,table_pick,18,0.048,1887,true,0.000153208,0.000039534,280,22
mvtable_mutable_simd,fetch,table_pick,18,0.048,1887,true,0.000150032,0.00005374,280,22
mvt_cpp_simd,fetch,table_pick,18,0.048,1887,true,0.000210375,0.00002123,280,22
capt_simd,fetch,table_pick,18,0.048,1887,true,0.000348905,0.001840659,280,22
primitive,fetch,table_pick,19,0.048,2945,true,0.000701007,0.00000026,385,153
mvtable,fetch,table_pick,19,0.048,2945,true,0.001446357,0.000055855,305,150
mvtable_mutable,fetch,table_pick,19,0.048,2945,true,0.001374423,0.000069871,305,150
mvtable_cpp,fetch,table_pick,19,0.048,2945,true,0.001568888,0.000038502,305,150
capt,fetch,table_pick,19,0.048,2945,true,0.003358831,0.004375472,305,150
kiddo,fetch,table_pick,19,0.048,2945,true,0.006650987,0.000076554,305,150
mvtable_simd,fetch,table_pick,19,0.048,2945,true,0.001277129,0.000057719,305,150
mvtable_mutable_simd,fetch,table_pick,19,0.048,2945,true,0.001247985,0.000072897,305,150
mvt_cpp_simd,fetch,table_pick,19,0.048,2945,true,0.001111358,0.000043311,305,150
capt_simd,fetch,table_pick,19,0.048,2945,true,0.001709302,0.004397272,305,150
primitive,fetch,table_pick,20,0.048,1933,true,0.000188414,0.000000602,761,21
mvtable,fetch,table_pick,20,0.048,1933,true,0.000343736,0.00004248,291,32
mvtable_mutable,fetch,table_pick,20,0.048,1933,true,0.000329158,0.00005875,291,32
mvtable_cpp,fetch,table_pick,20,0.048,1933,true,0.0003781,0.000026389,291,32
capt,fetch,table_pick,20,0.048,1933,true,0.000993627,0.001865786,291,32
kiddo,fetch,table_pick,20,0.048,1933,true,0.001393598,0.00004737,291,32
mvtable_simd,fetch,table_pick,20,0.048,1933,true,0.000311596,0.00004256,291,32
mvtable_mutable_simd,fetch,table_pick,20,0.048,1933,true,0.000304342,0.000054152,291,32
mvt_cpp_simd,fetch,table_pick,20,0.048,1933,true,0.000293371,0.000025007,291,32
capt_simd,fetch,table_pick,20,0.048,1933,true,0.000442271,0.001921941,291,32
primitive,fetch,table_pick,21,0.048,1952,true,0.000308009,0.000000201,385,68
mvtable,fetch,table_pick,21,0.048,1952,true,0.000668917,0.000043502,177,88
mvtable_mutable,fetch,table_pick,21,0.048,1952,true,0.000678264,0.000054803,177,88
mvtable_cpp,fetch,table_pick,21,0.048,1952,true,0.000753406,0.000025098,177,88
capt,fetch,table_pick,21,0.048,1952,true,0.001109825,0.001966485,177,88
kiddo,fetch,table_pick,21,0.048,1952,true,0.003474959,0.000046107,177,88
mvtable_simd,fetch,table_pick,21,0.048,1952,true,0.000619524,0.000044464,177,88
mvtable_mutable_simd,fetch,table_pick,21,0.048,1952,true,0.000613883,0.000055224,177,88
mvt_cpp_simd,fetch,table_pick,21,0.048,1952,true,0.000538181,0.000025678,177,88
capt_simd,fetch,table_pick,21,0.048,1952,true,0.000718871,0.002104314,177,88
primitive,fetch,table_pick,22,0.048,2929,true,0.000731474,0.00000021,549,157
mvtable,fetch,table_pick,22,0.048,2929,true,0.000592703,0.000055354,333,66
mvtable_mutable,fetch,table_pick,22,0.048,2929,true,0.000600227,0.000067667,333,66
mvtable_cpp,fetch,table_pick,22,0.048,2929,true,0.000795074,0.000040957,333,66
capt,fetch,table_pick,22,0.048,2929,true,0.001735531,0.00479009,333,66
kiddo,fetch,table_pick,22,0.048,2929,true,0.002875412,0.000084048,333,66
mvtable_simd,fetch,table_pick,22,0.048,2929,true,0.000568478,0.000058811,333,66
mvtable_mutable_simd,fetch,table_pick,22,0.048,2929,true,0.000566885,0.000072246,333,66
mvt_cpp_simd,fetch,table_pick,22,0.048,2929,true,0.000610688,0.000045716,333,66
capt_simd,fetch,table_pick,22,0.048,2929,true,0.000968219,0.004464709,333,66
primitive,fetch,table_pick,23,0.048,2997,true,0.000203432,0.000000571,118,53
mvtable,fetch,table_pick,23,0.048,2997,true,0.000504979,0.000055394,129,56
mvtable_mutable,fetch,table_pick,23,0.048,2997,true,0.000509117,0.000071554,129,56
mvtable_cpp,fetch,table_pick,23,0.048,2997,true,0.000552859,0.000032582,129,56
capt,fetch,table_pick,23,0.048,2997,true,0.001067506,0.004426306,129,56
kiddo,fetch,table_pick,23,0.048,2997,true,0.002264545,0.000078508,129,56
mvtable_simd,fetch,table_pick,23,0.048,2997,true,0.000476736,0.000055354,129,56
mvtable_mutable_simd,fetch,table_pick,23,0.048,2997,true,0.00046873,0.000071485,129,56
mvt_cpp_simd,fetch,table_pick,23,0.048,2997,true,0.000383992,0.000032631,129,56
capt_simd,fetch,table_pick,23,0.048,2997,true,0.00056428,0.004232663,129,56
primitive,fetch,table_pick,27,0.048,1949,true,0.000290115,0.00000016,281,68
mvtable,fetch,table_pick,27,0.048,1949,true,0.000943733,0.000043161,243,102
mvtable_mutable,fetch,table_pick,27,0.048,1949,true,0.000948422,0.00005341,243,102
mvtable_cpp,fetch,table_pick,27,0.048,1949,true,0.001270868,0.000024977,243,102
capt,fetch,table_pick,27,0.048,1949,true,0.001940356,0.001859685,243,102
kiddo,fetch,table_pick,27,0.048,1949,true,0.003384029,0.000050615,243,102
mvtable_simd,fetch,table_pick,27,0.048,1949,true,0.000878551,0.000043642,243,102
mvtable_mutable_simd,fetch,table_pick,27,0.048,1949,true,0.000871046,0.000054873,243,102
mvt_cpp_simd,fetch,table_pick,27,0.048,1949,true,0.000771941,0.000028624,243,102
capt_simd,fetch,table_pick,27,0.048,1949,true,0.000989339,0.001948702,243,102
primitive,fetch,table_pick,28,0.048,1873,true,0.001223769,0.000000391,656,289
mvtable,fetch,table_pick,28,0.048,1873,true,0.001730111,0.000040666,603,268
mvtable_mutable,fetch,table_pick,28,0.048,1873,true,0.001718549,0.000049854,603,268
mvtable_cpp,fetch,table_pick,28,0.048,1873,true,0.003680806,0.000028073,603,268
capt,fetch,table_pick,28,0.048,1873,true,0.005814225,0.001781737,603,268
kiddo,fetch,table_pick,28,0.048,1873,true,0.010307107,0.000046708,603,268
mvtable_simd,fetch,table_pick,28,0.048,1873,true,0.00155916,0.000041217,603,268
mvtable_mutable_simd,fetch,table_pick,28,0.048,1873,true,0.001535665,0.000050205,603,268
mvt_cpp_simd,fetch,table_pick,28,0.048,1873,true,0.001994898,0.000028514,603,268
capt_simd,fetch,table_pick,28,0.048,1873,true,0.002696837,0.001867098,603,268
primitive,fetch,table_pick,29,0.048,1920,true,0.000344006,0.000000652,295,81
mvtable,fetch,table_pick,29,0.048,1920,true,0.000464512,0.000043101,234,54
mvtable_mutable,fetch,table_pick,29,0.048,1920,true,0.000461197,0.000056195,234,54
mvtable_cpp,fetch,table_pick,29,0.048,1920,true,0.000471676,0.000025377,234,54
capt,fetch,table_pick,29,0.048,1920,true,0.001188523,0.001933643,234,54
kiddo,fetch,table_pick,29,0.048,1920,true,0.002343032,0.000050495,234,54
mvtable_simd,fetch,table_pick,29,0.048,1920,true,0.000427584,0.000042791,234,54
mvtable_mutable_simd,fetch,table_pick,29,0.048,1920,true,0.000427453,0.000053611,234,54
mvt_cpp_simd,fetch,table_pick,29,0.048,1920,true,0.000364244,0.000022532,234,54
capt_simd,fetch,table_pick,29,0.048,1920,true,0.000526239,0.001949323,234,54
primitive,fetch,table_pick,30,0.048,1948,true,0.000897457,0.000000421,3041,86
mvtable,fetch,table_pick,30,0.048,1948,true,0.001475372,0.000043842,2372,59
mvtable_mutable,fetch,table_pick,30,0.048,1948,true,0.001502333,0.00005332,2372,59
mvtable_cpp,fetch,table_pick,30,0.048,1948,true,0.00195867,0.000024396,2372,59
capt,fetch,table_pick,30,0.048,1948,true,0.003720761,0.001938733,2372,59
kiddo,fetch,table_pick,30,0.048,1948,true,0.004270224,0.000052328,2372,59
mvtable_simd,fetch,table_pick,30,0.048,1948,true,0.001510438,0.000043622,2372,59
mvtable_mutable_simd,fetch,table_pick,30,0.048,1948,true,0.001464823,0.000053972,2372,59
mvt_cpp_simd,fetch,table_pick,30,0.048,1948,true,0.001577203,0.000022633,2372,59
capt_simd,fetch,table_pick,30,0.048,1948,true,0.002307896,0.001970733,2372,59
primitive,fetch,table_pick,31,0.048,1916,true,0.000351531,0.000000381,691,56
mvtable,fetch,table_pick,31,0.048,1916,true,0.000165291,0.000041788,136,22
mvtable_mutable,fetch,table_pick,31,0.048,1916,true,0.00016504,0.000052699,136,22
mvtable_cpp,fetch,table_pick,31,0.048,1916,true,0.000157135,0.000024276,136,22
capt,fetch,table_pick,31,0.048,1916,true,0.000243377,0.001816302,136,22
kiddo,fetch,table_pick,31,0.048,1916,true,0.000751452,0.000044163,136,22
mvtable_simd,fetch,table_pick,31,0.048,1916,true,0.000148569,0.000042029,136,22
mvtable_mutable_simd,fetch,table_pick,31,0.048,1916,true,0.000146886,0.000052348,136,22
mvt_cpp_simd,fetch,table_pick,31,0.048,1916,true,0.000134071,0.000028915,136,22
capt_simd,fetch,table_pick,31,0.048,1916,true,0.000193533,0.001875654,136,22
primitive,fetch,table_pick,32,0.048,2892,true,0.001009276,0.00000024,3611,92
mvtable,fetch,table_pick,32,0.048,2892,true,0.002130604,0.0000528,1271,218
mvtable_mutable,fetch,table_pick,32,0.048,2892,true,0.002124652,0.000065393,1271,218
mvtable_cpp,fetch,table_pick,32,0.048,2892,true,0.006379958,0.000037451,1271,218
capt,fetch,table_pick,32,0.048,2892,true,0.006346605,0.004493012,1271,218
kiddo,fetch,table_pick,32,0.048,2892,true,0.011579597,0.000079138,1271,218
mvtable_simd,fetch,table_pick,32,0.048,2892,true,0.002007402,0.000054232,1271,218
mvtable_mutable_simd,fetch,table_pick,32,0.048,2892,true,0.001957788,0.000067046,1271,218
mvt_cpp_simd,fetch,table_pick,32,0.048,2892,true,0.003099694,0.000039083,1271,218
capt_simd,fetch,table_pick,32,0.048,2892,true,0.003643255,0.004345756,1271,218
primitive,fetch,table_pick,33,0.048,3005,true,0.000424968,0.000000591,468,79
mvtable,fetch,table_pick,33,0.048,3005,true,0.000559442,0.000054853,146,53
mvtable_mutable,fetch,table_pick,33,0.048,3005,true,0.000577716,0.00006909,146,53
mvtable_cpp,fetch,table_pick,33,0.048,3005,true,0.000621949,0.000030898,146,53
capt,fetch,table_pick,33,0.048,3005,true,0.001350458,0.004729477,146,53
kiddo,fetch,table_pick,33,0.048,3005,true,0.002393958,0.000083187,146,53
mvtable_simd,fetch,table_pick,33,0.048,3005,true,0.00055337,0.000055114,146,53
mvtable_mutable_simd,fetch,table_pick,33,0.048,3005,true,0.00053775,0.00006931,146,53
mvt_cpp_simd,fetch,table_pick,33,0.048,3005,true,0.000456217,0.00003179,146,53
capt_simd,fetch,table_pick,33,0.048,3005,true,0.000674217,0.004458317,146,53
primitive,fetch,table_pick,34,0.048,1974,true,0.000422624,0.000000592,533,85
mvtable,fetch,table_pick,34,0.048,1974,true,0.000291558,0.000044183,95,33
mvtable_mutable,fetch,table_pick,34,0.048,1974,true,0.000291358,0.000055544,95,33
mvtable_cpp,fetch,table_pick,34,0.048,1974,true,0.000293872,0.000027562,95,33
capt,fetch,table_pick,34,0.048,1974,true,0.000526569,0.001998605,95,33
kiddo,fetch,table_pick,34,0.048,1974,true,0.001020587,0.000049723,95,33
mvtable_simd,fetch,table_pick,34,0.048,1974,true,0.000274435,0.000043451,95,33
mvtable_mutable_simd,fetch,table_pick,34,0.048,1974,true,0.000264597,0.000054523,95,33
mvt_cpp_simd,fetch,table_pick,34,0.048,1974,true,0.000214924,0.000024607,95,33
capt_simd,fetch,table_pick,34,0.048,1974,true,0.000310032,0.002029333,95,33
primitive,fetch,table_pick,35,0.048,1885,true,0.000264307,0.000000321,525,36
mvtable,fetch,table_pick,35,0.048,1885,true,0.000350288,0.000040355,297,29
mvtable_mutable,fetch,table_pick,35,0.048,1885,true,0.00036165,0.000050444,297,29
mvtable_cpp,fetch,table_pick,35,0.048,1885,true,0.000372119,0.00002095,297,29
capt,fetch,table_pick,35,0.048,1885,true,0.001033011,0.001816593,297,29
kiddo,fetch,table_pick,35,0.048,1885,true,0.001704202,0.000042881,297,29
mvtable_simd,fetch,table_pick,35,0.048,1885,true,0.000330912,0.000040296,297,29
mvtable_mutable_simd,fetch,table_pick,35,0.048,1885,true,0.000330331,0.000050094,297,29
mvt_cpp_simd,fetch,table_pick,35,0.048,1885,true,0.000321444,0.00002145,297,29
capt_simd,fetch,table_pick,35,0.048,1885,true,0.00052156,0.001898367,297,29
primitive,fetch,table_pick,36,0.048,2951,true,0.000663767,0.00000027,603,140
mvtable,fetch,table_pick,36,0.048,2951,true,0.000863262,0.000055044,330,87
mvtable_mutable,fetch,table_pick,36,0.048,2951,true,0.000865035,0.000068639,330,87
mvtable_cpp,fetch,table_pick,36,0.048,2951,true,0.000904219,0.000029796,330,87
capt,fetch,table_pick,36,0.048,2951,true,0.002119363,0.004473545,330,87
kiddo,fetch,table_pick,36,0.048,2951,true,0.003265455,0.000077997,330,87
mvtable_simd,fetch,table_pick,36,0.048,2951,true,0.00081961,0.000055405,330,87
mvtable_mutable_simd,fetch,table_pick,36,0.048,2951,true,0.000809261,0.000073829,330,87
mvt_cpp_simd,fetch,table_pick,36,0.048,2951,true,0.000703201,0.000036398,330,87
capt_simd,fetch,table_pick,36,0.048,2951,true,0.001056144,0.004278789,330,87
primitive,fetch,table_pick,37,0.048,1877,true,0.000365857,0.000000551,265,92
mvtable,fetch,table_pick,37,0.048,1877,true,0.000657575,0.00004286,175,71
mvtable_mutable,fetch,table_pick,37,0.048,1877,true,0.000652917,0.000052509,175,71
mvtable_cpp,fetch,table_pick,37,0.048,1877,true,0.000613122,0.000029275,175,71
capt,fetch,table_pick,37,0.048,1877,true,0.001311635,0.001799832,175,71
kiddo,fetch,table_pick,37,0.048,1877,true,0.002274614,0.000049172,175,71
mvtable_simd,fetch,table_pick,37,0.048,1877,true,0.000604957,0.000041808,175,71
mvtable_mutable_simd,fetch,table_pick,37,0.048,1877,true,0.000591843,0.000051647,175,71
mvt_cpp_simd,fetch,table_pick,37,0.048,1877,true,0.00045215,0.000023674,175,71
capt_simd,fetch,table_pick,37,0.048,1877,true,0.000678305,0.001830389,175,71
primitive,fetch,table_pick,39,0.048,2994,true,0.000118192,0.000000221,188,23
mvtable,fetch,table_pick,39,0.048,2994,true,0.000322476,0.000055424,88,39
mvtable_mutable,fetch,table_pick,39,0.048,2994,true,0.000319711,0.000069981,88,39
mvtable_cpp,fetch,table_pick,39,0.048,2994,true,0.00034604,0.000034785,88,39
capt,fetch,table_pick,39,0.048,2994,true,0.000604535,0.004439081,88,39
kiddo,fetch,table_pick,39,0.048,2994,true,0.001274445,0.000077936,88,39
mvtable_simd,fetch,table_pick,39,0.048,2994,true,0.000302238,0.000055744,88,39
mvtable_mutable_simd,fetch,table_pick,39,0.048,2994,true,0.000301676,0.000070823,88,39
mvt_cpp_simd,fetch,table_pick,39,0.048,2994,true,0.000251222,0.000036138,88,39
capt_simd,fetch,table_pick,39,0.048,2994,true,0.000345149,0.004256498,88,39
primitive,fetch,table_pick,40,0.048,1925,true,0.000267883,0.000000461,326,57
mvtable,fetch,table_pick,40,0.048,1925,true,0.000920669,0.000041979,276,110
mvtable_mutable,fetch,table_pick,40,0.048,1925,true,0.000944945,0.00005339,276,110
mvtable_cpp,fetch,table_pick,40,0.048,1925,true,0.000981854,0.000030698,276,110
capt,fetch,table_pick,40,0.048,1925,true,0.002222365,0.001871426,276,110
kiddo,fetch,table_pick,40,0.048,1925,true,0.004451765,0.000049944,276,110
mvtable_simd,fetch,table_pick,40,0.048,1925,true,0.000882488,0.000047589,276,110
mvtable_mutable_simd,fetch,table_pick,40,0.048,1925,true,0.000856409,0.00006382,276,110
mvt_cpp_simd,fetch,table_pick,40,0.048,1925,true,0.000753345,0.000042059,276,110
capt_simd,fetch,table_pick,40,0.048,1925,true,0.001114515,0.002018703,276,110
primitive,fetch,table_pick,41,0.048,2930,true,0.000178856,0.000000641,211,37
mvtable,fetch,table_pick,41,0.048,2930,true,0.000374654,0.000054673,200,48
mvtable_mutable,fetch,table_pick,41,0.048,2930,true,0.000370727,0.000069049,200,48
mvtable_cpp,fetch,table_pick,41,0.048,2930,true,0.000534073,0.00003191,200,48
capt,fetch,table_pick,41,0.048,2930,true,0.001068337,0.004541644,200,48
kiddo,fetch,table_pick,41,0.048,2930,true,0.002179075,0.0000853,200,48
mvtable_simd,fetch,table_pick,41,0.048,2930,true,0.000348765,0.000056156,200,48
mvtable_mutable_simd,fetch,table_pick,41,0.048,2930,true,0.00034553,0.000069851,200,48
mvt_cpp_simd,fetch,table_pick,41,0.048,2930,true,0.000371308,0.000033743,200,48
capt_simd,fetch,table_pick,41,0.048,2930,true,0.000576313,0.004196846,200,48
primitive,fetch,table_pick,43,0.048,2937,true,0.000597492,0.00000021,1621,93
mvtable,fetch,table_pick,43,0.048,2937,true,0.000493468,0.000059411,265,47
mvtable_mutable,fetch,table_pick,43,0.048,2937,true,0.000508786,0.000067407,265,47
mvtable_cpp,fetch,table_pick,43,0.048,2937,true,0.000530517,0.000040726,265,47
capt,fetch,table_pick,43,0.048,2937,true,0.001168495,0.004299339,265,47
kiddo,fetch,table_pick,43,0.048,2937,true,0.001684605,0.000079319,265,47
mvtable_simd,fetch,table_pick,43,0.048,2937,true,0.000471236,0.000053461,265,47
mvtable_mutable_simd,fetch,table_pick,43,0.048,2937,true,0.000467979,0.000068408,265,47
mvt_cpp_simd,fetch,table_pick,43,0.048,2937,true,0.0003989,0.000043592,265,47
capt_simd,fetch,table_pick,43,0.048,2937,true,0.000629092,0.004149246,265,47
primitive,fetch,table_pick,44,0.048,1900,true,0.000666702,0.000000261,431,156
mvtable,fetch,table_pick,44,0.048,1900,true,0.000791216,0.000045866,315,123
mvtable_mutable,fetch,table_pick,44,0.048,1900,true,0.000785366,0.000051768,315,123
mvtable_cpp,fetch,table_pick,44,0.048,1900,true,0.001220073,0.000026079,315,123
capt,fetch,table_pick,44,0.048,1900,true,0.002424586,0.001806254,315,123
kiddo,fetch,table_pick,44,0.048,1900,true,0.005953897,0.000048161,315,123
mvtable_simd,fetch,table_pick,44,0.048,1900,true,0.000700746,0.00004244,315,123
mvtable_mutable_simd,fetch,table_pick,44,0.048,1900,true,0.000694705,0.000056797,315,123
mvt_cpp_simd,fetch,table_pick,44,0.048,1900,true,0.00085151,0.000029606,315,123
capt_simd,fetch,table_pick,44,0.048,1900,true,0.001230713,0.00187871,315,123
primitive,fetch,table_pick,45,0.048,2988,true,0.000357712,0.000000511,297,74
mvtable,fetch,table_pick,45,0.048,2988,true,0.000545244,0.000055595,211,52
mvtable_mutable,fetch,table_pick,45,0.048,2988,true,0.000556686,0.000069871,211,52
mvtable_cpp,fetch,table_pick,45,0.048,2988,true,0.000542259,0.000030157,211,52
capt,fetch,table_pick,45,0.048,2988,true,0.001057067,0.004462475,211,52
kiddo,fetch,table_pick,45,0.048,2988,true,0.002084576,0.00007451,211,52
mvtable_simd,fetch,table_pick,45,0.048,2988,true,0.000518174,0.000055755,211,52
mvtable_mutable_simd,fetch,table_pick,45,0.048,2988,true,0.00050034,0.000071074,211,52
mvt_cpp_simd,fetch,table_pick,45,0.048,2988,true,0.000416312,0.000030277,211,52
capt_simd,fetch,table_pick,45,0.048,2988,true,0.000623562,0.004236751,211,52
primitive,fetch,table_pick,46,0.048,1944,true,0.000909148,0.000000431,555,206
mvtable,fetch,table_pick,46,0.048,1944,true,0.001183664,0.000041638,407,173
mvtable_mutable,fetch,table_pick,46,0.048,1944,true,0.001192671,0.00005325,407,173
mvtable_cpp,fetch,table_pick,46,0.048,1944,true,0.001461326,0.000030958,407,173
capt,fetch,table_pick,46,0.048,1944,true,0.002556593,0.001858893,407,173
kiddo,fetch,table_pick,46,0.048,1944,true,0.007703455,0.000046938,407,173
mvtable_simd,fetch,table_pick,46,0.048,1944,true,0.001088145,0.000043882,407,173
mvtable_mutable_simd,fetch,table_pick,46,0.048,1944,true,0.001070652,0.000060504,407,173
mvt_cpp_simd,fetch,table_pick,46,0.048,1944,true,0.001075541,0.000036729,407,173
capt_simd,fetch,table_pick,46,0.048,1944,true,0.001562777,0.002008545,407,173
primitive,fetch,table_pick,47,0.048,2983,true,0.000117571,0.000000551,116,22
mvtable,fetch,table_pick,47,0.048,2983,true,0.000177774,0.000054162,61,22
mvtable_mutable,fetch,table_pick,47,0.048,2983,true,0.000179637,0.000069591,61,22
mvtable_cpp,fetch,table_pick,47,0.048,2983,true,0.000201529,0.000035447,61,22
capt,fetch,table_pick,47,0.048,2983,true,0.000332645,0.004537946,61,22
kiddo,fetch,table_pick,47,0.048,2983,true,0.000834107,0.000081904,61,22
mvtable_simd,fetch,table_pick,47,0.048,2983,true,0.000170791,0.000055535,61,22
mvtable_mutable_simd,fetch,table_pick,47,0.048,2983,true,0.000169639,0.000070242,61,22
mvt_cpp_simd,fetch,table_pick,47,0.048,2983,true,0.000149561,0.000039173,61,22
capt_simd,fetch,table_pick,47,0.048,2983,true,0.000213992,0.00425242,61,22
primitive,fetch,table_pick,48,0.048,1923,true,0.000269166,0.000000611,306,52
mvtable,fetch,table_pick,48,0.048,1923,true,0.000689345,0.000046929,445,53
mvtable_mutable,fetch,table_pick,48,0.048,1923,true,0.000671121,0.000053801,445,53
mvtable_cpp,fetch,table_pick,48,0.048,1923,true,0.000850347,0.000027812,445,53
capt,fetch,table_pick,48,0.048,1923,true,0.0022567,0.001839747,445,53
kiddo,fetch,table_pick,48,0.048,1923,true,0.002561453,0.000048061,445,53
mvtable_simd,fetch,table_pick,48,0.048,1923,true,0.000654029,0.00004304,445,53
mvtable_mutable_simd,fetch,table_pick,48,0.048,1923,true,0.000641646,0.000053631,445,53
mvt_cpp_simd,fetch,table_pick,48,0.048,1923,true,0.000604496,0.000023544,445,53
capt_simd,fetch,table_pick,48,0.048,1923,true,0.000926361,0.001933513,445,53
primitive,fetch,table_pick,49,0.048,2853,true,0.003052676,0.0000003,2153,483
mvtable,fetch,table_pick,49,0.048,2853,true,0.001025817,0.000050835,830,105
mvtable_mutable,fetch,table_pick,49,0.048,2853,true,0.001023272,0.000062768,830,105
mvtable_cpp,fetch,table_pick,49,0.048,2853,true,0.003143406,0.000044073,830,105
capt,fetch,table_pick,49,0.048,2853,true,0.003434523,0.004296884,830,105
kiddo,fetch,table_pick,49,0.048,2853,true,0.006183238,0.000083818,830,105
mvtable_simd,fetch,table_pick,49,0.048,2853,true,0.00097354,0.000051848,830,105
mvtable_mutable_simd,fetch,table_pick,49,0.048,2853,true,0.000961557,0.000075141,830,105
mvt_cpp_simd,fetch,table_pick,49,0.048,2853,true,0.001628189,0.000045806,830,105
capt_simd,fetch,table_pick,49,0.048,2853,true,0.002026477,0.004235459,830,105
primitive,fetch,table_pick,50,0.048,2910,true,0.000181281,0.000000411,353,30
mvtable,fetch,table_pick,50,0.048,2910,true,0.001007644,0.000054973,2136,35
mvtable_mutable,fetch,table_pick,50,0.048,2910,true,0.00100576,0.000068309,2136,35
mvtable_cpp,fetch,table_pick,50,0.048,2910,true,0.001206607,0.000030477,2136,35
capt,fetch,table_pick,50,0.048,2910,true,0.002609353,0.004131352,2136,35
kiddo,fetch,table_pick,50,0.048,2910,true,0.003466714,0.000073658,2136,35
mvtable_simd,fetch,table_pick,50,0.048,2910,true,0.001065783,0.000054663,2136,35
mvtable_mutable_simd,fetch,table_pick,50,0.048,2910,true,0.001050073,0.00006903,2136,35
mvt_cpp_simd,fetch,table_pick,50,0.048,2910,true,0.00115502,0.000029866,2136,35
capt_simd,fetch,table_pick,50,0.048,2910,true,0.002253093,0.004135921,2136,35
primitive,fetch,table_under_pick,3,0.048,1935,true,0.000818438,0.000000381,674,177
mvtable,fetch,table_under_pick,3,0.048,1935,true,0.001174036,0.000043712,635,159
mvtable_mutable,fetch,table_under_pick,3,0.048,1935,true,0.00115507,0.000064201,635,159
mvtable_cpp,fetch,table_under_pick,3,0.048,1935,true,0.001400402,0.000029685,635,159
capt,fetch,table_under_pick,3,0.048,1935,true,0.002727745,0.001859674,635,159
kiddo,fetch,table_under_pick,3,0.048,1935,true,0.00608334,0.000052749,635,159
mvtable_simd,fetch,table_under_pick,3,0.048,1935,true,0.001063008,0.000044984,635,159
mvtable_mutable_simd,fetch,table_under_pick,3,0.048,1935,true,0.001059501,0.000061185,635,159
mvt_cpp_simd,fetch,table_under_pick,3,0.048,1935,true,0.001082954,0.000032791,635,159
capt_simd,fetch,table_under_pick,3,0.048,1935,true,0.001710975,0.001973328,635,159
primitive,fetch,table_under_pick,5,0.048,1977,true,0.001195666,0.000000321,1080,187
mvtable,fetch,table_under_pick,5,0.048,1977,true,0.003785243,0.000046307,2760,284
mvtable_mutable,fetch,table_under_pick,5,0.048,1977,true,0.003777357,0.000066064,2760,284
mvtable_cpp,fetch,table_under_pick,5,0.048,1977,true,0.00432648,0.000033393,2760,284
capt,fetch,table_under_pick,5,0.048,1977,true,0.011110656,0.001955073,2760,284
kiddo,fetch,table_under_pick,5,0.048,1977,true,0.014916537,0.000050115,2760,284
mvtable_simd,fetch,table_under_pick,5,0.048,1977,true,0.003604192,0.000046147,2760,284
mvtable_mutable_simd,fetch,table_under_pick,5,0.048,1977,true,0.003521778,0.000067497,2760,284
mvt_cpp_simd,fetch,table_under_pick,5,0.048,1977,true,0.003484567,0.000032401,2760,284
capt_simd,fetch,table_under_pick,5,0.048,1977,true,0.005366343,0.002007852,2760,284
primitive,fetch,table_under_pick,6,0.048,2935,true,0.000151054,0.00000035,113,39
mvtable,fetch,table_under_pick,6,0.048,2935,true,0.000224963,0.000056837,71,28
mvtable_mutable,fetch,table_under_pick,6,0.048,2935,true,0.000224131,0.000079198,71,28
mvtable_cpp,fetch,table_under_pick,6,0.048,2935,true,0.000283383,0.000033974,71,28
capt,fetch,table_under_pick,6,0.048,2935,true,0.000561235,0.004275153,71,28
kiddo,fetch,table_under_pick,6,0.048,2935,true,0.001116708,0.000075632,71,28
mvtable_simd,fetch,table_under_pick,6,0.048,2935,true,0.000212499,0.000054202,71,28
mvtable_mutable_simd,fetch,table_under_pick,6,0.048,2935,true,0.000210957,0.000067887,71,28
mvt_cpp_simd,fetch,table_under_pick,6,0.048,2935,true,0.00020225,0.000034736,71,28
capt_simd,fetch,table_under_pick,6,0.048,2935,true,0.000281118,0.004144758,71,28
primitive,fetch,table_under_pick,7,0.048,2893,true,0.000286798,0.00000026,603,49
mvtable,fetch,table_under_pick,7,0.048,2893,true,0.000787039,0.000051126,482,145
mvtable_mutable,fetch,table_under_pick,7,0.048,2893,true,0.000777381,0.000065473,482,145
mvtable_cpp,fetch,table_under_pick,7,0.048,2893,true,0.001680969,0.000048321,482,145
capt,fetch,table_under_pick,7,0.048,2893,true,0.002028301,0.004523049,482,145
kiddo,fetch,table_under_pick,7,0.048,2893,true,0.005386741,0.000084719,482,145
mvtable_simd,fetch,table_under_pick,7,0.048,2893,true,0.000701358,0.000052989,482,145
mvtable_mutable_simd,fetch,table_under_pick,7,0.048,2893,true,0.000686459,0.000068629,482,145
mvt_cpp_simd,fetch,table_under_pick,7,0.048,2893,true,0.000949645,0.000052038,482,145
capt_simd,fetch,table_under_pick,7,0.048,2893,true,0.001338735,0.004379038,482,145
primitive,fetch,table_under_pick,8,0.048,1902,true,0.000482086,0.000000711,1435,43
mvtable,fetch,table_under_pick,8,0.048,1902,true,0.000553941,0.000044043,370,59
mvtable_mutable,fetch,table_under_pick,8,0.048,1902,true,0.000611299,0.000052579,370,59
mvtable_cpp,fetch,table_under_pick,8,0.048,1902,true,0.000731003,0.000030457,370,59
capt,fetch,table_under_pick,8,0.048,1902,true,0.002079397,0.001850798,370,59
kiddo,fetch,table_under_pick,8,0.048,1902,true,0.002647184,0.000052098,370,59
mvtable_simd,fetch,table_under_pick,8,0.048,1902,true,0.000520147,0.000042139,370,59
mvtable_mutable_simd,fetch,table_under_pick,8,0.048,1902,true,0.000497885,0.000052158,370,59
mvt_cpp_simd,fetch,table_under_pick,8,0.048,1902,true,0.000525166,0.000025719,370,59
capt_simd,fetch,table_under_pick,8,0.048,1902,true,0.000833236,0.001876005,370,59
primitive,fetch,table_under_pick,10,0.048,2903,true,0.000188324,0.000000431,140,43
mvtable,fetch,table_under_pick,10,0.048,2903,true,0.000264747,0.000055725,122,36
mvtable_mutable,fetch,table_under_pick,10,0.048,2903,true,0.000265709,0.000071835,122,36
mvtable_cpp,fetch,table_under_pick,10,0.048,2903,true,0.000584258,0.000030147,122,36
capt,fetch,table_under_pick,10,0.048,2903,true,0.000726776,0.003982413,122,36
kiddo,fetch,table_under_pick,10,0.048,2903,true,0.00168677,0.000081684,122,36
mvtable_simd,fetch,table_under_pick,10,0.048,2903,true,0.000241294,0.000051587,122,36
mvtable_mutable_simd,fetch,table_under_pick,10,0.048,2903,true,0.000240783,0.000064181,122,36
mvt_cpp_simd,fetch,table_under_pick,10,0.048,2903,true,0.000345309,0.000033273,122,36
capt_simd,fetch,table_under_pick,10,0.048,2903,true,0.000439356,0.004314837,122,36
primitive,fetch,table_under_pick,12,0.048,1961,true,0.000419989,0.00000019,567,89
mvtable,fetch,table_under_pick,12,0.048,1961,true,0.001710534,0.000045175,915,190
mvtable_mutable,fetch,table_under_pick,12,0.048,1961,true,0.001678644,0.000065984,915,190
mvtable_cpp,fetch,table_under_pick,12,0.048,1961,true,0.002056704,0.000030237,915,190
capt,fetch,table_under_pick,12,0.048,1961,true,0.005051812,0.001929776,915,190
kiddo,fetch,table_under_pick,12,0.048,1961,true,0.008961729,0.000054543,915,190
mvtable_simd,fetch,table_under_pick,12,0.048,1961,true,0.001574208,0.000046197,915,190
mvtable_mutable_simd,fetch,table_under_pick,12,0.048,1961,true,0.001560833,0.000059502,915,190
mvt_cpp_simd,fetch,table_under_pick,12,0.048,1961,true,0.00160187,0.000027001,915,190
capt_simd,fetch,table_under_pick,12,0.048,1961,true,0.002470301,0.001998745,915,190
primitive,fetch,table_under_pick,13,0.048,2995,true,0.000285727,0.000000531,531,50
mvtable,fetch,table_under_pick,13,0.048,2995,true,0.001352321,0.000057428,387,130
mvtable_mutable,fetch,table_under_pick,13,0.048,2995,true,0.001403837,0.000071554,387,130
mvtable_cpp,fetch,table_under_pick,13,0.048,2995,true,0.001930688,0.000045365,387,130
capt,fetch,table_under_pick,13,0.048,2995,true,0.004166609,0.004674282,387,130
kiddo,fetch,table_under_pick,13,0.048,2995,true,0.005236068,0.000092785,387,130
mvtable_simd,fetch,table_under_pick,13,0.048,2995,true,0.001326202,0.000060273,387,130
mvtable_mutable_simd,fetch,table_under_pick,13,0.048,2995,true,0.001268193,0.000072957,387,130
mvt_cpp_simd,fetch,table_under_pick,13,0.048,2995,true,0.001269715,0.000044644,387,130
capt_simd,fetch,table_under_pick,13,0.048,2995,true,0.001957098,0.004502049,387,130
primitive,fetch,table_under_pick,15,0.048,2881,true,0.000449875,0.000000471,301,95
mvtable,fetch,table_under_pick,15,0.048,2881,true,0.001518102,0.00005322,580,188
mvtable_mutable,fetch,table_under_pick,15,0.048,2881,true,0.001497444,0.000067126,580,188
mvtable_cpp,fetch,table_under_pick,15,0.048,2881,true,0.002221043,0.000038713,580,188
capt,fetch,table_under_pick,15,0.048,2881,true,0.00377888,0.004101025,580,188
kiddo,fetch,table_under_pick,15,0.048,2881,true,0.007763648,0.000081904,580,188
mvtable_simd,fetch,table_under_pick,15,0.048,2881,true,0.001402345,0.000062898,580,188
mvtable_mutable_simd,fetch,table_under_pick,15,0.048,2881,true,0.001374813,0.000071304,580,188
mvt_cpp_simd,fetch,table_under_pick,15,0.048,2881,true,0.001446608,0.000043381,580,188
capt_simd,fetch,table_under_pick,15,0.048,2881,true,0.002188292,0.004335255,580,188
primitive,fetch,table_under_pick,16,0.048,2964,true,0.000331633,0.00000038,469,59
mvtable,fetch,table_under_pick,16,0.048,2964,true,0.000509557,0.000055685,192,53
mvtable_mutable,fetch,table_under_pick,16,0.048,2964,true,0.000533542,0.00007417,192,53
mvtable_cpp,fetch,table_under_pick,16,0.048,2964,true,0.000630925,0.000030938,192,53
capt,fetch,table_under_pick,16,0.048,2964,true,0.001179817,0.004193268,192,53
kiddo,fetch,table_under_pick,16,0.048,2964,true,0.0025494,0.000081944,192,53
mvtable_simd,fetch,table_under_pick,16,0.048,2964,true,0.000498917,0.000057929,192,53
mvtable_mutable_simd,fetch,table_under_pick,16,0.048,2964,true,0.000487065,0.000069862,192,53
mvt_cpp_simd,fetch,table_under_pick,16,0.048,2964,true,0.000453422,0.000029415,192,53
capt_simd,fetch,table_under_pick,16,0.048,2964,true,0.000623211,0.004146912,192,53
primitive,fetch,table_under_pick,17,0.048,1982,true,0.000841261,0.000000251,998,137
mvtable,fetch,table_under_pick,17,0.048,1982,true,0.001974741,0.000044484,884,163
mvtable_mutable,fetch,table_under_pick,17,0.048,1982,true,0.00201166,0.000064451,884,163
mvtable_cpp,fetch,table_under_pick,17,0.048,1982,true,0.002319959,0.000045174,884,163
capt,fetch,table_under_pick,17,0.048,1982,true,0.004173261,0.002086371,884,163
kiddo,fetch,table_under_pick,17,0.048,1982,true,0.007230416,0.000063148,884,163
mvtable_simd,fetch,table_under_pick,17,0.048,1982,true,0.001923334,0.000046648,884,163
mvtable_mutable_simd,fetch,table_under_pick,17,0.048,1982,true,0.001899369,0.000056766,884,163
mvt_cpp_simd,fetch,table_under_pick,17,0.048,1982,true,0.00167131,0.000035106,884,163
capt_simd,fetch,table_under_pick,17,0.048,1982,true,0.002343193,0.002087713,884,163
primitive,fetch,table_under_pick,18,0.048,1841,true,0.000247916,0.000000401,270,47
mvtable,fetch,table_under_pick,18,0.048,1841,true,0.000399881,0.000038983,270,57
mvtable_mutable,fetch,table_under_pick,18,0.048,1841,true,0.000396535,0.0000481,270,57
mvtable_cpp,fetch,table_under_pick,18,0.048,1841,true,0.000968189,0.000024306,270,57
capt,fetch,table_under_pick,18,0.048,1841,true,0.001254096,0.001642706,270,57
kiddo,fetch,table_under_pick,18,0.048,1841,true,0.00259155,0.00005339,270,57
mvtable_simd,fetch,table_under_pick,18,0.048,1841,true,0.00035664,0.000040035,270,57
mvtable_mutable_simd,fetch,table_under_pick,18,0.048,1841,true,0.000349066,0.000048632,270,57
mvt_cpp_simd,fetch,table_under_pick,18,0.048,1841,true,0.000487616,0.00002081,270,57
capt_simd,fetch,table_under_pick,18,0.048,1841,true,0.000753065,0.001691478,270,57
primitive,fetch,table_under_pick,19,0.048,2937,true,0.000453752,0.000000431,551,78
mvtable,fetch,table_under_pick,19,0.048,2937,true,0.000279155,0.000056977,162,33
mvtable_mutable,fetch,table_under_pick,19,0.048,2937,true,0.000278283,0.00006906,162,33
mvtable_cpp,fetch,table_under_pick,19,0.048,2937,true,0.000321444,0.000029706,162,33
capt,fetch,table_under_pick,19,0.048,2937,true,0.000974842,0.004320047,162,33
kiddo,fetch,table_under_pick,19,0.048,2937,true,0.001715843,0.000082214,162,33
mvtable_simd,fetch,table_under_pick,19,0.048,2937,true,0.000254438,0.000055464,162,33
mvtable_mutable_simd,fetch,table_under_pick,19,0.048,2937,true,0.000253797,0.000068418,162,33
mvt_cpp_simd,fetch,table_under_pick,19,0.048,2937,true,0.000260079,0.000030337,162,33
capt_simd,fetch,table_under_pick,19,0.048,2937,true,0.000453352,0.004093983,162,33
primitive,fetch,table_under_pick,20,0.048,2889,true,0.000424868,0.000000311,1524,31
mvtable,fetch,table_under_pick,20,0.048,2889,true,0.001454854,0.000056626,756,186
mvtable_mutable,fetch,table_under_pick,20,0.048,2889,true,0.001420039,0.000073287,756,186
mvtable_cpp,fetch,table_under_pick,20,0.048,2889,true,0.001823877,0.000048271,756,186
capt,fetch,table_under_pick,20,0.048,2889,true,0.003680966,0.004487972,756,186
kiddo,fetch,table_under_pick,20,0.048,2889,true,0.008072137,0.000073648,756,186
mvtable_simd,fetch,table_under_pick,20,0.048,2889,true,0.001308679,0.000055815,756,186
mvtable_mutable_simd,fetch,table_under_pick,20,0.048,2889,true,0.001288891,0.00006912,756,186
mvt_cpp_simd,fetch,table_under_pick,20,0.048,2889,true,0.00130369,0.000044774,756,186
capt_simd,fetch,table_under_pick,20,0.048,2889,true,0.002208881,0.004130441,756,186
primitive,fetch,table_under_pick,21,0.048,1958,true,0.000411543,0.000000261,765,58
mvtable,fetch,table_under_pick,21,0.048,1958,true,0.000492866,0.000041397,210,55
mvtable_mutable,fetch,table_under_pick,21,0.048,1958,true,0.000504799,0.00005323,210,55
mvtable_cpp,fetch,table_under_pick,21,0.048,1958,true,0.000557918,0.000028844,210,55
capt,fetch,table_under_pick,21,0.048,1958,true,0.001038191,0.001929024,210,55
kiddo,fetch,table_under_pick,21,0.048,1958,true,0.001807436,0.000048871,210,55
mvtable_simd,fetch,table_under_pick,21,0.048,1958,true,0.000475033,0.000042029,210,55
mvtable_mutable_simd,fetch,table_under_pick,21,0.048,1958,true,0.00046803,0.000052699,210,55
mvt_cpp_simd,fetch,table_under_pick,21,0.048,1958,true,0.000394,0.000029325,210,55
capt_simd,fetch,table_under_pick,21,0.048,1958,true,0.000566865,0.001992925,210,55
primitive,fetch,table_under_pick,22,0.048,1908,true,0.0008408,0.00000044,4001,36
mvtable,fetch,table_under_pick,22,0.048,1908,true,0.000512023,0.000040757,175,55
mvtable_mutable,fetch,table_under_pick,22,0.048,1908,true,0.000511351,0.000052449,175,55
mvtable_cpp,fetch,table_under_pick,22,0.048,1908,true,0.000583777,0.000023023,175,55
capt,fetch,table_under_pick,22,0.048,1908,true,0.001120696,0.001869353,175,55
kiddo,fetch,table_under_pick,22,0.048,1908,true,0.002073566,0.000045015,175,55
mvtable_simd,fetch,table_under_pick,22,0.048,1908,true,0.000496112,0.000041548,175,55
mvtable_mutable_simd,fetch,table_under_pick,22,0.048,1908,true,0.000491814,0.000055084,175,55
mvt_cpp_simd,fetch,table_under_pick,22,0.048,1908,true,0.000458913,0.000026019,175,55
capt_simd,fetch,table_under_pick,22,0.048,1908,true,0.000595549,0.00191593,175,55
primitive,fetch,table_under_pick,23,0.048,2960,true,0.00054282,0.000000491,831,73
mvtable,fetch,table_under_pick,23,0.048,2960,true,0.000770488,0.000056997,522,68
mvtable_mutable,fetch,table_under_pick,23,0.048,2960,true,0.000789143,0.000070823,522,68
mvtable_cpp,fetch,table_under_pick,23,0.048,2960,true,0.000983869,0.000030367,522,68
capt,fetch,table_under_pick,23,0.048,2960,true,0.001748796,0.00453988,522,68
kiddo,fetch,table_under_pick,23,0.048,2960,true,0.003452818,0.000075011,522,68
mvtable_simd,fetch,table_under_pick,23,0.048,2960,true,0.000773794,0.000057418,522,68
mvtable_mutable_simd,fetch,table_under_pick,23,0.048,2960,true,0.000751382,0.000072987,522,68
mvt_cpp_simd,fetch,table_under_pick,23,0.048,2960,true,0.000755369,0.000036378,522,68
capt_simd,fetch,table_under_pick,23,0.048,2960,true,0.001113301,0.004352438,522,68
primitive,fetch,table_under_pick,25,0.048,1927,true,0.00057455,0.00000023,825,100
mvtable,fetch,table_under_pick,25,0.048,1927,true,0.000901193,0.000041689,345,89
mvtable_mutable,fetch,table_under_pick,25,0.048,1927,true,0.000922142,0.000052689,345,89
mvtable_cpp,fetch,table_under_pick,25,0.048,1927,true,0.001041827,0.000022442,345,89
capt,fetch,table_under_pick,25,0.048,1927,true,0.002136505,0.001822986,345,89
kiddo,fetch,table_under_pick,25,0.048,1927,true,0.003214741,0.00004749,345,89
mvtable_simd,fetch,table_under_pick,25,0.048,1927,true,0.000877709,0.000041998,345,89
mvtable_mutable_simd,fetch,table_under_pick,25,0.048,1927,true,0.000862571,0.000052138,345,89
mvt_cpp_simd,fetch,table_under_pick,25,0.048,1927,true,0.000722748,0.000022362,345,89
capt_simd,fetch,table_under_pick,25,0.048,1927,true,0.001028432,0.001877378,345,89
primitive,fetch,table_under_pick,26,0.048,1907,true,0.00046834,0.000000231,1332,29
mvtable,fetch,table_under_pick,26,0.048,1907,true,0.000285677,0.000042109,120,32
mvtable_mutable,fetch,table_under_pick,26,0.048,1907,true,0.000289223,0.00005335,120,32
mvtable_cpp,fetch,table_under_pick,26,0.048,1907,true,0.000344878,0.00002126,120,32
capt,fetch,table_under_pick,26,0.048,1907,true,0.000738578,0.0018256,120,32
kiddo,fetch,table_under_pick,26,0.048,1907,true,0.001315873,0.000045807,120,32
mvtable_simd,fetch,table_under_pick,26,0.048,1907,true,0.000264297,0.000042099,120,32
mvtable_mutable_simd,fetch,table_under_pick,26,0.048,1907,true,0.000264267,0.00005332,120,32
mvt_cpp_simd,fetch,table_under_pick,26,0.048,1907,true,0.000246784,0.00002148,120,32
capt_simd,fetch,table_under_pick,26,0.048,1907,true,0.00034613,0.001890442,120,32
primitive,fetch,table_under_pick,27,0.048,2946,true,0.000167294,0.000000321,252,33
mvtable,fetch,table_under_pick,27,0.048,2946,true,0.000759126,0.000055023,556,81
mvtable_mutable,fetch,table_under_pick,27,0.048,2946,true,0.000759978,0.00006899,556,81
mvtable_cpp,fetch,table_under_pick,27,0.048,2946,true,0.001074539,0.00002659,556,81
capt,fetch,table_under_pick,27,0.048,2946,true,0.002374862,0.004370692,556,81
kiddo,fetch,table_under_pick,27,0.048,2946,true,0.004441165,0.000077295,556,81
mvtable_simd,fetch,table_under_pick,27,0.048,2946,true,0.000717127,0.000055184,556,81
mvtable_mutable_simd,fetch,table_under_pick,27,0.048,2946,true,0.000701728,0.000069921,556,81
mvt_cpp_simd,fetch,table_under_pick,27,0.048,2946,true,0.000756411,0.000030147,556,81
capt_simd,fetch,table_under_pick,27,0.048,2946,true,0.0013462,0.004181217,556,81
primitive,fetch,table_under_pick,28,0.048,1874,true,0.000470033,0.000000411,756,90
mvtable,fetch,table_under_pick,28,0.048,1874,true,0.000562086,0.000037611,277,107
mvtable_mutable,fetch,table_under_pick,28,0.048,1874,true,0.000565352,0.00004802,277,107
mvtable_cpp,fetch,table_under_pick,28,0.048,1874,true,0.000790465,0.000030607,277,107
capt,fetch,table_under_pick,28,0.048,1874,true,0.001927892,0.001783601,277,107
kiddo,fetch,table_under_pick,28,0.048,1874,true,0.003942939,0.0000532,277,107
mvtable_simd,fetch,table_under_pick,28,0.048,1874,true,0.000493427,0.000040586,277,107
mvtable_mutable_simd,fetch,table_under_pick,28,0.048,1874,true,0.000498596,0.000048912,277,107
mvt_cpp_simd,fetch,table_under_pick,28,0.048,1874,true,0.000603464,0.000032531,277,107
capt_simd,fetch,table_under_pick,28,0.048,1874,true,0.000992054,0.001968017,277,107
primitive,fetch,table_under_pick,29,0.048,1905,true,0.000812116,0.00000048,724,179
mvtable,fetch,table_under_pick,29,0.048,1905,true,0.00094756,0.000041829,684,125
mvtable_mutable,fetch,table_under_pick,29,0.048,1905,true,0.000951929,0.000056667,684,125
mvtable_cpp,fetch,table_under_pick,29,0.048,1905,true,0.001717186,0.000028804,684,125
capt,fetch,table_under_pick,29,0.048,1905,true,0.00253339,0.001855577,684,125
kiddo,fetch,table_under_pick,29,0.048,1905,true,0.005529099,0.000048241,684,125
mvtable_simd,fetch,table_under_pick,29,0.048,1905,true,0.000866598,0.00004247,684,125
mvtable_mutable_simd,fetch,table_under_pick,29,0.048,1905,true,0.000858693,0.00005345,684,125
mvt_cpp_simd,fetch,table_under_pick,29,0.048,1905,true,0.001066714,0.000027832,684,125
capt_simd,fetch,table_under_pick,29,0.048,1905,true,0.001440276,0.001939985,684,125
primitive,fetch,table_under_pick,31,0.048,3010,true,0.000161694,0.00000024,176,35
mvtable,fetch,table_under_pick,31,0.048,3010,true,0.000360718,0.000054833,160,38
mvtable_mutable,fetch,table_under_pick,31,0.048,3010,true,0.000364495,0.00006929,160,38
mvtable_cpp,fetch,table_under_pick,31,0.048,3010,true,0.000413387,0.000033713,160,38
capt,fetch,table_under_pick,31,0.048,3010,true,0.000773854,0.004479056,160,38
kiddo,fetch,table_under_pick,31,0.048,3010,true,0.001605446,0.000076994,160,38
mvtable_simd,fetch,table_under_pick,31,0.048,3010,true,0.000337464,0.000054934,160,38
mvtable_mutable_simd,fetch,table_under_pick,31,0.048,3010,true,0.000332786,0.00006916,160,38
mvt_cpp_simd,fetch,table_under_pick,31,0.048,3010,true,0.000304162,0.000035236,160,38
capt_simd,fetch,table_under_pick,31,0.048,3010,true,0.000424207,0.004271987,160,38
primitive,fetch,table_under_pick,32,0.048,1931,true,0.000379833,0.000000421,723,63
mvtable,fetch,table_under_pick,32,0.048,1931,true,0.000231505,0.000042199,60,31
mvtable_mutable,fetch,table_under_pick,32,0.048,1931,true,0.000235182,0.000052137,60,31
mvtable_cpp,fetch,table_under_pick,32,0.048,1931,true,0.000253437,0.000019005,60,31
capt,fetch,table_under_pick,32,0.048,1931,true,0.000738548,0.001832313,60,31
kiddo,fetch,table_under_pick,32,0.048,1931,true,0.00131445,0.000045466,60,31
mvtable_simd,fetch,table_under_pick,32,0.048,1931,true,0.000208491,0.00004232,60,31
mvtable_mutable_simd,fetch,table_under_pick,32,0.048,1931,true,0.000205186,0.000051987,60,31
mvt_cpp_simd,fetch,table_under_pick,32,0.048,1931,true,0.000193263,0.000019156,60,31
capt_simd,fetch,table_under_pick,32,0.048,1931,true,0.000330501,0.001897455,60,31
primitive,fetch,table_under_pick,33,0.048,1919,true,0.001459091,0.00000032,3684,63
mvtable,fetch,table_under_pick,33,0.048,1919,true,0.001809971,0.00004222,1815,86
mvtable_mutable,fetch,table_under_pick,33,0.048,1919,true,0.001823085,0.000083787,1815,86
mvtable_cpp,fetch,table_under_pick,33,0.048,1919,true,0.002565421,0.000023264,1815,86
capt,fetch,table_under_pick,33,0.048,1919,true,0.006351775,0.001840178,1815,86
kiddo,fetch,table_under_pick,33,0.048,1919,true,0.006691293,0.000047198,1815,86
mvtable_simd,fetch,table_under_pick,33,0.048,1919,true,0.001787688,0.00004274,1815,86
mvtable_mutable_simd,fetch,table_under_pick,33,0.048,1919,true,0.001749718,0.000054763,1815,86
mvt_cpp_simd,fetch,table_under_pick,33,0.048,1919,true,0.00189495,0.000021149,1815,86
capt_simd,fetch,table_under_pick,33,0.048,1919,true,0.002819888,0.001885453,1815,86
primitive,fetch,table_under_pick,34,0.048,1916,true,0.000302869,0.000000341,1139,31
mvtable,fetch,table_under_pick,34,0.048,1916,true,0.001020758,0.000043081,1997,36
mvtable_mutable,fetch,table_under_pick,34,0.048,1916,true,0.001032049,0.000059211,1997,36
mvtable_cpp,fetch,table_under_pick,34,0.048,1916,true,0.001350518,0.000025698,1997,36
capt,fetch,table_under_pick,34,0.048,1916,true,0.002449703,0.001883789,1997,36
kiddo,fetch,table_under_pick,34,0.048,1916,true,0.00282607,0.000045926,1997,36
mvtable_simd,fetch,table_under_pick,34,0.048,1916,true,0.001076152,0.000043823,1997,36
mvtable_mutable_simd,fetch,table_under_pick,34,0.048,1916,true,0.001049412,0.000062748,1997,36
mvt_cpp_simd,fetch,table_under_pick,34,0.048,1916,true,0.001172463,0.000027332,1997,36
capt_simd,fetch,table_under_pick,34,0.048,1916,true,0.001762702,0.002163475,1997,36
primitive,fetch,table_under_pick,35,0.048,1907,true,0.000859545,0.00000033,528,186
mvtable,fetch,table_under_pick,35,0.048,1907,true,0.00128804,0.000043262,334,142
mvtable_mutable,fetch,table_under_pick,35,0.048,1907,true,0.001260108,0.000056807,334,142
mvtable_cpp,fetch,table_under_pick,35,0.048,1907,true,0.001357912,0.000030878,334,142
capt,fetch,table_under_pick,35,0.048,1907,true,0.002126105,0.001930007,334,142
kiddo,fetch,table_under_pick,35,0.048,1907,true,0.005382945,0.000046267,334,142
mvtable_simd,fetch,table_under_pick,35,0.048,1907,true,0.001152906,0.000044243,334,142
mvtable_mutable_simd,fetch,table_under_pick,35,0.048,1907,true,0.001137227,0.000054613,334,142
mvt_cpp_simd,fetch,table_under_pick,35,0.048,1907,true,0.001035035,0.000032131,334,142
capt_simd,fetch,table_under_pick,35,0.048,1907,true,0.001353975,0.001996181,334,142
primitive,fetch,table_under_pick,37,0.048,1889,true,0.001792568,0.000000651,6701,34
mvtable,fetch,table_under_pick,37,0.048,1889,true,0.000360027,0.000040526,179,33
mvtable_mutable,fetch,table_under_pick,37,0.048,1889,true,0.000358424,0.000052218,179,33
mvtable_cpp,fetch,table_under_pick,37,0.048,1889,true,0.000503616,0.000023394,179,33
capt,fetch,table_under_pick,37,0.048,1889,true,0.000897306,0.001813547,179,33
kiddo,fetch,table_under_pick,37,0.048,1889,true,0.00147448,0.000047058,179,33
mvtable_simd,fetch,table_under_pick,37,0.048,1889,true,0.000333106,0.000040426,179,33
mvtable_mutable_simd,fetch,table_under_pick,37,0.048,1889,true,0.000337725,0.000050815,179,33
mvt_cpp_simd,fetch,table_under_pick,37,0.048,1889,true,0.000342925,0.000021831,179,33
capt_simd,fetch,table_under_pick,37,0.048,1889,true,0.000462949,0.001886394,179,33
primitive,fetch,table_under_pick,38,0.048,1987,true,0.000445497,0.00000023,505,88
mvtable,fetch,table_under_pick,38,0.048,1987,true,0.001299311,0.000041939,879,157
mvtable_mutable,fetch,table_under_pick,38,0.048,1987,true,0.001302196,0.000052559,879,157
mvtable_cpp,fetch,table_under_pick,38,0.048,1987,true,0.00184647,0.000028654,879,157
capt,fetch,table_under_pick,38,0.048,1987,true,0.004664855,0.001930778,879,157
kiddo,fetch,table_under_pick,38,0.048,1987,true,0.008156205,0.000046387,879,157
mvtable_simd,fetch,table_under_pick,38,0.048,1987,true,0.001206217,0.000043041,879,157
mvtable_mutable_simd,fetch,table_under_pick,38,0.048,1987,true,0.001183464,0.000053621,879,157
mvt_cpp_simd,fetch,table_under_pick,38,0.048,1987,true,0.001269085,0.000039835,879,157
capt_simd,fetch,table_under_pick,38,0.048,1987,true,0.002114343,0.00202234,879,157
primitive,fetch,table_under_pick,39,0.048,2893,true,0.000127209,0.000000641,134,31
mvtable,fetch,table_under_pick,39,0.048,2893,true,0.000290757,0.000051357,220,38
mvtable_mutable,fetch,table_under_pick,39,0.048,2893,true,0.000283602,0.000064261,220,38
mvtable_cpp,fetch,table_under_pick,39,0.048,2893,true,0.000690809,0.000028934,220,38
capt,fetch,table_under_pick,39,0.048,2893,true,0.000942582,0.006057271,220,38
kiddo,fetch,table_under_pick,39,0.048,2893,true,0.001862229,0.000077836,220,38
mvtable_simd,fetch,table_under_pick,39,0.048,2893,true,0.000273564,0.000052419,220,38
mvtable_mutable_simd,fetch,table_under_pick,39,0.048,2893,true,0.000259418,0.000066154,220,38
mvt_cpp_simd,fetch,table_under_pick,39,0.048,2893,true,0.000384903,0.00003176,220,38
capt_simd,fetch,table_under_pick,39,0.048,2893,true,0.000576603,0.009913427,220,38
primitive,fetch,table_under_pick,41,0.048,1914,true,0.004850023,0.000000431,33807,22
mvtable,fetch,table_under_pick,41,0.048,1914,true,0.000213972,0.00004249,144,22
mvtable_mutable,fetch,table_under_pick,41,0.048,1914,true,0.000213631,0.000052719,144,22
mvtable_cpp,fetch,table_under_pick,41,0.048,1914,true,0.000261141,0.000024576,144,22
capt,fetch,table_under_pick,41,0.048,1914,true,0.000577014,0.002077854,144,22
kiddo,fetch,table_under_pick,41,0.048,1914,true,0.000995511,0.000045816,144,22
mvtable_simd,fetch,table_under_pick,41,0.048,1914,true,0.000203313,0.000041668,144,22
mvtable_mutable_simd,fetch,table_under_pick,41,0.048,1914,true,0.000203923,0.000053,144,22
mvt_cpp_simd,fetch,table_under_pick,41,0.048,1914,true,0.00018615,0.00002152,144,22
capt_simd,fetch,table_under_pick,41,0.048,1914,true,0.000278704,0.001903557,144,22
primitive,fetch,table_under_pick,42,0.048,1887,true,0.000361529,0.000000231,431,66
mvtable,fetch,table_under_pick,42,0.048,1887,true,0.00044708,0.000041708,311,42
mvtable_mutable,fetch,table_under_pick,42,0.048,1887,true,0.000436731,0.000052749,311,42
mvtable_cpp,fetch,table_under_pick,42,0.048,1887,true,0.000531689,0.00002127,311,42
capt,fetch,table_under_pick,42,0.048,1887,true,0.001267912,0.001791035,311,42
kiddo,fetch,table_under_pick,42,0.048,1887,true,0.002112068,0.000043822,311,42
mvtable_simd,fetch,table_under_pick,42,0.048,1887,true,0.000417295,0.000041768,311,42
mvtable_mutable_simd,fetch,table_under_pick,42,0.048,1887,true,0.000408307,0.000057407,311,42
mvt_cpp_simd,fetch,table_under_pick,42,0.048,1887,true,0.000425049,0.000021541,311,42
capt_simd,fetch,table_under_pick,42,0.048,1887,true,0.000680719,0.001842422,311,42
primitive,fetch,table_under_pick,43,0.048,1945,true,0.000151615,0.000000221,176,38
mvtable,fetch,table_under_pick,43,0.048,1945,true,0.001100027,0.000042991,786,81
mvtable_mutable,fetch,table_under_pick,43,0.048,1945,true,0.001117279,0.000053611,786,81
mvtable_cpp,fetch,table_under_pick,43,0.048,1945,true,0.001353232,0.00002126,786,81
capt,fetch,table_under_pick,43,0.048,1945,true,0.003212265,0.001947119,786,81
kiddo,fetch,table_under_pick,43,0.048,1945,true,0.003828063,0.000046317,786,81
mvtable_simd,fetch,table_under_pick,43,0.048,1945,true,0.00106976,0.000043492,786,81
mvtable_mutable_simd,fetch,table_under_pick,43,0.048,1945,true,0.001052688,0.000054092,786,81
mvt_cpp_simd,fetch,table_under_pick,43,0.048,1945,true,0.000974321,0.000021871,786,81
capt_simd,fetch,table_under_pick,43,0.048,1945,true,0.00137334,0.002028351,786,81
primitive,fetch,table_under_pick,44,0.048,2968,true,0.000198172,0.000000411,215,44
mvtable,fetch,table_under_pick,44,0.048,2968,true,0.000469422,0.000055905,236,56
mvtable_mutable,fetch,table_under_pick,44,0.048,2968,true,0.00047325,0.00007457,236,56
mvtable_cpp,fetch,table_under_pick,44,0.048,2968,true,0.000651394,0.00003226,236,56
capt,fetch,table_under_pick,44,0.048,2968,true,0.001228167,0.004390489,236,56
kiddo,fetch,table_under_pick,44,0.048,2968,true,0.002505568,0.000077876,236,56
mvtable_simd,fetch,table_under_pick,44,0.048,2968,true,0.000445067,0.000056256,236,56
mvtable_mutable_simd,fetch,table_under_pick,44,0.048,2968,true,0.000437812,0.000076243,236,56
mvt_cpp_simd,fetch,table_under_pick,44,0.048,2968,true,0.00046295,0.000033803,236,56
capt_simd,fetch,table_under_pick,44,0.048,2968,true,0.00069183,0.004234106,236,56
primitive,fetch,table_under_pick,45,0.048,1903,true,0.000256462,0.000000691,212,59
mvtable,fetch,table_under_pick,45,0.048,1903,true,0.000560002,0.000040315,233,51
mvtable_mutable,fetch,table_under_pick,45,0.048,1903,true,0.000576363,0.000051226,233,51
mvtable_cpp,fetch,table_under_pick,45,0.048,1903,true,0.000695156,0.000025659,233,51
capt,fetch,table_under_pick,45,0.048,1903,true,0.001331011,0.001864173,233,51
kiddo,fetch,table_under_pick,45,0.048,1903,true,0.002118441,0.000047709,233,51
mvtable_simd,fetch,table_under_pick,45,0.048,1903,true,0.000547218,0.000043262,233,51
mvtable_mutable_simd,fetch,table_under_pick,45,0.048,1903,true,0.000534484,0.000062106,233,51
mvt_cpp_simd,fetch,table_under_pick,45,0.048,1903,true,0.000501974,0.00002619,233,51
capt_simd,fetch,table_under_pick,45,0.048,1903,true,0.000656112,0.001864733,233,51
primitive,fetch,table_under_pick,46,0.048,1898,true,0.000463621,0.000000311,643,95
mvtable,fetch,table_under_pick,46,0.048,1898,true,0.000684536,0.000041789,255,62
mvtable_mutable,fetch,table_under_pick,46,0.048,1898,true,0.000698532,0.000057548,255,62
mvtable_cpp,fetch,table_under_pick,46,0.048,1898,true,0.00077163,0.000022943,255,62
capt,fetch,table_under_pick,46,0.048,1898,true,0.001661311,0.001853322,255,62
kiddo,fetch,table_under_pick,46,0.048,1898,true,0.002400801,0.000050104,255,62
mvtable_simd,fetch,table_under_pick,46,0.048,1898,true,0.000657436,0.000043381,255,62
mvtable_mutable_simd,fetch,table_under_pick,46,0.048,1898,true,0.000646816,0.000055424,255,62
mvt_cpp_simd,fetch,table_under_pick,46,0.048,1898,true,0.000519846,0.000030106,255,62
capt_simd,fetch,table_under_pick,46,0.048,1898,true,0.000739459,0.001921631,255,62
primitive,fetch,table_under_pick,47,0.048,1891,true,0.000412535,0.000000621,310,99
mvtable,fetch,table_under_pick,47,0.048,1891,true,0.000844166,0.00004263,285,99
mvtable_mutable,fetch,table_under_pick,47,0.048,1891,true,0.000859004,0.000053841,285,99
mvtable_cpp,fetch,table_under_pick,47,0.048,1891,true,0.000849045,0.000025889,285,99
capt,fetch,table_under_pick,47,0.048,1891,true,0.001613031,0.001869923,285,99
kiddo,fetch,table_under_pick,47,0.048,1891,true,0.004081339,0.00004805,285,99
mvtable_simd,fetch,table_under_pick,47,0.048,1891,true,0.000782791,0.000044985,285,99
mvtable_mutable_simd,fetch,table_under_pick,47,0.048,1891,true,0.000772411,0.000054492,285,99
mvt_cpp_simd,fetch,table_under_pick,47,0.048,1891,true,0.000675098,0.000025498,285,99
capt_simd,fetch,table_under_pick,47,0.048,1891,true,0.000975152,0.001952309,285,99
primitive,fetch,table_under_pick,48,0.048,1892,true,0.000332685,0.000000361,1049,49
mvtable,fetch,table_under_pick,48,0.048,1892,true,0.000732797,0.000041999,541,71
mvtable_mutable,fetch,table_under_pick,48,0.048,1892,true,0.000739289,0.000052869,541,71
mvtable_cpp,fetch,table_under_pick,48,0.048,1892,true,0.000767743,0.000024847,541,71
capt,fetch,table_under_pick,48,0.048,1892,true,0.00135722,0.001861928,541,71
kiddo,fetch,table_under_pick,48,0.048,1892,true,0.002536055,0.000047409,541,71
mvtable_simd,fetch,table_under_pick,48,0.048,1892,true,0.000705686,0.000041728,541,71
mvtable_mutable_simd,fetch,table_under_pick,48,0.048,1892,true,0.000688053,0.000052008,541,71
mvt_cpp_simd,fetch,table_under_pick,48,0.048,1892,true,0.000586121,0.000025057,541,71
capt_simd,fetch,table_under_pick,48,0.048,1892,true,0.000807267,0.001917944,541,71
primitive,fetch,table_under_pick,49,0.048,1908,true,0.000487936,0.000000271,383,112
mvtable,fetch,table_under_pick,49,0.048,1908,true,0.00096319,0.000042209,368,95
mvtable_mutable,fetch,table_under_pick,49,0.048,1908,true,0.000982265,0.00005317,368,95
mvtable_cpp,fetch,table_under_pick,49,0.048,1908,true,0.001095869,0.000027612,368,95
capt,fetch,table_under_pick,49,0.048,1908,true,0.00263466,0.001850407,368,95
kiddo,fetch,table_under_pick,49,0.048,1908,true,0.003522028,0.000048471,368,95
mvtable_simd,fetch,table_under_pick,49,0.048,1908,true,0.000927603,0.000042339,368,95
mvtable_mutable_simd,fetch,table_under_pick,49,0.048,1908,true,0.000911132,0.00005355,368,95
mvt_cpp_simd,fetch,table_under_pick,49,0.048,1908,true,0.000839197,0.000028383,368,95
capt_simd,fetch,table_under_pick,49,0.048,1908,true,0.001187321,0.001904709,368,95
primitive,fetch,table_under_pick,50,0.048,1971,true,0.000440457,0.000000371,330,106
mvtable,fetch,table_under_pick,50,0.048,1971,true,0.00121887,0.000043272,386,124
mvtable_mutable,fetch,table_under_pick,50,0.048,1971,true,0.001217547,0.000055724,386,124
mvtable_cpp,fetch,table_under_pick,50,0.048,1971,true,0.001434195,0.000029406,386,124
capt,fetch,table_under_pick,50,0.048,1971,true,0.002891293,0.001982385,386,124
kiddo,fetch,table_under_pick,50,0.048,1971,true,0.00447602,0.000056166,386,124
mvtable_simd,fetch,table_under_pick,50,0.048,1971,true,0.001146885,0.000043682,386,124
mvtable_mutable_simd,fetch,table_under_pick,50,0.048,1971,true,0.001140833,0.000054132,386,124
mvt_cpp_simd,fetch,table_under_pick,50,0.048,1971,true,0.000991443,0.000029485,386,124
capt_simd,fetch,table_under_pick,50,0.048,1971,true,0.00138357,0.002024564,386,124
primitive,baxter,bookshelf_tall_both_arms_easy,1,0.048,6973,true,0.062764973,0.000000351,345104,449
mvtable,baxter,bookshelf_tall_both_arms_easy,1,0.048,6973,true,0.00467282,0.000126407,2928,256
mvtable_mutable,baxter,bookshelf_tall_both_arms_easy,1,0.048,6973,true,0.004671397,0.000188875,2928,256
mvtable_cpp,baxter,bookshelf_tall_both_arms_easy,1,0.048,6973,true,0.017592797,0.000063599,2928,256
capt,baxter,bookshelf_tall_both_arms_easy,1,0.048,6973,true,0.011183444,0.006884806,2928,256
kiddo,baxter,bookshelf_tall_both_arms_easy,1,0.048,6973,true,0.027867933,0.000164218,2928,256
mvtable_simd,baxter,bookshelf_tall_both_arms_easy,1,0.048,6973,true,0.004474518,0.000136487,2928,256
mvtable_mutable_simd,baxter,bookshelf_tall_both_arms_easy,1,0.048,6973,true,0.004431637,0.000189166,2928,256
mvt_cpp_simd,baxter,bookshelf_tall_both_arms_easy,1,0.048,6973,true,0.010919147,0.000062918,2928,256
capt_simd,baxter,bookshelf_tall_both_arms_easy,1,0.048,6973,true,0.008573379,0.00745096,2928,256
primitive,baxter,bookshelf_tall_both_arms_easy,3,0.048,6973,true,0.002353562,0.00000048,1520,169
mvtable,baxter,bookshelf_tall_both_arms_easy,3,0.048,6973,true,0.000676551,0.00013327,216,64
mvtable_mutable,baxter,bookshelf_tall_both_arms_easy,3,0.048,6973,true,0.000664088,0.000190117,216,64
mvtable_cpp,baxter,bookshelf_tall_both_arms_easy,3,0.048,6973,true,0.002381285,0.000065072,216,64
capt,baxter,bookshelf_tall_both_arms_easy,3,0.048,6973,true,0.00185233,0.00657289,216,64
kiddo,baxter,bookshelf_tall_both_arms_easy,3,0.048,6973,true,0.00570514,0.00017046,216,64
mvtable_simd,baxter,bookshelf_tall_both_arms_easy,3,0.048,6973,true,0.000587544,0.000130706,216,64
mvtable_mutable_simd,baxter,bookshelf_tall_both_arms_easy,3,0.048,6973,true,0.000588315,0.000187523,216,64
mvt_cpp_simd,baxter,bookshelf_tall_both_arms_easy,3,0.048,6973,true,0.001248806,0.000062578,216,64
capt_simd,baxter,bookshelf_tall_both_arms_easy,3,0.048,6973,true,0.001254638,0.006735816,216,64
primitive,baxter,bookshelf_tall_both_arms_easy,4,0.048,6964,true,0.003185976,0.000000862,7654,74
mvtable,baxter,bookshelf_tall_both_arms_easy,4,0.048,6964,true,0.00114986,0.000131387,1143,52
mvtable_mutable,baxter,bookshelf_tall_both_arms_easy,4,0.048,6964,true,0.001148127,0.000192071,1143,52
mvtable_cpp,baxter,bookshelf_tall_both_arms_easy,4,0.048,6964,true,0.003532327,0.000063329,1143,52
capt,baxter,bookshelf_tall_both_arms_easy,4,0.048,6964,true,0.002884429,0.00663126,1143,52
kiddo,baxter,bookshelf_tall_both_arms_easy,4,0.048,6964,true,0.00643951,0.000170651,1143,52
mvtable_simd,baxter,bookshelf_tall_both_arms_easy,4,0.048,6964,true,0.001091551,0.000132148,1143,52
mvtable_mutable_simd,baxter,bookshelf_tall_both_arms_easy,4,0.048,6964,true,0.001084037,0.000193764,1143,52
mvt_cpp_simd,baxter,bookshelf_tall_both_arms_easy,4,0.048,6964,true,0.00242152,0.000062137,1143,52
capt_simd,baxter,bookshelf_tall_both_arms_easy,4,0.048,6964,true,0.002007242,0.006750253,1143,52
primitive,baxter,bookshelf_tall_both_arms_easy,5,0.048,6971,true,0.00126141,0.000000361,1637,51
mvtable,baxter,bookshelf_tall_both_arms_easy,5,0.048,6971,true,0.003488294,0.000129573,1742,147
mvtable_mutable,baxter,bookshelf_tall_both_arms_easy,5,0.048,6971,true,0.00346995,0.00019163,1742,147
mvtable_cpp,baxter,bookshelf_tall_both_arms_easy,5,0.048,6971,true,0.016720367,0.000074821,1742,147
capt,baxter,bookshelf_tall_both_arms_easy,5,0.048,6971,true,0.008367271,0.006736708,1742,147
kiddo,baxter,bookshelf_tall_both_arms_easy,5,0.048,6971,true,0.020198392,0.000178556,1742,147
mvtable_simd,baxter,bookshelf_tall_both_arms_easy,5,0.048,6971,true,0.003268772,0.000132599,1742,147
mvtable_mutable_simd,baxter,bookshelf_tall_both_arms_easy,5,0.048,6971,true,0.003232875,0.000198403,1742,147
mvt_cpp_simd,baxter,bookshelf_tall_both_arms_easy,5,0.048,6971,true,0.009024106,0.000064672,1742,147
capt_simd,baxter,bookshelf_tall_both_arms_easy,5,0.048,6971,true,0.006068823,0.006876591,1742,147
primitive,baxter,bookshelf_tall_both_arms_easy,6,0.048,6965,true,0.00294307,0.000000341,2819,125
mvtable,baxter,bookshelf_tall_both_arms_easy,6,0.048,6965,true,0.00205435,0.000130284,972,105
mvtable_mutable,baxter,bookshelf_tall_both_arms_easy,6,0.048,6965,true,0.002045763,0.000190938,972,105
mvtable_cpp,baxter,bookshelf_tall_both_arms_easy,6,0.048,6965,true,0.004074386,0.00006414,972,105
capt,baxter,bookshelf_tall_both_arms_easy,6,0.048,6965,true,0.00502387,0.006656147,972,105
kiddo,baxter,bookshelf_tall_both_arms_easy,6,0.048,6965,true,0.014217213,0.000177945,972,105
mvtable_simd,baxter,bookshelf_tall_both_arms_easy,6,0.048,6965,true,0.001875393,0.00014382,972,105
mvtable_mutable_simd,baxter,bookshelf_tall_both_arms_easy,6,0.048,6965,true,0.001864032,0.000206699,972,105
mvt_cpp_simd,baxter,bookshelf_tall_both_arms_easy,6,0.048,6965,true,0.002665388,0.000066766,972,105
capt_simd,baxter,bookshelf_tall_both_arms_easy,6,0.048,6965,true,0.003600505,0.006970037,972,105
primitive,baxter,bookshelf_tall_both_arms_easy,7,0.048,6975,true,0.032711904,0.000000511,139641,503
mvtable,baxter,bookshelf_tall_both_arms_easy,7,0.048,6975,true,0.009925118,0.000135785,7188,480
mvtable_mutable,baxter,bookshelf_tall_both_arms_easy,7,0.048,6975,true,0.009835531,0.000205396,7188,480
mvtable_cpp,baxter,bookshelf_tall_both_arms_easy,7,0.048,6975,true,0.035755794,0.000064401,7188,480
capt,baxter,bookshelf_tall_both_arms_easy,7,0.048,6975,true,0.021857559,0.006679391,7188,480
kiddo,baxter,bookshelf_tall_both_arms_easy,7,0.048,6975,true,0.0551958,0.000172704,7188,480
mvtable_simd,baxter,bookshelf_tall_both_arms_easy,7,0.048,6975,true,0.009401104,0.000134453,7188,480
mvtable_mutable_simd,baxter,bookshelf_tall_both_arms_easy,7,0.048,6975,true,0.00930817,0.000197752,7188,480
mvt_cpp_simd,baxter,bookshelf_tall_both_arms_easy,7,0.048,6975,true,0.023101387,0.00006382,7188,480
capt_simd,baxter,bookshelf_tall_both_arms_easy,7,0.048,6975,true,0.017581615,0.006969897,7188,480
primitive,baxter,bookshelf_tall_both_arms_easy,8,0.048,6971,true,0.012155259,0.00000042,24777,83
mvtable,baxter,bookshelf_tall_both_arms_easy,8,0.048,6971,true,0.005611594,0.000132278,6312,55
mvtable_mutable,baxter,bookshelf_tall_both_arms_easy,8,0.048,6971,true,0.005601745,0.000195848,6312,55
mvtable_cpp,baxter,bookshelf_tall_both_arms_easy,8,0.048,6971,true,0.026886318,0.000065172,6312,55
capt,baxter,bookshelf_tall_both_arms_easy,8,0.048,6971,true,0.012319357,0.006892882,6312,55
kiddo,baxter,bookshelf_tall_both_arms_easy,8,0.048,6971,true,0.019043021,0.000173827,6312,55
mvtable_simd,baxter,bookshelf_tall_both_arms_easy,8,0.048,6971,true,0.005713245,0.000139282,6312,55
mvtable_mutable_simd,baxter,bookshelf_tall_both_arms_easy,8,0.048,6971,true,0.00574794,0.000208612,6312,55
mvt_cpp_simd,baxter,bookshelf_tall_both_arms_easy,8,0.048,6971,true,0.020467688,0.000067457,6312,55
capt_simd,baxter,bookshelf_tall_both_arms_easy,8,0.048,6971,true,0.010557888,0.006996406,6312,55
primitive,baxter,bookshelf_tall_both_arms_easy,10,0.048,6969,true,0.001159438,0.00000047,1468,55
mvtable,baxter,bookshelf_tall_both_arms_easy,10,0.048,6969,true,0.001310993,0.000134002,1028,60
mvtable_mutable,baxter,bookshelf_tall_both_arms_easy,10,0.048,6969,true,0.001313318,0.00020227,1028,60
mvtable_cpp,baxter,bookshelf_tall_both_arms_easy,10,0.048,6969,true,0.001950856,0.000065954,1028,60
capt,baxter,bookshelf_tall_both_arms_easy,10,0.048,6969,true,0.002965882,0.006761575,1028,60
kiddo,baxter,bookshelf_tall_both_arms_easy,10,0.048,6969,true,0.007810316,0.000172153,1028,60
mvtable_simd,baxter,bookshelf_tall_both_arms_easy,10,0.048,6969,true,0.001225523,0.00013329,1028,60
mvtable_mutable_simd,baxter,bookshelf_tall_both_arms_easy,10,0.048,6969,true,0.00121314,0.000192391,1028,60
mvt_cpp_simd,baxter,bookshelf_tall_both_arms_easy,10,0.048,6969,true,0.001816784,0.000064331,1028,60
capt_simd,baxter,bookshelf_tall_both_arms_easy,10,0.048,6969,true,0.002256119,0.006816427,1028,60
primitive,baxter,bookshelf_tall_both_arms_easy,11,0.048,6970,true,0.006744783,0.00000039,12172,89
mvtable,baxter,bookshelf_tall_both_arms_easy,11,0.048,6970,true,0.006149625,0.000128431,7888,46
mvtable_mutable,baxter,bookshelf_tall_both_arms_easy,11,0.048,6970,true,0.006150837,0.000184357,7888,46
mvtable_cpp,baxter,bookshelf_tall_both_arms_easy,11,0.048,6970,true,0.010009587,0.000062999,7888,46
capt,baxter,bookshelf_tall_both_arms_easy,11,0.048,6970,true,0.015754091,0.006652039,7888,46
kiddo,baxter,bookshelf_tall_both_arms_easy,11,0.048,6970,true,0.025030782,0.000172965,7888,46
mvtable_simd,baxter,bookshelf_tall_both_arms_easy,11,0.048,6970,true,0.006041351,0.000136687,7888,46
mvtable_mutable_simd,baxter,bookshelf_tall_both_arms_easy,11,0.048,6970,true,0.006021254,0.000198723,7888,46
mvt_cpp_simd,baxter,bookshelf_tall_both_arms_easy,11,0.048,6970,true,0.008694707,0.000064461,7888,46
capt_simd,baxter,bookshelf_tall_both_arms_easy,11,0.048,6970,true,0.011558468,0.006984664,7888,46
primitive,baxter,bookshelf_tall_both_arms_easy,12,0.048,6977,true,0.001739608,0.000000371,1523,103
mvtable,baxter,bookshelf_tall_both_arms_easy,12,0.048,6977,true,0.001774364,0.000129153,1012,99
mvtable_mutable,baxter,bookshelf_tall_both_arms_easy,12,0.048,6977,true,0.001763534,0.000187622,1012,99
mvtable_cpp,baxter,bookshelf_tall_both_arms_easy,12,0.048,6977,true,0.005886762,0.000063369,1012,99
capt,baxter,bookshelf_tall_both_arms_easy,12,0.048,6977,true,0.004507369,0.006590503,1012,99
kiddo,baxter,bookshelf_tall_both_arms_easy,12,0.048,6977,true,0.012361637,0.000165841,1012,99
mvtable_simd,baxter,bookshelf_tall_both_arms_easy,12,0.048,6977,true,0.001615015,0.000132739,1012,99
mvtable_mutable_simd,baxter,bookshelf_tall_both_arms_easy,12,0.048,6977,true,0.001593494,0.000194055,1012,99
mvt_cpp_simd,baxter,bookshelf_tall_both_arms_easy,12,0.048,6977,true,0.003426648,0.0000638,1012,99
capt_simd,baxter,bookshelf_tall_both_arms_easy,12,0.048,6977,true,0.003292106,0.006751035,1012,99
primitive,baxter,bookshelf_tall_both_arms_easy,13,0.048,6956,true,0.003002041,0.000000351,4328,138
mvtable,baxter,bookshelf_tall_both_arms_easy,13,0.048,6956,true,0.002439032,0.000128582,2166,58
mvtable_mutable,baxter,bookshelf_tall_both_arms_easy,13,0.048,6956,true,0.002430317,0.000199204,2166,58
mvtable_cpp,baxter,bookshelf_tall_both_arms_easy,13,0.048,6956,true,0.00440685,0.000066325,2166,58
capt,baxter,bookshelf_tall_both_arms_easy,13,0.048,6956,true,0.005878145,0.006791811,2166,58
kiddo,baxter,bookshelf_tall_both_arms_easy,13,0.048,6956,true,0.014585826,0.0001703,2166,58
mvtable_simd,baxter,bookshelf_tall_both_arms_easy,13,0.048,6956,true,0.002298138,0.000133671,2166,58
mvtable_mutable_simd,baxter,bookshelf_tall_both_arms_easy,13,0.048,6956,true,0.002269284,0.000190819,2166,58
mvt_cpp_simd,baxter,bookshelf_tall_both_arms_easy,13,0.048,6956,true,0.003233786,0.00006389,2166,58
capt_simd,baxter,bookshelf_tall_both_arms_easy,13,0.048,6956,true,0.004652592,0.006776202,2166,58
primitive,baxter,bookshelf_tall_both_arms_easy,14,0.048,6962,true,0.007752016,0.000000311,31393,49
mvtable,baxter,bookshelf_tall_both_arms_easy,14,0.048,6962,true,0.002146253,0.000128652,2441,39
mvtable_mutable,baxter,bookshelf_tall_both_arms_easy,14,0.048,6962,true,0.002157154,0.000182613,2441,39
mvtable_cpp,baxter,bookshelf_tall_both_arms_easy,14,0.048,6962,true,0.010851329,0.000062377,2441,39
capt,baxter,bookshelf_tall_both_arms_easy,14,0.048,6962,true,0.005397682,0.006612404,2441,39
kiddo,baxter,bookshelf_tall_both_arms_easy,14,0.048,6962,true,0.008936822,0.000169678,2441,39
mvtable_simd,baxter,bookshelf_tall_both_arms_easy,14,0.048,6962,true,0.002083585,0.00013321,2441,39
mvtable_mutable_simd,baxter,bookshelf_tall_both_arms_easy,14,0.048,6962,true,0.002063707,0.000203592,2441,39
mvt_cpp_simd,baxter,bookshelf_tall_both_arms_easy,14,0.048,6962,true,0.006602757,0.000064892,2441,39
capt_simd,baxter,bookshelf_tall_both_arms_easy,14,0.048,6962,true,0.003895419,0.007007247,2441,39
primitive,baxter,bookshelf_tall_both_arms_easy,15,0.048,6964,true,0.00285794,0.000000341,3064,121
mvtable,baxter,bookshelf_tall_both_arms_easy,15,0.048,6964,true,0.003014204,0.000128812,1636,130
mvtable_mutable,baxter,bookshelf_tall_both_arms_easy,15,0.048,6964,true,0.002997031,0.000181521,1636,130
mvtable_cpp,baxter,bookshelf_tall_both_arms_easy,15,0.048,6964,true,0.005909474,0.000067788,1636,130
capt,baxter,bookshelf_tall_both_arms_easy,15,0.048,6964,true,0.007225246,0.006523547,1636,130
kiddo,baxter,bookshelf_tall_both_arms_easy,15,0.048,6964,true,0.018666623,0.000171362,1636,130
mvtable_simd,baxter,bookshelf_tall_both_arms_easy,15,0.048,6964,true,0.0027834,0.000130275,1636,130
mvtable_mutable_simd,baxter,bookshelf_tall_both_arms_easy,15,0.048,6964,true,0.002759576,0.000185298,1636,130
mvt_cpp_simd,baxter,bookshelf_tall_both_arms_easy,15,0.048,6964,true,0.003929494,0.000062147,1636,130
capt_simd,baxter,bookshelf_tall_both_arms_easy,15,0.048,6964,true,0.005159524,0.006717703,1636,130
primitive,baxter,bookshelf_tall_both_arms_easy,16,0.048,6959,true,0.001383008,0.000000341,983,100
mvtable,baxter,bookshelf_tall_both_arms_easy,16,0.048,6959,true,0.001030816,0.00013301,490,81
mvtable_mutable,baxter,bookshelf_tall_both_arms_easy,16,0.048,6959,true,0.001019816,0.000182673,490,81
mvtable_cpp,baxter,bookshelf_tall_both_arms_easy,16,0.048,6959,true,0.004153584,0.000061336,490,81
capt,baxter,bookshelf_tall_both_arms_easy,16,0.048,6959,true,0.002774473,0.006640157,490,81
kiddo,baxter,bookshelf_tall_both_arms_easy,16,0.048,6959,true,0.007395456,0.000167054,490,81
mvtable_simd,baxter,bookshelf_tall_both_arms_easy,16,0.048,6959,true,0.000957229,0.000131898,490,81
mvtable_mutable_simd,baxter,bookshelf_tall_both_arms_easy,16,0.048,6959,true,0.000939705,0.00019172,490,81
mvt_cpp_simd,baxter,bookshelf_tall_both_arms_easy,16,0.048,6959,true,0.002240941,0.000064772,490,81
capt_simd,baxter,bookshelf_tall_both_arms_easy,16,0.048,6959,true,0.001880623,0.006907429,490,81
primitive,baxter,bookshelf_tall_both_arms_easy,17,0.048,6967,true,0.019121068,0.000000291,30068,115
mvtable,baxter,bookshelf_tall_both_arms_easy,17,0.048,6967,true,0.001994047,0.00012782,1323,71
mvtable_mutable,baxter,bookshelf_tall_both_arms_easy,17,0.048,6967,true,0.001983657,0.000189155,1323,71
mvtable_cpp,baxter,bookshelf_tall_both_arms_easy,17,0.048,6967,true,0.005072701,0.000063218,1323,71
capt,baxter,bookshelf_tall_both_arms_easy,17,0.048,6967,true,0.005175395,0.006576036,1323,71
kiddo,baxter,bookshelf_tall_both_arms_easy,17,0.048,6967,true,0.01135162,0.000170831,1323,71
mvtable_simd,baxter,bookshelf_tall_both_arms_easy,17,0.048,6967,true,0.001896093,0.000131948,1323,71
mvtable_mutable_simd,baxter,bookshelf_tall_both_arms_easy,17,0.048,6967,true,0.001874893,0.000189085,1323,71
mvt_cpp_simd,baxter,bookshelf_tall_both_arms_easy,17,0.048,6967,true,0.003409046,0.000061686,1323,71
capt_simd,baxter,bookshelf_tall_both_arms_easy,17,0.048,6967,true,0.003802294,0.006719957,1323,71
primitive,baxter,bookshelf_tall_both_arms_easy,18,0.048,6952,true,0.002181459,0.000000411,2943,67
mvtable,baxter,bookshelf_tall_both_arms_easy,18,0.048,6952,true,0.003731882,0.000132659,1637,221
mvtable_mutable,baxter,bookshelf_tall_both_arms_easy,18,0.048,6952,true,0.003702086,0.00019165,1637,221
mvtable_cpp,baxter,bookshelf_tall_both_arms_easy,18,0.048,6952,true,0.011611778,0.000064131,1637,221
capt,baxter,bookshelf_tall_both_arms_easy,18,0.048,6952,true,0.009238819,0.006667869,1637,221
kiddo,baxter,bookshelf_tall_both_arms_easy,18,0.048,6952,true,0.024666297,0.000171211,1637,221
mvtable_simd,baxter,bookshelf_tall_both_arms_easy,18,0.048,6952,true,0.003421459,0.000130686,1637,221
mvtable_mutable_simd,baxter,bookshelf_tall_both_arms_easy,18,0.048,6952,true,0.003382596,0.000186411,1637,221
mvt_cpp_simd,baxter,bookshelf_tall_both_arms_easy,18,0.048,6952,true,0.006652129,0.000062428,1637,221
capt_simd,baxter,bookshelf_tall_both_arms_easy,18,0.048,6952,true,0.006550247,0.006677246,1637,221
primitive,baxter,bookshelf_tall_both_arms_easy,19,0.048,6976,true,0.00056927,0.000000471,433,47
mvtable,baxter,bookshelf_tall_both_arms_easy,19,0.048,6976,true,0.000699084,0.000131117,367,39
mvtable_mutable,baxter,bookshelf_tall_both_arms_easy,19,0.048,6976,true,0.000695487,0.00017566,367,39
mvtable_cpp,baxter,bookshelf_tall_both_arms_easy,19,0.048,6976,true,0.003072383,0.000060745,367,39
capt,baxter,bookshelf_tall_both_arms_easy,19,0.048,6976,true,0.001804952,0.006659382,367,39
kiddo,baxter,bookshelf_tall_both_arms_easy,19,0.048,6976,true,0.004554087,0.000172585,367,39
mvtable_simd,baxter,bookshelf_tall_both_arms_easy,19,0.048,6976,true,0.000643389,0.00013828,367,39
mvtable_mutable_simd,baxter,bookshelf_tall_both_arms_easy,19,0.048,6976,true,0.000641766,0.000198563,367,39
mvt_cpp_simd,baxter,bookshelf_tall_both_arms_easy,19,0.048,6976,true,0.00156431,0.000064962,367,39
capt_simd,baxter,bookshelf_tall_both_arms_easy,19,0.048,6976,true,0.001178314,0.006903341,367,39
primitive,baxter,bookshelf_tall_both_arms_easy,20,0.048,6974,true,0.00220287,0.000000411,1754,108
mvtable,baxter,bookshelf_tall_both_arms_easy,20,0.048,6974,true,0.003359001,0.000128832,1387,233
mvtable_mutable,baxter,bookshelf_tall_both_arms_easy,20,0.048,6974,true,0.003327492,0.000190357,1387,233
mvtable_cpp,baxter,bookshelf_tall_both_arms_easy,20,0.048,6974,true,0.012455213,0.000086422,1387,233
capt,baxter,bookshelf_tall_both_arms_easy,20,0.048,6974,true,0.007746596,0.0064345,1387,233
kiddo,baxter,bookshelf_tall_both_arms_easy,20,0.048,6974,true,0.023793077,0.000174217,1387,233
mvtable_simd,baxter,bookshelf_tall_both_arms_easy,20,0.048,6974,true,0.0030443,0.000135935,1387,233
mvtable_mutable_simd,baxter,bookshelf_tall_both_arms_easy,20,0.048,6974,true,0.003016217,0.000195327,1387,233
mvt_cpp_simd,baxter,bookshelf_tall_both_arms_easy,20,0.048,6974,true,0.007224645,0.000063499,1387,233
capt_simd,baxter,bookshelf_tall_both_arms_easy,20,0.048,6974,true,0.00597134,0.007125739,1387,233
primitive,baxter,bookshelf_tall_both_arms_easy,21,0.048,6967,true,0.012912652,0.000000461,57128,45
mvtable,baxter,bookshelf_tall_both_arms_easy,21,0.048,6967,true,0.004565548,0.000147577,4633,55
mvtable_mutable,baxter,bookshelf_tall_both_arms_easy,21,0.048,6967,true,0.004550029,0.00019679,4633,55
mvtable_cpp,baxter,bookshelf_tall_both_arms_easy,21,0.048,6967,true,0.022131815,0.000065072,4633,55
capt,baxter,bookshelf_tall_both_arms_easy,21,0.048,6967,true,0.010912625,0.006742259,4633,55
kiddo,baxter,bookshelf_tall_both_arms_easy,21,0.048,6967,true,0.018022433,0.000168336,4633,55
mvtable_simd,baxter,bookshelf_tall_both_arms_easy,21,0.048,6967,true,0.004535823,0.000132279,4633,55
mvtable_mutable_simd,baxter,bookshelf_tall_both_arms_easy,21,0.048,6967,true,0.004548185,0.000184717,4633,55
mvt_cpp_simd,baxter,bookshelf_tall_both_arms_easy,21,0.048,6967,true,0.015173601,0.00006916,4633,55
capt_simd,baxter,bookshelf_tall_both_arms_easy,21,0.048,6967,true,0.008495463,0.006946702,4633,55
primitive,baxter,bookshelf_tall_both_arms_easy,22,0.048,6977,true,0.001151454,0.000000431,1609,65
mvtable,baxter,bookshelf_tall_both_arms_easy,22,0.048,6977,true,0.002404257,0.000131327,1070,186
mvtable_mutable,baxter,bookshelf_tall_both_arms_easy,22,0.048,6977,true,0.002397645,0.000187432,1070,186
mvtable_cpp,baxter,bookshelf_tall_both_arms_easy,22,0.048,6977,true,0.008179589,0.000063138,1070,186
capt,baxter,bookshelf_tall_both_arms_easy,22,0.048,6977,true,0.005974586,0.006492159,1070,186
kiddo,baxter,bookshelf_tall_both_arms_easy,22,0.048,6977,true,0.018277533,0.000177574,1070,186
mvtable_simd,baxter,bookshelf_tall_both_arms_easy,22,0.048,6977,true,0.002132627,0.000132269,1070,186
mvtable_mutable_simd,baxter,bookshelf_tall_both_arms_easy,22,0.048,6977,true,0.002116136,0.000187152,1070,186
mvt_cpp_simd,baxter,bookshelf_tall_both_arms_easy,22,0.048,6977,true,0.004308255,0.000064371,1070,186
capt_simd,baxter,bookshelf_tall_both_arms_easy,22,0.048,6977,true,0.004277898,0.006820395,1070,186
primitive,baxter,bookshelf_tall_both_arms_easy,23,0.048,6963,true,0.00514153,0.000000501,13571,42
mvtable,baxter,bookshelf_tall_both_arms_easy,23,0.048,6963,true,0.00809985,0.00013281,4874,244
mvtable_mutable,baxter,bookshelf_tall_both_arms_easy,23,0.048,6963,true,0.0079884,0.000194265,4874,244
mvtable_cpp,baxter,bookshelf_tall_both_arms_easy,23,0.048,6963,true,0.022178002,0.000065132,4874,244
capt,baxter,bookshelf_tall_both_arms_easy,23,0.048,6963,true,0.017818891,0.006754071,4874,244
kiddo,baxter,bookshelf_tall_both_arms_easy,23,0.048,6963,true,0.03984085,0.000184035,4874,244
mvtable_simd,baxter,bookshelf_tall_both_arms_easy,23,0.048,6963,true,0.007665493,0.000140144,4874,244
mvtable_mutable_simd,baxter,bookshelf_tall_both_arms_easy,23,0.048,6963,true,0.007569162,0.000204033,4874,244
mvt_cpp_simd,baxter,bookshelf_tall_both_arms_easy,23,0.048,6963,true,0.014786042,0.000067987,4874,244
capt_simd,baxter,bookshelf_tall_both_arms_easy,23,0.048,6963,true,0.01435339,0.006905245,4874,244
primitive,baxter,bookshelf_tall_both_arms_easy,24,0.048,6967,true,0.033288187,0.000000421,71420,54
mvtable,baxter,bookshelf_tall_both_arms_easy,24,0.048,6967,true,0.017872993,0.000137609,17167,127
mvtable_mutable,baxter,bookshelf_tall_both_arms_easy,24,0.048,6967,true,0.018055866,0.000218971,17167,127
mvtable_cpp,baxter,bookshelf_tall_both_arms_easy,24,0.048,6967,true,0.026590323,0.000068439,17167,127
capt,baxter,bookshelf_tall_both_arms_easy,24,0.048,6967,true,0.035687485,0.006792412,17167,127
kiddo,baxter,bookshelf_tall_both_arms_easy,24,0.048,6967,true,0.0646366,0.000175028,17167,127
mvtable_simd,baxter,bookshelf_tall_both_arms_easy,24,0.048,6967,true,0.017615529,0.000137017,17167,127
mvtable_mutable_simd,baxter,bookshelf_tall_both_arms_easy,24,0.048,6967,true,0.017505282,0.000204915,17167,127
mvt_cpp_simd,baxter,bookshelf_tall_both_arms_easy,24,0.048,6967,true,0.023637223,0.00006946,17167,127
capt_simd,baxter,bookshelf_tall_both_arms_easy,24,0.048,6967,true,0.030781687,0.007011995,17167,127
primitive,baxter,bookshelf_tall_both_arms_easy,25,0.048,6971,true,0.054144946,0.000000351,107932,271
mvtable,baxter,bookshelf_tall_both_arms_easy,25,0.048,6971,true,0.041083224,0.000132399,59667,72
mvtable_mutable,baxter,bookshelf_tall_both_arms_easy,25,0.048,6971,true,0.041580338,0.000205396,59667,72
mvtable_cpp,baxter,bookshelf_tall_both_arms_easy,25,0.048,6971,true,0.129091759,0.000065693,59667,72
capt,baxter,bookshelf_tall_both_arms_easy,25,0.048,6971,true,0.071651209,0.00675895,59667,72
kiddo,baxter,bookshelf_tall_both_arms_easy,25,0.048,6971,true,0.118146042,0.00017039,59667,72
mvtable_simd,baxter,bookshelf_tall_both_arms_easy,25,0.048,6971,true,0.042149006,0.000137519,59667,72
mvtable_mutable_simd,baxter,bookshelf_tall_both_arms_easy,25,0.048,6971,true,0.042417801,0.00021301,59667,72
mvt_cpp_simd,baxter,bookshelf_tall_both_arms_easy,25,0.048,6971,true,0.114031421,0.000071104,59667,72
capt_simd,baxter,bookshelf_tall_both_arms_easy,25,0.048,6971,true,0.068458511,0.007048443,59667,72
primitive,baxter,bookshelf_tall_both_arms_easy,26,0.048,6964,true,0.004306803,0.000000421,11561,43
mvtable,baxter,bookshelf_tall_both_arms_easy,26,0.048,6964,true,0.003249065,0.000131197,3973,98
mvtable_mutable,baxter,bookshelf_tall_both_arms_easy,26,0.048,6964,true,0.003236401,0.00021822,3973,98
mvtable_cpp,baxter,bookshelf_tall_both_arms_easy,26,0.048,6964,true,0.005027125,0.000063379,3973,98
capt,baxter,bookshelf_tall_both_arms_easy,26,0.048,6964,true,0.007650836,0.006605912,3973,98
kiddo,baxter,bookshelf_tall_both_arms_easy,26,0.048,6964,true,0.015243983,0.000179908,3973,98
mvtable_simd,baxter,bookshelf_tall_both_arms_easy,26,0.048,6964,true,0.003241661,0.000137809,3973,98
mvtable_mutable_simd,baxter,bookshelf_tall_both_arms_easy,26,0.048,6964,true,0.003233335,0.00019694,3973,98
mvt_cpp_simd,baxter,bookshelf_tall_both_arms_easy,26,0.048,6964,true,0.00444916,0.000064491,3973,98
capt_simd,baxter,bookshelf_tall_both_arms_easy,26,0.048,6964,true,0.006236469,0.006924722,3973,98
primitive,baxter,bookshelf_tall_both_arms_easy,28,0.048,6983,true,0.002909126,0.000000331,3273,101
mvtable,baxter,bookshelf_tall_both_arms_easy,28,0.048,6983,true,0.003594444,0.000129984,3187,120
mvtable_mutable,baxter,bookshelf_tall_both_arms_easy,28,0.048,6983,true,0.003594354,0.000187643,3187,120
mvtable_cpp,baxter,bookshelf_tall_both_arms_easy,28,0.048,6983,true,0.014342159,0.000062237,3187,120
capt,baxter,bookshelf_tall_both_arms_easy,28,0.048,6983,true,0.009171974,0.006585464,3187,120
kiddo,baxter,bookshelf_tall_both_arms_easy,28,0.048,6983,true,0.017858425,0.000173787,3187,120
mvtable_simd,baxter,bookshelf_tall_both_arms_easy,28,0.048,6983,true,0.003509174,0.000136366,3187,120
mvtable_mutable_simd,baxter,bookshelf_tall_both_arms_easy,28,0.048,6983,true,0.003436487,0.000197982,3187,120
mvt_cpp_simd,baxter,bookshelf_tall_both_arms_easy,28,0.048,6983,true,0.009438845,0.000065614,3187,120
capt_simd,baxter,bookshelf_tall_both_arms_easy,28,0.048,6983,true,0.00657243,0.00698797,3187,120
primitive,baxter,bookshelf_tall_both_arms_easy,29,0.048,6966,true,0.003941586,0.000000311,3092,266
mvtable,baxter,bookshelf_tall_both_arms_easy,29,0.048,6966,true,0.001894239,0.000128692,1349,95
mvtable_mutable,baxter,bookshelf_tall_both_arms_easy,29,0.048,6966,true,0.001892487,0.000185749,1349,95
mvtable_cpp,baxter,bookshelf_tall_both_arms_easy,29,0.048,6966,true,0.007473382,0.000062026,1349,95
capt,baxter,bookshelf_tall_both_arms_easy,29,0.048,6966,true,0.004797385,0.006506606,1349,95
kiddo,baxter,bookshelf_tall_both_arms_easy,29,0.048,6966,true,0.011768954,0.000177594,1349,95
mvtable_simd,baxter,bookshelf_tall_both_arms_easy,29,0.048,6966,true,0.001758494,0.000132609,1349,95
mvtable_mutable_simd,baxter,bookshelf_tall_both_arms_easy,29,0.048,6966,true,0.001746001,0.000186941,1349,95
mvt_cpp_simd,baxter,bookshelf_tall_both_arms_easy,29,0.048,6966,true,0.004721621,0.000069039,1349,95
capt_simd,baxter,bookshelf_tall_both_arms_easy,29,0.048,6966,true,0.003587802,0.006842116,1349,95
primitive,baxter,bookshelf_tall_both_arms_easy,30,0.048,6964,true,0.002067845,0.000000451,1507,165
mvtable,baxter,bookshelf_tall_both_arms_easy,30,0.048,6964,true,0.00266625,0.000137137,1387,167
mvtable_mutable,baxter,bookshelf_tall_both_arms_easy,30,0.048,6964,true,0.002662894,0.000196229,1387,167
mvtable_cpp,baxter,bookshelf_tall_both_arms_easy,30,0.048,6964,true,0.010174487,0.000064471,1387,167
capt,baxter,bookshelf_tall_both_arms_easy,30,0.048,6964,true,0.006481639,0.006751346,1387,167
kiddo,baxter,bookshelf_tall_both_arms_easy,30,0.048,6964,true,0.016138964,0.000171703,1387,167
mvtable_simd,baxter,bookshelf_tall_both_arms_easy,30,0.048,6964,true,0.002515236,0.000131898,1387,167
mvtable_mutable_simd,baxter,bookshelf_tall_both_arms_easy,30,0.048,6964,true,0.002473789,0.000188424,1387,167
mvt_cpp_simd,baxter,bookshelf_tall_both_arms_easy,30,0.048,6964,true,0.005449649,0.00006379,1387,167
capt_simd,baxter,bookshelf_tall_both_arms_easy,30,0.048,6964,true,0.004596607,0.006789857,1387,167
primitive,baxter,bookshelf_tall_both_arms_easy,31,0.048,6976,true,0.002895601,0.00000033,2014,148
mvtable,baxter,bookshelf_tall_both_arms_easy,31,0.048,6976,true,0.002880433,0.000130576,1795,104
mvtable_mutable,baxter,bookshelf_tall_both_arms_easy,31,0.048,6976,true,0.002881585,0.000183554,1795,104
mvtable_cpp,baxter,bookshelf_tall_both_arms_easy,31,0.048,6976,true,0.006185823,0.000061205,1795,104
capt,baxter,bookshelf_tall_both_arms_easy,31,0.048,6976,true,0.006993861,0.006522816,1795,104
kiddo,baxter,bookshelf_tall_both_arms_easy,31,0.048,6976,true,0.014680374,0.000171562,1795,104
mvtable_simd,baxter,bookshelf_tall_both_arms_easy,31,0.048,6976,true,0.002738846,0.000134663,1795,104
mvtable_mutable_simd,baxter,bookshelf_tall_both_arms_easy,31,0.048,6976,true,0.00272521,0.000187983,1795,104
mvt_cpp_simd,baxter,bookshelf_tall_both_arms_easy,31,0.048,6976,true,0.004000677,0.000064862,1795,104
capt_simd,baxter,bookshelf_tall_both_arms_easy,31,0.048,6976,true,0.00498137,0.006932055,1795,104
primitive,baxter,bookshelf_tall_both_arms_easy,32,0.048,6971,true,0.001470493,0.000000301,1350,98
mvtable,baxter,bookshelf_tall_both_arms_easy,32,0.048,6971,true,0.001237726,0.000132719,695,72
mvtable_mutable,baxter,bookshelf_tall_both_arms_easy,32,0.048,6971,true,0.001235793,0.000187302,695,72
mvtable_cpp,baxter,bookshelf_tall_both_arms_easy,32,0.048,6971,true,0.001929576,0.000062147,695,72
capt,baxter,bookshelf_tall_both_arms_easy,32,0.048,6971,true,0.003046394,0.006507929,695,72
kiddo,baxter,bookshelf_tall_both_arms_easy,32,0.048,6971,true,0.008185991,0.000171011,695,72
mvtable_simd,baxter,bookshelf_tall_both_arms_easy,32,0.048,6971,true,0.001152094,0.000130265,695,72
mvtable_mutable_simd,baxter,bookshelf_tall_both_arms_easy,32,0.048,6971,true,0.001138961,0.000181742,695,72
mvt_cpp_simd,baxter,bookshelf_tall_both_arms_easy,32,0.048,6971,true,0.001401062,0.000063579,695,72
capt_simd,baxter,bookshelf_tall_both_arms_easy,32,0.048,6971,true,0.002131205,0.006754571,695,72
primitive,baxter,bookshelf_tall_both_arms_easy,33,0.048,6974,true,0.004458538,0.000000381,6548,46
mvtable,baxter,bookshelf_tall_both_arms_easy,33,0.048,6974,true,0.001570441,0.000131528,1356,38
mvtable_mutable,baxter,bookshelf_tall_both_arms_easy,33,0.048,6974,true,0.001581782,0.000180689,1356,38
mvtable_cpp,baxter,bookshelf_tall_both_arms_easy,33,0.048,6974,true,0.007877652,0.000062627,1356,38
capt,baxter,bookshelf_tall_both_arms_easy,33,0.048,6974,true,0.003572763,0.006648763,1356,38
kiddo,baxter,bookshelf_tall_both_arms_easy,33,0.048,6974,true,0.007697604,0.000183735,1356,38
mvtable_simd,baxter,bookshelf_tall_both_arms_easy,33,0.048,6974,true,0.001557737,0.000136336,1356,38
mvtable_mutable_simd,baxter,bookshelf_tall_both_arms_easy,33,0.048,6974,true,0.00154371,0.000200897,1356,38
mvt_cpp_simd,baxter,bookshelf_tall_both_arms_easy,33,0.048,6974,true,0.004863428,0.000065613,1356,38
capt_simd,baxter,bookshelf_tall_both_arms_easy,33,0.048,6974,true,0.002807786,0.006986507,1356,38
primitive,baxter,bookshelf_tall_both_arms_easy,34,0.048,6978,true,0.000569249,0.000000371,569,41
mvtable,baxter,bookshelf_tall_both_arms_easy,34,0.048,6978,true,0.000793582,0.000129724,398,58
mvtable_mutable,baxter,bookshelf_tall_both_arms_easy,34,0.048,6978,true,0.000781739,0.000183475,398,58
mvtable_cpp,baxter,bookshelf_tall_both_arms_easy,34,0.048,6978,true,0.001846159,0.00006381,398,58
capt,baxter,bookshelf_tall_both_arms_easy,34,0.048,6978,true,0.002097872,0.006513479,398,58
kiddo,baxter,bookshelf_tall_both_arms_easy,34,0.048,6978,true,0.005786513,0.000176292,398,58
mvtable_simd,baxter,bookshelf_tall_both_arms_easy,34,0.048,6978,true,0.000720323,0.000131828,398,58
mvtable_mutable_simd,baxter,bookshelf_tall_both_arms_easy,34,0.048,6978,true,0.000712839,0.000180279,398,58
mvt_cpp_simd,baxter,bookshelf_tall_both_arms_easy,34,0.048,6978,true,0.001183954,0.000061646,398,58
capt_simd,baxter,bookshelf_tall_both_arms_easy,34,0.048,6978,true,0.001399691,0.006787323,398,58
primitive,baxter,bookshelf_tall_both_arms_easy,36,0.048,6973,true,0.007293975,0.000000461,9047,97
mvtable,baxter,bookshelf_tall_both_arms_easy,36,0.048,6973,true,0.00218742,0.000129193,1129,86
mvtable_mutable,baxter,bookshelf_tall_both_arms_easy,36,0.048,6973,true,0.002183202,0.000184466,1129,86
mvtable_cpp,baxter,bookshelf_tall_both_arms_easy,36,0.048,6973,true,0.009709053,0.000063298,1129,86
capt,baxter,bookshelf_tall_both_arms_easy,36,0.048,6973,true,0.005816429,0.006749562,1129,86
kiddo,baxter,bookshelf_tall_both_arms_easy,36,0.048,6973,true,0.012502071,0.000172224,1129,86
mvtable_simd,baxter,bookshelf_tall_both_arms_easy,36,0.048,6973,true,0.002072544,0.000134362,1129,86
mvtable_mutable_simd,baxter,bookshelf_tall_both_arms_easy,36,0.048,6973,true,0.002055462,0.000188825,1129,86
mvt_cpp_simd,baxter,bookshelf_tall_both_arms_easy,36,0.048,6973,true,0.005338311,0.000065754,1129,86
capt_simd,baxter,bookshelf_tall_both_arms_easy,36,0.048,6973,true,0.003901801,0.006979634,1129,86
primitive,baxter,bookshelf_tall_both_arms_easy,38,0.048,6975,true,0.001648267,0.000000351,1877,62
mvtable,baxter,bookshelf_tall_both_arms_easy,38,0.048,6975,true,0.001816283,0.000133341,1099,84
mvtable_mutable,baxter,bookshelf_tall_both_arms_easy,38,0.048,6975,true,0.001801595,0.000181641,1099,84
mvtable_cpp,baxter,bookshelf_tall_both_arms_easy,38,0.048,6975,true,0.003936105,0.000060765,1099,84
capt,baxter,bookshelf_tall_both_arms_easy,38,0.048,6975,true,0.004631131,0.006585764,1099,84
kiddo,baxter,bookshelf_tall_both_arms_easy,38,0.048,6975,true,0.010756591,0.000174728,1099,84
mvtable_simd,baxter,bookshelf_tall_both_arms_easy,38,0.048,6975,true,0.001684836,0.000131767,1099,84
mvtable_mutable_simd,baxter,bookshelf_tall_both_arms_easy,38,0.048,6975,true,0.001680387,0.000186801,1099,84
mvt_cpp_simd,baxter,bookshelf_tall_both_arms_easy,38,0.048,6975,true,0.002600567,0.000066494,1099,84
capt_simd,baxter,bookshelf_tall_both_arms_easy,38,0.048,6975,true,0.003312565,0.007041611,1099,84
mvtable,baxter,bookshelf_tall_both_arms_easy,40,0.048,6966,true,0.007180963,0.000129924,5692,162
mvtable_mutable,baxter,bookshelf_tall_both_arms_easy,40,0.048,6966,true,0.007167908,0.000185208,5692,162
mvtable_cpp,baxter,bookshelf_tall_both_arms_easy,40,0.048,6966,true,0.028489541,0.000062146,5692,162
capt,baxter,bookshelf_tall_both_arms_easy,40,0.048,6966,true,0.015418901,0.00660486,5692,162
kiddo,baxter,bookshelf_tall_both_arms_easy,40,0.048,6966,true,0.030864643,0.000174728,5692,162
mvtable_simd,baxter,bookshelf_tall_both_arms_easy,40,0.048,6966,true,0.007009431,0.000138781,5692,162
mvtable_mutable_simd,baxter,bookshelf_tall_both_arms_easy,40,0.048,6966,true,0.006979454,0.000200727,5692,162
mvt_cpp_simd,baxter,bookshelf_tall_both_arms_easy,40,0.048,6966,true,0.01960095,0.000064812,5692,162
capt_simd,baxter,bookshelf_tall_both_arms_easy,40,0.048,6966,true,0.012580158,0.006948776,5692,162
primitive,baxter,bookshelf_tall_both_arms_easy,41,0.048,6973,true,0.002604093,0.000000451,2699,101
mvtable,baxter,bookshelf_tall_both_arms_easy,41,0.048,6973,true,0.003407502,0.000128452,2245,132
mvtable_mutable,baxter,bookshelf_tall_both_arms_easy,41,0.048,6973,true,0.003402614,0.000189606,2245,132
mvtable_cpp,baxter,bookshelf_tall_both_arms_easy,41,0.048,6973,true,0.016828831,0.000063209,2245,132
capt,baxter,bookshelf_tall_both_arms_easy,41,0.048,6973,true,0.008511843,0.006621592,2245,132
kiddo,baxter,bookshelf_tall_both_arms_easy,41,0.048,6973,true,0.017713012,0.000170801,2245,132
mvtable_simd,baxter,bookshelf_tall_both_arms_easy,41,0.048,6973,true,0.003281626,0.000138911,2245,132
mvtable_mutable_simd,baxter,bookshelf_tall_both_arms_easy,41,0.048,6973,true,0.003264654,0.000205295,2245,132
mvt_cpp_simd,baxter,bookshelf_tall_both_arms_easy,41,0.048,6973,true,0.009469212,0.000067467,2245,132
capt_simd,baxter,bookshelf_tall_both_arms_easy,41,0.048,6973,true,0.006135488,0.007000634,2245,132
primitive,baxter,bookshelf_tall_both_arms_easy,42,0.048,6953,true,0.002974309,0.000000331,2987,119
mvtable,baxter,bookshelf_tall_both_arms_easy,42,0.048,6953,true,0.001308178,0.000128552,727,65
mvtable_mutable,baxter,bookshelf_tall_both_arms_easy,42,0.048,6953,true,0.001301736,0.000191701,727,65
mvtable_cpp,baxter,bookshelf_tall_both_arms_easy,42,0.048,6953,true,0.006789798,0.000064201,727,65
capt,baxter,bookshelf_tall_both_arms_easy,42,0.048,6953,true,0.003341048,0.006614428,727,65
kiddo,baxter,bookshelf_tall_both_arms_easy,42,0.048,6953,true,0.008623813,0.000173175,727,65
mvtable_simd,baxter,bookshelf_tall_both_arms_easy,42,0.048,6953,true,0.001217207,0.000130626,727,65
mvtable_mutable_simd,baxter,bookshelf_tall_both_arms_easy,42,0.048,6953,true,0.001201327,0.000190679,727,65
mvt_cpp_simd,baxter,bookshelf_tall_both_arms_easy,42,0.048,6953,true,0.003473837,0.000062848,727,65
capt_simd,baxter,bookshelf_tall_both_arms_easy,42,0.048,6953,true,0.002383709,0.006723463,727,65
primitive,baxter,bookshelf_tall_both_arms_easy,44,0.048,6969,true,0.00170872,0.000000471,3187,46
mvtable,baxter,bookshelf_tall_both_arms_easy,44,0.048,6969,true,0.000896084,0.000131176,474,64
mvtable_mutable,baxter,bookshelf_tall_both_arms_easy,44,0.048,6969,true,0.000885023,0.00018088,474,64
mvtable_cpp,baxter,bookshelf_tall_both_arms_easy,44,0.048,6969,true,0.004860413,0.000060844,474,64
capt,baxter,bookshelf_tall_both_arms_easy,44,0.048,6969,true,0.00253354,0.006749122,474,64
kiddo,baxter,bookshelf_tall_both_arms_easy,44,0.048,6969,true,0.006598178,0.000174578,474,64
mvtable_simd,baxter,bookshelf_tall_both_arms_easy,44,0.048,6969,true,0.000818557,0.000137127,474,64
mvtable_mutable_simd,baxter,bookshelf_tall_both_arms_easy,44,0.048,6969,true,0.000811735,0.000195226,474,64
mvt_cpp_simd,baxter,bookshelf_tall_both_arms_easy,44,0.048,6969,true,0.002250749,0.000065653,474,64
capt_simd,baxter,bookshelf_tall_both_arms_easy,44,0.048,6969,true,0.001639811,0.006797042,474,64
primitive,baxter,bookshelf_tall_both_arms_easy,46,0.048,6966,true,0.003393857,0.000000471,1104,274
mvtable,baxter,bookshelf_tall_both_arms_easy,46,0.048,6966,true,0.003174515,0.00013311,1034,227
mvtable_mutable,baxter,bookshelf_tall_both_arms_easy,46,0.048,6966,true,0.003142595,0.000183554,1034,227
mvtable_cpp,baxter,bookshelf_tall_both_arms_easy,46,0.048,6966,true,0.004449952,0.000060594,1034,227
capt,baxter,bookshelf_tall_both_arms_easy,46,0.048,6966,true,0.007856161,0.006453496,1034,227
kiddo,baxter,bookshelf_tall_both_arms_easy,46,0.048,6966,true,0.024280513,0.000173336,1034,227
mvtable_simd,baxter,bookshelf_tall_both_arms_easy,46,0.048,6966,true,0.002806874,0.000139081,1034,227
mvtable_mutable_simd,baxter,bookshelf_tall_both_arms_easy,46,0.048,6966,true,0.002756269,0.000204995,1034,227
mvt_cpp_simd,baxter,bookshelf_tall_both_arms_easy,46,0.048,6966,true,0.00342199,0.000065684,1034,227
capt_simd,baxter,bookshelf_tall_both_arms_easy,46,0.048,6966,true,0.005606464,0.006930121,1034,227
primitive,baxter,bookshelf_tall_both_arms_easy,48,0.048,6973,true,0.001306285,0.00000026,1115,76
mvtable,baxter,bookshelf_tall_both_arms_easy,48,0.048,6973,true,0.004529641,0.000133782,2569,163
mvtable_mutable,baxter,bookshelf_tall_both_arms_easy,48,0.048,6973,true,0.004495387,0.000181962,2569,163
mvtable_cpp,baxter,bookshelf_tall_both_arms_easy,48,0.048,6973,true,0.017667116,0.000061817,2569,163
capt,baxter,bookshelf_tall_both_arms_easy,48,0.048,6973,true,0.011129292,0.006532815,2569,163
kiddo,baxter,bookshelf_tall_both_arms_easy,48,0.048,6973,true,0.022216153,0.000171753,2569,163
mvtable_simd,baxter,bookshelf_tall_both_arms_easy,48,0.048,6973,true,0.004327271,0.00013834,2569,163
mvtable_mutable_simd,baxter,bookshelf_tall_both_arms_easy,48,0.048,6973,true,0.004256358,0.000202049,2569,163
mvt_cpp_simd,baxter,bookshelf_tall_both_arms_easy,48,0.048,6973,true,0.010596982,0.000074651,2569,163
capt_simd,baxter,bookshelf_tall_both_arms_easy,48,0.048,6973,true,0.007794817,0.007062219,2569,163
primitive,baxter,bookshelf_tall_both_arms_easy,49,0.048,6975,true,0.008351152,0.000000341,15362,89
mvtable,baxter,bookshelf_tall_both_arms_easy,49,0.048,6975,true,0.003589835,0.000129985,3105,90
mvtable_mutable,baxter,bookshelf_tall_both_arms_easy,49,0.048,6975,true,0.003599183,0.000192101,3105,90
mvtable_cpp,baxter,bookshelf_tall_both_arms_easy,49,0.048,6975,true,0.006248231,0.000063309,3105,90
capt,baxter,bookshelf_tall_both_arms_easy,49,0.048,6975,true,0.00846739,0.006547162,3105,90
kiddo,baxter,bookshelf_tall_both_arms_easy,49,0.048,6975,true,0.015830686,0.000170009,3105,90
mvtable_simd,baxter,bookshelf_tall_both_arms_easy,49,0.048,6975,true,0.003534882,0.000133871,3105,90
mvtable_mutable_simd,baxter,bookshelf_tall_both_arms_easy,49,0.048,6975,true,0.003503773,0.000194756,3105,90
mvt_cpp_simd,baxter,bookshelf_tall_both_arms_easy,49,0.048,6975,true,0.005102337,0.000063059,3105,90
capt_simd,baxter,bookshelf_tall_both_arms_easy,49,0.048,6975,true,0.006612345,0.006941413,3105,90
primitive,baxter,bookshelf_tall_both_arms_easy,50,0.048,6969,true,0.011231233,0.00000042,17387,65
mvtable,baxter,bookshelf_tall_both_arms_easy,50,0.048,6969,true,0.009516301,0.000133471,8003,110
mvtable_mutable,baxter,bookshelf_tall_both_arms_easy,50,0.048,6969,true,0.009536509,0.000190228,8003,110
mvtable_cpp,baxter,bookshelf_tall_both_arms_easy,50,0.048,6969,true,0.04662666,0.000075241,8003,110
capt,baxter,bookshelf_tall_both_arms_easy,50,0.048,6969,true,0.022438331,0.006757687,8003,110
kiddo,baxter,bookshelf_tall_both_arms_easy,50,0.048,6969,true,0.042503563,0.000211066,8003,110
mvtable_simd,baxter,bookshelf_tall_both_arms_easy,50,0.048,6969,true,0.009220185,0.000133731,8003,110
mvtable_mutable_simd,baxter,bookshelf_tall_both_arms_easy,50,0.048,6969,true,0.009214253,0.000200076,8003,110
mvt_cpp_simd,baxter,bookshelf_tall_both_arms_easy,50,0.048,6969,true,0.032344936,0.000065614,8003,110
capt_simd,baxter,bookshelf_tall_both_arms_easy,50,0.048,6969,true,0.018032903,0.006896638,8003,110
primitive,baxter,bookshelf_tall_both_arms_hard,1,0.048,6969,true,0.012905229,0.000000241,38023,192
mvtable,baxter,bookshelf_tall_both_arms_hard,1,0.048,6969,true,0.018309773,0.000126899,20421,212
mvtable_mutable,baxter,bookshelf_tall_both_arms_hard,1,0.048,6969,true,0.018367963,0.000179437,20421,212
mvtable_cpp,baxter,bookshelf_tall_both_arms_hard,1,0.048,6969,true,0.064150396,0.000063309,20421,212
capt,baxter,bookshelf_tall_both_arms_hard,1,0.048,6969,true,0.038148299,0.007002417,20421,212
kiddo,baxter,bookshelf_tall_both_arms_hard,1,0.048,6969,true,0.060272951,0.00018075,20421,212
mvtable_simd,baxter,bookshelf_tall_both_arms_hard,1,0.048,6969,true,0.019166082,0.000136517,20421,212
mvtable_mutable_simd,baxter,bookshelf_tall_both_arms_hard,1,0.048,6969,true,0.018903008,0.000272332,20421,212
mvt_cpp_simd,baxter,bookshelf_tall_both_arms_hard,1,0.048,6969,true,0.056511923,0.00006929,20421,212
capt_simd,baxter,bookshelf_tall_both_arms_hard,1,0.048,6969,true,0.034893924,0.006974024,20421,212
primitive,baxter,bookshelf_tall_both_arms_hard,2,0.048,6974,true,0.00155921,0.000000411,1217,130
mvtable,baxter,bookshelf_tall_both_arms_hard,2,0.048,6974,true,0.000980252,0.000130044,321,84
mvtable_mutable,baxter,bookshelf_tall_both_arms_hard,2,0.048,6974,true,0.000966035,0.000204845,321,84
mvtable_cpp,baxter,bookshelf_tall_both_arms_hard,2,0.048,6974,true,0.001829819,0.000062517,321,84
capt,baxter,bookshelf_tall_both_arms_hard,2,0.048,6974,true,0.002498004,0.006679581,321,84
kiddo,baxter,bookshelf_tall_both_arms_hard,2,0.048,6974,true,0.008040317,0.000177213,321,84
mvtable_simd,baxter,bookshelf_tall_both_arms_hard,2,0.048,6974,true,0.000871698,0.000132729,321,84
mvtable_mutable_simd,baxter,bookshelf_tall_both_arms_hard,2,0.048,6974,true,0.00086783,0.000190107,321,84
mvt_cpp_simd,baxter,bookshelf_tall_both_arms_hard,2,0.048,6974,true,0.00110198,0.000061325,321,84
capt_simd,baxter,bookshelf_tall_both_arms_hard,2,0.048,6974,true,0.001733697,0.006691022,321,84
primitive,baxter,bookshelf_tall_both_arms_hard,6,0.048,6966,true,0.001895642,0.000000782,5546,28
mvtable,baxter,bookshelf_tall_both_arms_hard,6,0.048,6966,true,0.001265097,0.000134613,1333,51
mvtable_mutable,baxter,bookshelf_tall_both_arms_hard,6,0.048,6966,true,0.001268624,0.000192521,1333,51
mvtable_cpp,baxter,bookshelf_tall_both_arms_hard,6,0.048,6966,true,0.002617248,0.000061415,1333,51
capt,baxter,bookshelf_tall_both_arms_hard,6,0.048,6966,true,0.002807796,0.006462703,1333,51
kiddo,baxter,bookshelf_tall_both_arms_hard,6,0.048,6966,true,0.006773036,0.000176712,1333,51
mvtable_simd,baxter,bookshelf_tall_both_arms_hard,6,0.048,6966,true,0.001187922,0.000136887,1333,51
mvtable_mutable_simd,baxter,bookshelf_tall_both_arms_hard,6,0.048,6966,true,0.001192931,0.000208462,1333,51
mvt_cpp_simd,baxter,bookshelf_tall_both_arms_hard,6,0.048,6966,true,0.001967978,0.000065833,1333,51
capt_simd,baxter,bookshelf_tall_both_arms_hard,6,0.048,6966,true,0.002158145,0.006995304,1333,51
primitive,baxter,bookshelf_tall_both_arms_hard,7,0.048,6969,true,0.037506353,0.000000461,46794,70
mvtable,baxter,bookshelf_tall_both_arms_hard,7,0.048,6969,true,0.015288907,0.000133962,23649,50
mvtable_mutable,baxter,bookshelf_tall_both_arms_hard,7,0.048,6969,true,0.015289318,0.000205326,23649,50
mvtable_cpp,baxter,bookshelf_tall_both_arms_hard,7,0.048,6969,true,0.073564204,0.000062678,23649,50
capt,baxter,bookshelf_tall_both_arms_hard,7,0.048,6969,true,0.032958077,0.006722731,23649,50
kiddo,baxter,bookshelf_tall_both_arms_hard,7,0.048,6969,true,0.058263616,0.000175119,23649,50
mvtable_simd,baxter,bookshelf_tall_both_arms_hard,7,0.048,6969,true,0.015373366,0.000134703,23649,50
mvtable_mutable_simd,baxter,bookshelf_tall_both_arms_hard,7,0.048,6969,true,0.015176526,0.000204454,23649,50
mvt_cpp_simd,baxter,bookshelf_tall_both_arms_hard,7,0.048,6969,true,0.057093306,0.000079188,23649,50
capt_simd,baxter,bookshelf_tall_both_arms_hard,7,0.048,6969,true,0.02866468,0.006910394,23649,50
primitive,baxter,bookshelf_tall_both_arms_hard,8,0.048,6970,true,0.000944565,0.000000421,818,44
mvtable,baxter,bookshelf_tall_both_arms_hard,8,0.048,6970,true,0.000593716,0.000131728,306,33
mvtable_mutable,baxter,bookshelf_tall_both_arms_hard,8,0.048,6970,true,0.000584929,0.000203202,306,33
mvtable_cpp,baxter,bookshelf_tall_both_arms_hard,8,0.048,6970,true,0.00288971,0.000065373,306,33
capt,baxter,bookshelf_tall_both_arms_hard,8,0.048,6970,true,0.001457759,0.00680142,306,33
kiddo,baxter,bookshelf_tall_both_arms_hard,8,0.048,6970,true,0.004428441,0.000180039,306,33
mvtable_simd,baxter,bookshelf_tall_both_arms_hard,8,0.048,6970,true,0.000525137,0.000130916,306,33
mvtable_mutable_simd,baxter,bookshelf_tall_both_arms_hard,8,0.048,6970,true,0.00052178,0.000186169,306,33
mvt_cpp_simd,baxter,bookshelf_tall_both_arms_hard,8,0.048,6970,true,0.001517111,0.000062388,306,33
capt_simd,baxter,bookshelf_tall_both_arms_hard,8,0.048,6970,true,0.001069179,0.006750153,306,33
primitive,baxter,bookshelf_tall_both_arms_hard,9,0.048,6976,true,0.0083766,0.000000331,17181,104
mvtable,baxter,bookshelf_tall_both_arms_hard,9,0.048,6976,true,0.006951793,0.000134773,7103,44
mvtable_mutable,baxter,bookshelf_tall_both_arms_hard,9,0.048,6976,true,0.007013788,0.00019172,7103,44
mvtable_cpp,baxter,bookshelf_tall_both_arms_hard,9,0.048,6976,true,0.030955604,0.000060764,7103,44
capt,baxter,bookshelf_tall_both_arms_hard,9,0.048,6976,true,0.017695068,0.006637281,7103,44
kiddo,baxter,bookshelf_tall_both_arms_hard,9,0.048,6976,true,0.025715789,0.000178806,7103,44
mvtable_simd,baxter,bookshelf_tall_both_arms_hard,9,0.048,6976,true,0.006928258,0.000138801,7103,44
mvtable_mutable_simd,baxter,bookshelf_tall_both_arms_hard,9,0.048,6976,true,0.006944679,0.000208141,7103,44
mvt_cpp_simd,baxter,bookshelf_tall_both_arms_hard,9,0.048,6976,true,0.022521017,0.00006387,7103,44
capt_simd,baxter,bookshelf_tall_both_arms_hard,9,0.048,6976,true,0.014083141,0.006984974,7103,44
primitive,baxter,bookshelf_tall_both_arms_hard,13,0.048,6966,true,0.002425688,0.000000521,2974,111
mvtable,baxter,bookshelf_tall_both_arms_hard,13,0.048,6966,true,0.002893968,0.000129734,1719,159
mvtable_mutable,baxter,bookshelf_tall_both_arms_hard,13,0.048,6966,true,0.002869371,0.000185919,1719,159
mvtable_cpp,baxter,bookshelf_tall_both_arms_hard,13,0.048,6966,true,0.006775952,0.000062016,1719,159
capt,baxter,bookshelf_tall_both_arms_hard,13,0.048,6966,true,0.006787213,0.006484685,1719,159
kiddo,baxter,bookshelf_tall_both_arms_hard,13,0.048,6966,true,0.018393481,0.000174758,1719,159
mvtable_simd,baxter,bookshelf_tall_both_arms_hard,13,0.048,6966,true,0.00270898,0.000134412,1719,159
mvtable_mutable_simd,baxter,bookshelf_tall_both_arms_hard,13,0.048,6966,true,0.002677722,0.000206037,1719,159
mvt_cpp_simd,baxter,bookshelf_tall_both_arms_hard,13,0.048,6966,true,0.004375321,0.000066996,1719,159
capt_simd,baxter,bookshelf_tall_both_arms_hard,13,0.048,6966,true,0.00510928,0.006855551,1719,159
primitive,baxter,bookshelf_tall_both_arms_hard,14,0.048,6967,true,0.004009404,0.000000381,3167,227
mvtable,baxter,bookshelf_tall_both_arms_hard,14,0.048,6967,true,0.001897906,0.000130425,1051,109
mvtable_mutable,baxter,bookshelf_tall_both_arms_hard,14,0.048,6967,true,0.001892386,0.000196179,1051,109
mvtable_cpp,baxter,bookshelf_tall_both_arms_hard,14,0.048,6967,true,0.006817109,0.000061716,1051,109
capt,baxter,bookshelf_tall_both_arms_hard,14,0.048,6967,true,0.004211764,0.006624627,1051,109
kiddo,baxter,bookshelf_tall_both_arms_hard,14,0.048,6967,true,0.013115533,0.000171051,1051,109
mvtable_simd,baxter,bookshelf_tall_both_arms_hard,14,0.048,6967,true,0.001763123,0.000139152,1051,109
mvtable_mutable_simd,baxter,bookshelf_tall_both_arms_hard,14,0.048,6967,true,0.001746701,0.000205005,1051,109
mvt_cpp_simd,baxter,bookshelf_tall_both_arms_hard,14,0.048,6967,true,0.004101206,0.000064531,1051,109
capt_simd,baxter,bookshelf_tall_both_arms_hard,14,0.048,6967,true,0.003318676,0.007066969,1051,109
primitive,baxter,bookshelf_tall_both_arms_hard,15,0.048,6971,true,0.000817106,0.00000033,1741,32
mvtable,baxter,bookshelf_tall_both_arms_hard,15,0.048,6971,true,0.003382646,0.00013275,1026,291
mvtable_mutable,baxter,bookshelf_tall_both_arms_hard,15,0.048,6971,true,0.003336489,0.000186761,1026,291
mvtable_cpp,baxter,bookshelf_tall_both_arms_hard,15,0.048,6971,true,0.007983731,0.000065153,1026,291
capt,baxter,bookshelf_tall_both_arms_hard,15,0.048,6971,true,0.008002847,0.00658896,1026,291
kiddo,baxter,bookshelf_tall_both_arms_hard,15,0.048,6971,true,0.027294345,0.000166894,1026,291
mvtable_simd,baxter,bookshelf_tall_both_arms_hard,15,0.048,6971,true,0.002942489,0.000134983,1026,291
mvtable_mutable_simd,baxter,bookshelf_tall_both_arms_hard,15,0.048,6971,true,0.002906311,0.000206578,1026,291
mvt_cpp_simd,baxter,bookshelf_tall_both_arms_hard,15,0.048,6971,true,0.005163041,0.000065683,1026,291
capt_simd,baxter,bookshelf_tall_both_arms_hard,15,0.048,6971,true,0.00599815,0.006911266,1026,291
primitive,baxter,bookshelf_tall_both_arms_hard,17,0.048,6963,true,0.002369242,0.000000471,2198,132
mvtable,baxter,bookshelf_tall_both_arms_hard,17,0.048,6963,true,0.002494517,0.000135334,1385,140
mvtable_mutable,baxter,bookshelf_tall_both_arms_hard,17,0.048,6963,true,0.002501831,0.000201318,1385,140
mvtable_cpp,baxter,bookshelf_tall_both_arms_hard,17,0.048,6963,true,0.01219834,0.000065363,1385,140
capt,baxter,bookshelf_tall_both_arms_hard,17,0.048,6963,true,0.006555157,0.006658161,1385,140
kiddo,baxter,bookshelf_tall_both_arms_hard,17,0.048,6963,true,0.015536413,0.000177293,1385,140
mvtable_simd,baxter,bookshelf_tall_both_arms_hard,17,0.048,6963,true,0.002342461,0.000137118,1385,140
mvtable_mutable_simd,baxter,bookshelf_tall_both_arms_hard,17,0.048,6963,true,0.002310832,0.000194135,1385,140
mvt_cpp_simd,baxter,bookshelf_tall_both_arms_hard,17,0.048,6963,true,0.005718936,0.000064612,1385,140
capt_simd,baxter,bookshelf_tall_both_arms_hard,17,0.048,6963,true,0.004355884,0.006827238,1385,140
primitive,baxter,bookshelf_tall_both_arms_hard,18,0.048,6967,true,0.002101199,0.000000721,3099,75
mvtable,baxter,bookshelf_tall_both_arms_hard,18,0.048,6967,true,0.003087661,0.000133091,1913,146
mvtable_mutable,baxter,bookshelf_tall_both_arms_hard,18,0.048,6967,true,0.003093332,0.000204444,1913,146
mvtable_cpp,baxter,bookshelf_tall_both_arms_hard,18,0.048,6967,true,0.010143159,0.0000639,1913,146
capt,baxter,bookshelf_tall_both_arms_hard,18,0.048,6967,true,0.007683437,0.006869307,1913,146
kiddo,baxter,bookshelf_tall_both_arms_hard,18,0.048,6967,true,0.017709265,0.000174668,1913,146
mvtable_simd,baxter,bookshelf_tall_both_arms_hard,18,0.048,6967,true,0.002926038,0.000136316,1913,146
mvtable_mutable_simd,baxter,bookshelf_tall_both_arms_hard,18,0.048,6967,true,0.00287937,0.000199314,1913,146
mvt_cpp_simd,baxter,bookshelf_tall_both_arms_hard,18,0.048,6967,true,0.005826919,0.000064321,1913,146
capt_simd,baxter,bookshelf_tall_both_arms_hard,18,0.048,6967,true,0.005275433,0.007062921,1913,146
primitive,baxter,bookshelf_tall_both_arms_hard,20,0.048,6977,true,0.006385818,0.000000361,3097,358
mvtable,baxter,bookshelf_tall_both_arms_hard,20,0.048,6977,true,0.0021604,0.000131527,880,143
mvtable_mutable,baxter,bookshelf_tall_both_arms_hard,20,0.048,6977,true,0.002153677,0.000188564,880,143
mvtable_cpp,baxter,bookshelf_tall_both_arms_hard,20,0.048,6977,true,0.008409611,0.000062006,880,143
capt,baxter,bookshelf_tall_both_arms_hard,20,0.048,6977,true,0.005573031,0.006789137,880,143
kiddo,baxter,bookshelf_tall_both_arms_hard,20,0.048,6977,true,0.017234503,0.000173586,880,143
mvtable_simd,baxter,bookshelf_tall_both_arms_hard,20,0.048,6977,true,0.001921841,0.000136256,880,143
mvtable_mutable_simd,baxter,bookshelf_tall_both_arms_hard,20,0.048,6977,true,0.001901292,0.000201399,880,143
mvt_cpp_simd,baxter,bookshelf_tall_both_arms_hard,20,0.048,6977,true,0.004259874,0.00006378,880,143
capt_simd,baxter,bookshelf_tall_both_arms_hard,20,0.048,6977,true,0.003944431,0.00687078,880,143
primitive,baxter,bookshelf_tall_both_arms_hard,21,0.048,6971,true,0.002772189,0.000000371,1936,131
mvtable,baxter,bookshelf_tall_both_arms_hard,21,0.048,6971,true,0.001408847,0.000129623,797,73
mvtable_mutable,baxter,bookshelf_tall_both_arms_hard,21,0.048,6971,true,0.001416302,0.00019137,797,73
mvtable_cpp,baxter,bookshelf_tall_both_arms_hard,21,0.048,6971,true,0.005846285,0.000064622,797,73
capt,baxter,bookshelf_tall_both_arms_hard,21,0.048,6971,true,0.003676869,0.006636109,797,73
kiddo,baxter,bookshelf_tall_both_arms_hard,21,0.048,6971,true,0.00957965,0.000172845,797,73
mvtable_simd,baxter,bookshelf_tall_both_arms_hard,21,0.048,6971,true,0.001293962,0.000134322,797,73
mvtable_mutable_simd,baxter,bookshelf_tall_both_arms_hard,21,0.048,6971,true,0.001281558,0.000186029,797,73
mvt_cpp_simd,baxter,bookshelf_tall_both_arms_hard,21,0.048,6971,true,0.003216043,0.000073078,797,73
capt_simd,baxter,bookshelf_tall_both_arms_hard,21,0.048,6971,true,0.002599755,0.006714226,797,73
primitive,baxter,bookshelf_tall_both_arms_hard,22,0.048,6967,true,0.003179744,0.000000651,4016,133
mvtable,baxter,bookshelf_tall_both_arms_hard,22,0.048,6967,true,0.002971954,0.0001331,1711,124
mvtable_mutable,baxter,bookshelf_tall_both_arms_hard,22,0.048,6967,true,0.003002641,0.000204625,1711,124
mvtable_cpp,baxter,bookshelf_tall_both_arms_hard,22,0.048,6967,true,0.0069453,0.000066655,1711,124
capt,baxter,bookshelf_tall_both_arms_hard,22,0.048,6967,true,0.006875389,0.006848688,1711,124
kiddo,baxter,bookshelf_tall_both_arms_hard,22,0.048,6967,true,0.016747889,0.000173646,1711,124
mvtable_simd,baxter,bookshelf_tall_both_arms_hard,22,0.048,6967,true,0.002779322,0.000132499,1711,124
mvtable_mutable_simd,baxter,bookshelf_tall_both_arms_hard,22,0.048,6967,true,0.002747052,0.000195277,1711,124
mvt_cpp_simd,baxter,bookshelf_tall_both_arms_hard,22,0.048,6967,true,0.004748733,0.000063479,1711,124
capt_simd,baxter,bookshelf_tall_both_arms_hard,22,0.048,6967,true,0.005080516,0.006931594,1711,124
primitive,baxter,bookshelf_tall_both_arms_hard,23,0.048,6961,true,0.075693906,0.000000411,316642,64
mvtable,baxter,bookshelf_tall_both_arms_hard,23,0.048,6961,true,0.005105803,0.000139352,4246,65
mvtable_mutable,baxter,bookshelf_tall_both_arms_hard,23,0.048,6961,true,0.005091316,0.000201608,4246,65
mvtable_cpp,baxter,bookshelf_tall_both_arms_hard,23,0.048,6961,true,0.014494525,0.000065934,4246,65
capt,baxter,bookshelf_tall_both_arms_hard,23,0.048,6961,true,0.011233117,0.006877913,4246,65
kiddo,baxter,bookshelf_tall_both_arms_hard,23,0.048,6961,true,0.026213804,0.000175981,4246,65
mvtable_simd,baxter,bookshelf_tall_both_arms_hard,23,0.048,6961,true,0.004844573,0.000133591,4246,65
mvtable_mutable_simd,baxter,bookshelf_tall_both_arms_hard,23,0.048,6961,true,0.004759944,0.000200928,4246,65
mvt_cpp_simd,baxter,bookshelf_tall_both_arms_hard,23,0.048,6961,true,0.010504027,0.000064662,4246,65
capt_simd,baxter,bookshelf_tall_both_arms_hard,23,0.048,6961,true,0.008811556,0.006907098,4246,65
primitive,baxter,bookshelf_tall_both_arms_hard,24,0.048,6968,true,0.0003889,0.000000731,397,29
mvtable,baxter,bookshelf_tall_both_arms_hard,24,0.048,6968,true,0.000395493,0.000131117,279,23
mvtable_mutable,baxter,bookshelf_tall_both_arms_hard,24,0.048,6968,true,0.000394962,0.000205947,279,23
mvtable_cpp,baxter,bookshelf_tall_both_arms_hard,24,0.048,6968,true,0.001556975,0.000064561,279,23
capt,baxter,bookshelf_tall_both_arms_hard,24,0.048,6968,true,0.000898137,0.0067321,279,23
kiddo,baxter,bookshelf_tall_both_arms_hard,24,0.048,6968,true,0.002671199,0.000172024,279,23
mvtable_simd,baxter,bookshelf_tall_both_arms_hard,24,0.048,6968,true,0.000363793,0.000139011,279,23
mvtable_mutable_simd,baxter,bookshelf_tall_both_arms_hard,24,0.048,6968,true,0.000354296,0.000222668,279,23
mvt_cpp_simd,baxter,bookshelf_tall_both_arms_hard,24,0.048,6968,true,0.000836712,0.000061766,279,23
capt_simd,baxter,bookshelf_tall_both_arms_hard,24,0.048,6968,true,0.000665601,0.00670026,279,23
primitive,baxter,bookshelf_tall_both_arms_hard,26,0.048,6964,true,0.008846673,0.000000261,8234,278
mvtable,baxter,bookshelf_tall_both_arms_hard,26,0.048,6964,true,0.002143067,0.000135064,1796,66
mvtable_mutable,baxter,bookshelf_tall_both_arms_hard,26,0.048,6964,true,0.002140562,0.000192822,1796,66
mvtable_cpp,baxter,bookshelf_tall_both_arms_hard,26,0.048,6964,true,0.006510963,0.000062978,1796,66
capt,baxter,bookshelf_tall_both_arms_hard,26,0.048,6964,true,0.005524119,0.006639916,1796,66
kiddo,baxter,bookshelf_tall_both_arms_hard,26,0.048,6964,true,0.010415941,0.00017582,1796,66
mvtable_simd,baxter,bookshelf_tall_both_arms_hard,26,0.048,6964,true,0.002124753,0.000139772,1796,66
mvtable_mutable_simd,baxter,bookshelf_tall_both_arms_hard,26,0.048,6964,true,0.002080048,0.000188854,1796,66
mvt_cpp_simd,baxter,bookshelf_tall_both_arms_hard,26,0.048,6964,true,0.004375251,0.000064982,1796,66
capt_simd,baxter,bookshelf_tall_both_arms_hard,26,0.048,6964,true,0.004101988,0.006725787,1796,66
primitive,baxter,bookshelf_tall_both_arms_hard,29,0.048,6963,true,0.002615454,0.000000401,4010,85
mvtable,baxter,bookshelf_tall_both_arms_hard,29,0.048,6963,true,0.001748235,0.000137027,1301,57
mvtable_mutable,baxter,bookshelf_tall_both_arms_hard,29,0.048,6963,true,0.001755108,0.000208983,1301,57
mvtable_cpp,baxter,bookshelf_tall_both_arms_hard,29,0.048,6963,true,0.009814601,0.000062758,1301,57
capt,baxter,bookshelf_tall_both_arms_hard,29,0.048,6963,true,0.004499284,0.006572209,1301,57
kiddo,baxter,bookshelf_tall_both_arms_hard,29,0.048,6963,true,0.009686651,0.000169558,1301,57
mvtable_simd,baxter,bookshelf_tall_both_arms_hard,29,0.048,6963,true,0.001658125,0.000133761,1301,57
mvtable_mutable_simd,baxter,bookshelf_tall_both_arms_hard,29,0.048,6963,true,0.00163909,0.000185048,1301,57
mvt_cpp_simd,baxter,bookshelf_tall_both_arms_hard,29,0.048,6963,true,0.005717663,0.000062247,1301,57
capt_simd,baxter,bookshelf_tall_both_arms_hard,29,0.048,6963,true,0.003274933,0.006724736,1301,57
primitive,baxter,bookshelf_tall_both_arms_hard,30,0.048,6969,true,0.044748842,0.00000033,393258,71
mvtable,baxter,bookshelf_tall_both_arms_hard,30,0.048,6969,true,0.002211155,0.000142488,1824,93
mvtable_mutable,baxter,bookshelf_tall_both_arms_hard,30,0.048,6969,true,0.002224079,0.000239851,1824,93
mvtable_cpp,baxter,bookshelf_tall_both_arms_hard,30,0.048,6969,true,0.004879378,0.000064982,1824,93
capt,baxter,bookshelf_tall_both_arms_hard,30,0.048,6969,true,0.005224306,0.006676485,1824,93
kiddo,baxter,bookshelf_tall_both_arms_hard,30,0.048,6969,true,0.012070369,0.000170951,1824,93
mvtable_simd,baxter,bookshelf_tall_both_arms_hard,30,0.048,6969,true,0.002147746,0.00013338,1824,93
mvtable_mutable_simd,baxter,bookshelf_tall_both_arms_hard,30,0.048,6969,true,0.002109404,0.000192652,1824,93
mvt_cpp_simd,baxter,bookshelf_tall_both_arms_hard,30,0.048,6969,true,0.003200894,0.000062097,1824,93
capt_simd,baxter,bookshelf_tall_both_arms_hard,30,0.048,6969,true,0.003888196,0.006730516,1824,93
primitive,baxter,bookshelf_tall_both_arms_hard,31,0.048,6975,true,0.001966425,0.00000037,2867,80
mvtable,baxter,bookshelf_tall_both_arms_hard,31,0.048,6975,true,0.001686539,0.000131037,985,92
mvtable_mutable,baxter,bookshelf_tall_both_arms_hard,31,0.048,6975,true,0.001683734,0.000224422,985,92
mvtable_cpp,baxter,bookshelf_tall_both_arms_hard,31,0.048,6975,true,0.003237544,0.000062908,985,92
capt,baxter,bookshelf_tall_both_arms_hard,31,0.048,6975,true,0.004096156,0.006581787,985,92
kiddo,baxter,bookshelf_tall_both_arms_hard,31,0.048,6975,true,0.010509688,0.000175289,985,92
mvtable_simd,baxter,bookshelf_tall_both_arms_hard,31,0.048,6975,true,0.001584277,0.000140824,985,92
mvtable_mutable_simd,baxter,bookshelf_tall_both_arms_hard,31,0.048,6975,true,0.001583204,0.000211768,985,92
mvt_cpp_simd,baxter,bookshelf_tall_both_arms_hard,31,0.048,6975,true,0.002138408,0.000062287,985,92
capt_simd,baxter,bookshelf_tall_both_arms_hard,31,0.048,6975,true,0.002938271,0.006789307,985,92
primitive,baxter,bookshelf_tall_both_arms_hard,33,0.048,6964,true,0.000251793,0.000000471,279,18
mvtable,baxter,bookshelf_tall_both_arms_hard,33,0.048,6964,true,0.000264176,0.000132549,128,22
mvtable_mutable,baxter,bookshelf_tall_both_arms_hard,33,0.048,6964,true,0.000260309,0.000195397,128,22
mvtable_cpp,baxter,bookshelf_tall_both_arms_hard,33,0.048,6964,true,0.001157315,0.000062016,128,22
capt,baxter,bookshelf_tall_both_arms_hard,33,0.048,6964,true,0.000608083,0.006621412,128,22
kiddo,baxter,bookshelf_tall_both_arms_hard,33,0.048,6964,true,0.002269855,0.000179357,128,22
mvtable_simd,baxter,bookshelf_tall_both_arms_hard,33,0.048,6964,true,0.00022905,0.000137328,128,22
mvtable_mutable_simd,baxter,bookshelf_tall_both_arms_hard,33,0.048,6964,true,0.000228619,0.000227106,128,22
mvt_cpp_simd,baxter,bookshelf_tall_both_arms_hard,33,0.048,6964,true,0.000561094,0.000061366,128,22
capt_simd,baxter,bookshelf_tall_both_arms_hard,33,0.048,6964,true,0.000469863,0.006664703,128,22
primitive,baxter,bookshelf_tall_both_arms_hard,34,0.048,6981,true,0.007311869,0.000000461,21916,37
mvtable,baxter,bookshelf_tall_both_arms_hard,34,0.048,6981,true,0.013211584,0.000137599,13229,102
mvtable_mutable,baxter,bookshelf_tall_both_arms_hard,34,0.048,6981,true,0.013190084,0.000211287,13229,102
mvtable_cpp,baxter,bookshelf_tall_both_arms_hard,34,0.048,6981,true,0.046048374,0.000064291,13229,102
capt,baxter,bookshelf_tall_both_arms_hard,34,0.048,6981,true,0.027357765,0.00678057,13229,102
kiddo,baxter,bookshelf_tall_both_arms_hard,34,0.048,6981,true,0.044509902,0.000169379,13229,102
mvtable_simd,baxter,bookshelf_tall_both_arms_hard,34,0.048,6981,true,0.01335852,0.000142277,13229,102
mvtable_mutable_simd,baxter,bookshelf_tall_both_arms_hard,34,0.048,6981,true,0.01332651,0.000222809,13229,102
mvt_cpp_simd,baxter,bookshelf_tall_both_arms_hard,34,0.048,6981,true,0.039800995,0.000066445,13229,102
capt_simd,baxter,bookshelf_tall_both_arms_hard,34,0.048,6981,true,0.024722522,0.007011294,13229,102
mvtable,baxter,bookshelf_tall_both_arms_hard,36,0.048,6975,true,0.00087305,0.000141516,449,57
mvtable_mutable,baxter,bookshelf_tall_both_arms_hard,36,0.048,6975,true,0.00086751,0.000224251,449,57
mvtable_cpp,baxter,bookshelf_tall_both_arms_hard,36,0.048,6975,true,0.001324379,0.000060003,449,57
capt,baxter,bookshelf_tall_both_arms_hard,36,0.048,6975,true,0.002292337,0.006536932,449,57
kiddo,baxter,bookshelf_tall_both_arms_hard,36,0.048,6975,true,0.005979956,0.000172875,449,57
mvtable_simd,baxter,bookshelf_tall_both_arms_hard,36,0.048,6975,true,0.000807337,0.000136326,449,57
mvtable_mutable_simd,baxter,bookshelf_tall_both_arms_hard,36,0.048,6975,true,0.000802177,0.000199675,449,57
mvt_cpp_simd,baxter,bookshelf_tall_both_arms_hard,36,0.048,6975,true,0.00100022,0.000068839,449,57
capt_simd,baxter,bookshelf_tall_both_arms_hard,36,0.048,6975,true,0.001524234,0.007124908,449,57
primitive,baxter,bookshelf_tall_both_arms_hard,37,0.048,6972,true,0.005191465,0.000000451,7201,164
mvtable,baxter,bookshelf_tall_both_arms_hard,37,0.048,6972,true,0.002255107,0.000136736,1285,102
mvtable_mutable,baxter,bookshelf_tall_both_arms_hard,37,0.048,6972,true,0.002235891,0.00023968,1285,102
mvtable_cpp,baxter,bookshelf_tall_both_arms_hard,37,0.048,6972,true,0.010455476,0.00006408,1285,102
capt,baxter,bookshelf_tall_both_arms_hard,37,0.048,6972,true,0.005712884,0.006661958,1285,102
kiddo,baxter,bookshelf_tall_both_arms_hard,37,0.048,6972,true,0.013689482,0.00017032,1285,102
mvtable_simd,baxter,bookshelf_tall_both_arms_hard,37,0.048,6972,true,0.002083094,0.000135024,1285,102
mvtable_mutable_simd,baxter,bookshelf_tall_both_arms_hard,37,0.048,6972,true,0.002079888,0.000195146,1285,102
mvt_cpp_simd,baxter,bookshelf_tall_both_arms_hard,37,0.048,6972,true,0.005528768,0.00006365,1285,102
capt_simd,baxter,bookshelf_tall_both_arms_hard,37,0.048,6972,true,0.004002871,0.006839962,1285,102
primitive,baxter,bookshelf_tall_both_arms_hard,38,0.048,6974,true,0.001999026,0.000000421,1694,133
mvtable,baxter,bookshelf_tall_both_arms_hard,38,0.048,6974,true,0.003506629,0.000136887,1597,211
mvtable_mutable,baxter,bookshelf_tall_both_arms_hard,38,0.048,6974,true,0.003495668,0.00021844,1597,211
mvtable_cpp,baxter,bookshelf_tall_both_arms_hard,38,0.048,6974,true,0.014389848,0.000061766,1597,211
capt,baxter,bookshelf_tall_both_arms_hard,38,0.048,6974,true,0.008390665,0.006821608,1597,211
kiddo,baxter,bookshelf_tall_both_arms_hard,38,0.048,6974,true,0.022541435,0.000172855,1597,211
mvtable_simd,baxter,bookshelf_tall_both_arms_hard,38,0.048,6974,true,0.003257421,0.000132829,1597,211
mvtable_mutable_simd,baxter,bookshelf_tall_both_arms_hard,38,0.048,6974,true,0.003237223,0.000198874,1597,211
mvt_cpp_simd,baxter,bookshelf_tall_both_arms_hard,38,0.048,6974,true,0.007836595,0.000062417,1597,211
capt_simd,baxter,bookshelf_tall_both_arms_hard,38,0.048,6974,true,0.006342809,0.006886769,1597,211
primitive,baxter,bookshelf_tall_both_arms_hard,39,0.048,6977,true,0.005544337,0.000000341,5019,224
mvtable,baxter,bookshelf_tall_both_arms_hard,39,0.048,6977,true,0.003441948,0.000135244,2468,112
mvtable_mutable,baxter,bookshelf_tall_both_arms_hard,39,0.048,6977,true,0.003434783,0.000219051,2468,112
mvtable_cpp,baxter,bookshelf_tall_both_arms_hard,39,0.048,6977,true,0.008737257,0.000063239,2468,112
capt,baxter,bookshelf_tall_both_arms_hard,39,0.048,6977,true,0.008462029,0.006743641,2468,112
kiddo,baxter,bookshelf_tall_both_arms_hard,39,0.048,6977,true,0.016777665,0.000180309,2468,112
mvtable_simd,baxter,bookshelf_tall_both_arms_hard,39,0.048,6977,true,0.003402353,0.000141806,2468,112
mvtable_mutable_simd,baxter,bookshelf_tall_both_arms_hard,39,0.048,6977,true,0.003337351,0.000237887,2468,112
mvt_cpp_simd,baxter,bookshelf_tall_both_arms_hard,39,0.048,6977,true,0.006046211,0.000066355,2468,112
capt_simd,baxter,bookshelf_tall_both_arms_hard,39,0.048,6977,true,0.006424281,0.00690792,2468,112
primitive,baxter,bookshelf_tall_both_arms_hard,40,0.048,6972,true,0.002122177,0.000000371,1607,134
mvtable,baxter,bookshelf_tall_both_arms_hard,40,0.048,6972,true,0.005579424,0.000134473,3549,149
mvtable_mutable,baxter,bookshelf_tall_both_arms_hard,40,0.048,6972,true,0.005562492,0.000227177,3549,149
mvtable_cpp,baxter,bookshelf_tall_both_arms_hard,40,0.048,6972,true,0.028997014,0.000063429,3549,149
capt,baxter,bookshelf_tall_both_arms_hard,40,0.048,6972,true,0.014330657,0.006743692,3549,149
kiddo,baxter,bookshelf_tall_both_arms_hard,40,0.048,6972,true,0.031984438,0.00017566,3549,149
mvtable_simd,baxter,bookshelf_tall_both_arms_hard,40,0.048,6972,true,0.00525795,0.000135124,3549,149
mvtable_mutable_simd,baxter,bookshelf_tall_both_arms_hard,40,0.048,6972,true,0.005187707,0.000197411,3549,149
mvt_cpp_simd,baxter,bookshelf_tall_both_arms_hard,40,0.048,6972,true,0.016893993,0.000065934,3549,149
capt_simd,baxter,bookshelf_tall_both_arms_hard,40,0.048,6972,true,0.010199384,0.00693482,3549,149
primitive,baxter,bookshelf_tall_both_arms_hard,41,0.048,6975,true,0.008635877,0.000000331,9299,240
mvtable,baxter,bookshelf_tall_both_arms_hard,41,0.048,6975,true,0.008532712,0.000144922,6247,232
mvtable_mutable,baxter,bookshelf_tall_both_arms_hard,41,0.048,6975,true,0.008477819,0.000233027,6247,232
mvtable_cpp,baxter,bookshelf_tall_both_arms_hard,41,0.048,6975,true,0.018460587,0.000066074,6247,232
capt,baxter,bookshelf_tall_both_arms_hard,41,0.048,6975,true,0.020286767,0.006747859,6247,232
kiddo,baxter,bookshelf_tall_both_arms_hard,41,0.048,6975,true,0.038577245,0.000179488,6247,232
mvtable_simd,baxter,bookshelf_tall_both_arms_hard,41,0.048,6975,true,0.008251855,0.000145573,6247,232
mvtable_mutable_simd,baxter,bookshelf_tall_both_arms_hard,41,0.048,6975,true,0.008193706,0.000238158,6247,232
mvt_cpp_simd,baxter,bookshelf_tall_both_arms_hard,41,0.048,6975,true,0.013245007,0.000065573,6247,232
capt_simd,baxter,bookshelf_tall_both_arms_hard,41,0.048,6975,true,0.015033948,0.006906838,6247,232
primitive,baxter,bookshelf_tall_both_arms_hard,42,0.048,6967,true,0.000751852,0.000000341,579,54
mvtable,baxter,bookshelf_tall_both_arms_hard,42,0.048,6967,true,0.000648349,0.000129273,902,26
mvtable_mutable,baxter,bookshelf_tall_both_arms_hard,42,0.048,6967,true,0.000648329,0.000234982,902,26
mvtable_cpp,baxter,bookshelf_tall_both_arms_hard,42,0.048,6967,true,0.002701726,0.000063229,902,26
capt,baxter,bookshelf_tall_both_arms_hard,42,0.048,6967,true,0.001625554,0.006510793,902,26
kiddo,baxter,bookshelf_tall_both_arms_hard,42,0.048,6967,true,0.003916579,0.000173556,902,26
mvtable_simd,baxter,bookshelf_tall_both_arms_hard,42,0.048,6967,true,0.000615076,0.000131187,902,26
mvtable_mutable_simd,baxter,bookshelf_tall_both_arms_hard,42,0.048,6967,true,0.000616719,0.000179918,902,26
mvt_cpp_simd,baxter,bookshelf_tall_both_arms_hard,42,0.048,6967,true,0.00179881,0.000062037,902,26
capt_simd,baxter,bookshelf_tall_both_arms_hard,42,0.048,6967,true,0.001252874,0.006653511,902,26
primitive,baxter,bookshelf_tall_both_arms_hard,44,0.048,6972,true,0.001184145,0.000000431,762,80
mvtable,baxter,bookshelf_tall_both_arms_hard,44,0.048,6972,true,0.003924904,0.000139201,2890,169
mvtable_mutable,baxter,bookshelf_tall_both_arms_hard,44,0.048,6972,true,0.003896151,0.000204645,2890,169
mvtable_cpp,baxter,bookshelf_tall_both_arms_hard,44,0.048,6972,true,0.006484334,0.000066545,2890,169
capt,baxter,bookshelf_tall_both_arms_hard,44,0.048,6972,true,0.010279404,0.006795639,2890,169
kiddo,baxter,bookshelf_tall_both_arms_hard,44,0.048,6972,true,0.026722049,0.000178316,2890,169
mvtable_simd,baxter,bookshelf_tall_both_arms_hard,44,0.048,6972,true,0.003491551,0.000130856,2890,169
mvtable_mutable_simd,baxter,bookshelf_tall_both_arms_hard,44,0.048,6972,true,0.003457337,0.000187112,2890,169
mvt_cpp_simd,baxter,bookshelf_tall_both_arms_hard,44,0.048,6972,true,0.005780502,0.000063119,2890,169
capt_simd,baxter,bookshelf_tall_both_arms_hard,44,0.048,6972,true,0.007212542,0.006809335,2890,169
primitive,baxter,bookshelf_tall_both_arms_hard,45,0.048,6965,true,0.017060897,0.000000421,48698,143
mvtable,baxter,bookshelf_tall_both_arms_hard,45,0.048,6965,true,0.001302237,0.000139041,740,72
mvtable_mutable,baxter,bookshelf_tall_both_arms_hard,45,0.048,6965,true,0.00129887,0.000192642,740,72
mvtable_cpp,baxter,bookshelf_tall_both_arms_hard,45,0.048,6965,true,0.007107735,0.00006909,740,72
capt,baxter,bookshelf_tall_both_arms_hard,45,0.048,6965,true,0.003298318,0.00671132,740,72
kiddo,baxter,bookshelf_tall_both_arms_hard,45,0.048,6965,true,0.008459205,0.000178225,740,72
mvtable_simd,baxter,bookshelf_tall_both_arms_hard,45,0.048,6965,true,0.001231354,0.000137539,740,72
mvtable_mutable_simd,baxter,bookshelf_tall_both_arms_hard,45,0.048,6965,true,0.001227356,0.000189626,740,72
mvt_cpp_simd,baxter,bookshelf_tall_both_arms_hard,45,0.048,6965,true,0.003758332,0.000064811,740,72
capt_simd,baxter,bookshelf_tall_both_arms_hard,45,0.048,6965,true,0.002380172,0.00685992,740,72
primitive,baxter,bookshelf_tall_both_arms_hard,46,0.048,6969,true,0.001897255,0.000000461,1508,142
mvtable,baxter,bookshelf_tall_both_arms_hard,46,0.048,6969,true,0.000899751,0.00013319,398,65
mvtable_mutable,baxter,bookshelf_tall_both_arms_hard,46,0.048,6969,true,0.000891625,0.000184507,398,65
mvtable_cpp,baxter,bookshelf_tall_both_arms_hard,46,0.048,6969,true,0.003972594,0.000062728,398,65
capt,baxter,bookshelf_tall_both_arms_hard,46,0.048,6969,true,0.002108442,0.006617814,398,65
kiddo,baxter,bookshelf_tall_both_arms_hard,46,0.048,6969,true,0.006548986,0.000171422,398,65
mvtable_simd,baxter,bookshelf_tall_both_arms_hard,46,0.048,6969,true,0.000825692,0.000133251,398,65
mvtable_mutable_simd,baxter,bookshelf_tall_both_arms_hard,46,0.048,6969,true,0.000805303,0.000184186,398,65
mvt_cpp_simd,baxter,bookshelf_tall_both_arms_hard,46,0.048,6969,true,0.00204366,0.000062187,398,65
capt_simd,baxter,bookshelf_tall_both_arms_hard,46,0.048,6969,true,0.001549111,0.006729134,398,65
primitive,baxter,bookshelf_tall_both_arms_hard,47,0.048,6972,true,0.00258098,0.000000321,7650,30
mvtable,baxter,bookshelf_tall_both_arms_hard,47,0.048,6972,true,0.000947741,0.000137669,817,54
mvtable_mutable,baxter,bookshelf_tall_both_arms_hard,47,0.048,6972,true,0.00094766,0.000180659,817,54
mvtable_cpp,baxter,bookshelf_tall_both_arms_hard,47,0.048,6972,true,0.003644318,0.000062026,817,54
capt,baxter,bookshelf_tall_both_arms_hard,47,0.048,6972,true,0.002334977,0.006555357,817,54
kiddo,baxter,bookshelf_tall_both_arms_hard,47,0.048,6972,true,0.006683328,0.000175059,817,54
mvtable_simd,baxter,bookshelf_tall_both_arms_hard,47,0.048,6972,true,0.000886536,0.000137368,817,54
mvtable_mutable_simd,baxter,bookshelf_tall_both_arms_hard,47,0.048,6972,true,0.000875475,0.000203693,817,54
mvt_cpp_simd,baxter,bookshelf_tall_both_arms_hard,47,0.048,6972,true,0.00200064,0.000069431,817,54
capt_simd,baxter,bookshelf_tall_both_arms_hard,47,0.048,6972,true,0.001728098,0.007023166,817,54
mvtable,baxter,bookshelf_tall_both_arms_hard,49,0.048,6971,true,0.001914377,0.000130926,1455,57
mvtable_mutable,baxter,bookshelf_tall_both_arms_hard,49,0.048,6971,true,0.001909368,0.000178906,1455,57
mvtable_cpp,baxter,bookshelf_tall_both_arms_hard,49,0.048,6971,true,0.009990843,0.000060354,1455,57
capt,baxter,bookshelf_tall_both_arms_hard,49,0.048,6971,true,0.004729657,0.006542734,1455,57
kiddo,baxter,bookshelf_tall_both_arms_hard,49,0.048,6971,true,0.009508366,0.000169228,1455,57
mvtable_simd,baxter,bookshelf_tall_both_arms_hard,49,0.048,6971,true,0.001882938,0.000134082,1455,57
mvtable_mutable_simd,baxter,bookshelf_tall_both_arms_hard,49,0.048,6971,true,0.001851549,0.000189425,1455,57
mvt_cpp_simd,baxter,bookshelf_tall_both_arms_hard,49,0.048,6971,true,0.005858067,0.000061906,1455,57
capt_simd,baxter,bookshelf_tall_both_arms_hard,49,0.048,6971,true,0.003462466,0.006719215,1455,57
primitive,baxter,bookshelf_tall_both_arms_hard,50,0.048,6973,true,0.001852741,0.00000033,1494,98
mvtable,baxter,bookshelf_tall_both_arms_hard,50,0.048,6973,true,0.002541415,0.000134904,1700,91
mvtable_mutable,baxter,bookshelf_tall_both_arms_hard,50,0.048,6973,true,0.002542607,0.000184927,1700,91
mvtable_cpp,baxter,bookshelf_tall_both_arms_hard,50,0.048,6973,true,0.006761996,0.000071334,1700,91
capt,baxter,bookshelf_tall_both_arms_hard,50,0.048,6973,true,0.006549356,0.006740325,1700,91
kiddo,baxter,bookshelf_tall_both_arms_hard,50,0.048,6973,true,0.01303882,0.000171202,1700,91
mvtable_simd,baxter,bookshelf_tall_both_arms_hard,50,0.048,6973,true,0.002452388,0.000139112,1700,91
mvtable_mutable_simd,baxter,bookshelf_tall_both_arms_hard,50,0.048,6973,true,0.002434153,0.000188274,1700,91
mvt_cpp_simd,baxter,bookshelf_tall_both_arms_hard,50,0.048,6973,true,0.004247832,0.000064151,1700,91
capt_simd,baxter,bookshelf_tall_both_arms_hard,50,0.048,6973,true,0.004670966,0.006816088,1700,91
primitive,baxter,bookshelf_tall_both_arms_medium,1,0.048,6499,true,0.003379911,0.000000311,3679,143
mvtable,baxter,bookshelf_tall_both_arms_medium,1,0.048,6499,true,0.003561161,0.000119244,1797,192
mvtable_mutable,baxter,bookshelf_tall_both_arms_medium,1,0.048,6499,true,0.003536746,0.000167335,1797,192
mvtable_cpp,baxter,bookshelf_tall_both_arms_medium,1,0.048,6499,true,0.018484201,0.000057878,1797,192
capt,baxter,bookshelf_tall_both_arms_medium,1,0.048,6499,true,0.007191182,0.006183418,1797,192
kiddo,baxter,bookshelf_tall_both_arms_medium,1,0.048,6499,true,0.019805223,0.000162536,1797,192
mvtable_simd,baxter,bookshelf_tall_both_arms_medium,1,0.048,6499,true,0.003423743,0.000125195,1797,192
mvtable_mutable_simd,baxter,bookshelf_tall_both_arms_medium,1,0.048,6499,true,0.003397995,0.000174237,1797,192
mvt_cpp_simd,baxter,bookshelf_tall_both_arms_medium,1,0.048,6499,true,0.009124144,0.000057989,1797,192
capt_simd,baxter,bookshelf_tall_both_arms_medium,1,0.048,6499,true,0.00562022,0.00616308,1797,192
primitive,baxter,bookshelf_tall_both_arms_medium,2,0.048,6508,true,0.003939262,0.000000311,2491,242
mvtable,baxter,bookshelf_tall_both_arms_medium,2,0.048,6508,true,0.001241312,0.000127199,500,94
mvtable_mutable,baxter,bookshelf_tall_both_arms_medium,2,0.048,6508,true,0.001234239,0.000177594,500,94
mvtable_cpp,baxter,bookshelf_tall_both_arms_medium,2,0.048,6508,true,0.005813824,0.00005835,500,94
capt,baxter,bookshelf_tall_both_arms_medium,2,0.048,6508,true,0.003221814,0.006188698,500,94
kiddo,baxter,bookshelf_tall_both_arms_medium,2,0.048,6508,true,0.009618122,0.000174958,500,94
mvtable_simd,baxter,bookshelf_tall_both_arms_medium,2,0.048,6508,true,0.001117139,0.000130495,500,94
mvtable_mutable_simd,baxter,bookshelf_tall_both_arms_medium,2,0.048,6508,true,0.001112009,0.000182132,500,94
mvt_cpp_simd,baxter,bookshelf_tall_both_arms_medium,2,0.048,6508,true,0.002689904,0.000060314,500,94
capt_simd,baxter,bookshelf_tall_both_arms_medium,2,0.048,6508,true,0.002215694,0.006314285,500,94
primitive,baxter,bookshelf_tall_both_arms_medium,3,0.048,6970,true,0.001095629,0.00000029,892,75
mvtable,baxter,bookshelf_tall_both_arms_medium,3,0.048,6970,true,0.001185928,0.000130175,866,76
mvtable_mutable,baxter,bookshelf_tall_both_arms_medium,3,0.048,6970,true,0.001177161,0.000179017,866,76
mvtable_cpp,baxter,bookshelf_tall_both_arms_medium,3,0.048,6970,true,0.004839143,0.000061045,866,76
capt,baxter,bookshelf_tall_both_arms_medium,3,0.048,6970,true,0.002884971,0.006537473,866,76
kiddo,baxter,bookshelf_tall_both_arms_medium,3,0.048,6970,true,0.008458814,0.000181121,866,76
mvtable_simd,baxter,bookshelf_tall_both_arms_medium,3,0.048,6970,true,0.001086301,0.000132399,866,76
mvtable_mutable_simd,baxter,bookshelf_tall_both_arms_medium,3,0.048,6970,true,0.001073888,0.000186199,866,76
mvt_cpp_simd,baxter,bookshelf_tall_both_arms_medium,3,0.048,6970,true,0.002712166,0.000061455,866,76
capt_simd,baxter,bookshelf_tall_both_arms_medium,3,0.048,6970,true,0.00223511,0.006788345,866,76
primitive,baxter,bookshelf_tall_both_arms_medium,4,0.048,6504,true,0.004373218,0.000000341,1911,340
mvtable,baxter,bookshelf_tall_both_arms_medium,4,0.048,6504,true,0.001150171,0.000122991,608,78
mvtable_mutable,baxter,bookshelf_tall_both_arms_medium,4,0.048,6504,true,0.001141054,0.000176582,608,78
mvtable_cpp,baxter,bookshelf_tall_both_arms_medium,4,0.048,6504,true,0.003320319,0.00005848,608,78
capt,baxter,bookshelf_tall_both_arms_medium,4,0.048,6504,true,0.003058326,0.006087117,608,78
kiddo,baxter,bookshelf_tall_both_arms_medium,4,0.048,6504,true,0.007730856,0.000167585,608,78
mvtable_simd,baxter,bookshelf_tall_both_arms_medium,4,0.048,6504,true,0.001078787,0.000126558,608,78
mvtable_mutable_simd,baxter,bookshelf_tall_both_arms_medium,4,0.048,6504,true,0.00106435,0.000193454,608,78
mvt_cpp_simd,baxter,bookshelf_tall_both_arms_medium,4,0.048,6504,true,0.001983277,0.000061285,608,78
capt_simd,baxter,bookshelf_tall_both_arms_medium,4,0.048,6504,true,0.002026898,0.006542623,608,78
primitive,baxter,bookshelf_tall_both_arms_medium,5,0.048,6511,true,0.004855653,0.00000029,7159,71
mvtable,baxter,bookshelf_tall_both_arms_medium,5,0.048,6511,true,0.004319225,0.000124634,3281,110
mvtable_mutable,baxter,bookshelf_tall_both_arms_medium,5,0.048,6511,true,0.004323934,0.000177884,3281,110
mvtable_cpp,baxter,bookshelf_tall_both_arms_medium,5,0.048,6511,true,0.006014571,0.000060353,3281,110
capt,baxter,bookshelf_tall_both_arms_medium,5,0.048,6511,true,0.009300376,0.005985246,3281,110
kiddo,baxter,bookshelf_tall_both_arms_medium,5,0.048,6511,true,0.018368554,0.000161995,3281,110
mvtable_simd,baxter,bookshelf_tall_both_arms_medium,5,0.048,6511,true,0.004205782,0.000126237,3281,110
mvtable_mutable_simd,baxter,bookshelf_tall_both_arms_medium,5,0.048,6511,true,0.004202897,0.000181731,3281,110
mvt_cpp_simd,baxter,bookshelf_tall_both_arms_medium,5,0.048,6511,true,0.005195903,0.000064271,3281,110
capt_simd,baxter,bookshelf_tall_both_arms_medium,5,0.048,6511,true,0.007297542,0.006202554,3281,110
primitive,baxter,bookshelf_tall_both_arms_medium,6,0.048,6958,true,0.000858854,0.000000461,608,50
mvtable,baxter,bookshelf_tall_both_arms_medium,6,0.048,6958,true,0.000254919,0.000129102,62,21
mvtable_mutable,baxter,bookshelf_tall_both_arms_medium,6,0.048,6958,true,0.00026069,0.000188585,62,21
mvtable_cpp,baxter,bookshelf_tall_both_arms_medium,6,0.048,6958,true,0.001436599,0.000061526,62,21
capt,baxter,bookshelf_tall_both_arms_medium,6,0.048,6958,true,0.000722978,0.006688718,62,21
kiddo,baxter,bookshelf_tall_both_arms_medium,6,0.048,6958,true,0.002332283,0.000177323,62,21
mvtable_simd,baxter,bookshelf_tall_both_arms_medium,6,0.048,6958,true,0.000236203,0.000136436,62,21
mvtable_mutable_simd,baxter,bookshelf_tall_both_arms_medium,6,0.048,6958,true,0.000220344,0.000189937,62,21
mvt_cpp_simd,baxter,bookshelf_tall_both_arms_medium,6,0.048,6958,true,0.000540636,0.00006392,62,21
capt_simd,baxter,bookshelf_tall_both_arms_medium,6,0.048,6958,true,0.000438995,0.006912068,62,21
primitive,baxter,bookshelf_tall_both_arms_medium,7,0.048,6496,true,0.001605457,0.00000031,1049,125
mvtable,baxter,bookshelf_tall_both_arms_medium,7,0.048,6496,true,0.004059488,0.000123252,1504,236
mvtable_mutable,baxter,bookshelf_tall_both_arms_medium,7,0.048,6496,true,0.00399148,0.000184006,1504,236
mvtable_cpp,baxter,bookshelf_tall_both_arms_medium,7,0.048,6496,true,0.012626605,0.000068188,1504,236
capt,baxter,bookshelf_tall_both_arms_medium,7,0.048,6496,true,0.008823659,0.006130289,1504,236
kiddo,baxter,bookshelf_tall_both_arms_medium,7,0.048,6496,true,0.025319374,0.00017016,1504,236
mvtable_simd,baxter,bookshelf_tall_both_arms_medium,7,0.048,6496,true,0.003641151,0.0001281,1504,236
mvtable_mutable_simd,baxter,bookshelf_tall_both_arms_medium,7,0.048,6496,true,0.003612037,0.000190718,1504,236
mvt_cpp_simd,baxter,bookshelf_tall_both_arms_medium,7,0.048,6496,true,0.007404182,0.000060664,1504,236
capt_simd,baxter,bookshelf_tall_both_arms_medium,7,0.048,6496,true,0.006586516,0.006404053,1504,236
primitive,baxter,bookshelf_tall_both_arms_medium,8,0.048,6972,true,0.067875295,0.00000029,189309,149
mvtable,baxter,bookshelf_tall_both_arms_medium,8,0.048,6972,true,0.009056798,0.00013266,12088,248
mvtable_mutable,baxter,bookshelf_tall_both_arms_medium,8,0.048,6972,true,0.009195247,0.000209904,12088,248
mvtable_cpp,baxter,bookshelf_tall_both_arms_medium,8,0.048,6972,true,0.033029311,0.000066555,12088,248
capt,baxter,bookshelf_tall_both_arms_medium,8,0.048,6972,true,0.021055513,0.006882041,12088,248
kiddo,baxter,bookshelf_tall_both_arms_medium,8,0.048,6972,true,0.040880353,0.000176291,12088,248
mvtable_simd,baxter,bookshelf_tall_both_arms_medium,8,0.048,6972,true,0.008862192,0.0001385,12088,248
mvtable_mutable_simd,baxter,bookshelf_tall_both_arms_medium,8,0.048,6972,true,0.008810504,0.000213351,12088,248
mvt_cpp_simd,baxter,bookshelf_tall_both_arms_medium,8,0.048,6972,true,0.020767912,0.000068178,12088,248
capt_simd,baxter,bookshelf_tall_both_arms_medium,8,0.048,6972,true,0.01586535,0.00711023,12088,248
primitive,baxter,bookshelf_tall_both_arms_medium,9,0.048,6973,true,0.000620135,0.00000041,521,48
mvtable,baxter,bookshelf_tall_both_arms_medium,9,0.048,6973,true,0.00149581,0.000129864,736,79
mvtable_mutable,baxter,bookshelf_tall_both_arms_medium,9,0.048,6973,true,0.001490901,0.000198614,736,79
mvtable_cpp,baxter,bookshelf_tall_both_arms_medium,9,0.048,6973,true,0.00689207,0.00006386,736,79
capt,baxter,bookshelf_tall_both_arms_medium,9,0.048,6973,true,0.003688972,0.006741767,736,79
kiddo,baxter,bookshelf_tall_both_arms_medium,9,0.048,6973,true,0.009748127,0.000178365,736,79
mvtable_simd,baxter,bookshelf_tall_both_arms_medium,9,0.048,6973,true,0.001377057,0.000140363,736,79
mvtable_mutable_simd,baxter,bookshelf_tall_both_arms_medium,9,0.048,6973,true,0.001374593,0.000189256,736,79
mvt_cpp_simd,baxter,bookshelf_tall_both_arms_medium,9,0.048,6973,true,0.003435084,0.00006381,736,79
capt_simd,baxter,bookshelf_tall_both_arms_medium,9,0.048,6973,true,0.002607218,0.007042593,736,79
primitive,baxter,bookshelf_tall_both_arms_medium,10,0.048,6971,true,0.005649476,0.000000501,4865,223
mvtable,baxter,bookshelf_tall_both_arms_medium,10,0.048,6971,true,0.007689228,0.000131658,6632,236
mvtable_mutable,baxter,bookshelf_tall_both_arms_medium,10,0.048,6971,true,0.007684949,0.000194094,6632,236
mvtable_cpp,baxter,bookshelf_tall_both_arms_medium,10,0.048,6971,true,0.021646924,0.00006412,6632,236
capt,baxter,bookshelf_tall_both_arms_medium,10,0.048,6971,true,0.015252789,0.006849349,6632,236
kiddo,baxter,bookshelf_tall_both_arms_medium,10,0.048,6971,true,0.033816309,0.000171222,6632,236
mvtable_simd,baxter,bookshelf_tall_both_arms_medium,10,0.048,6971,true,0.00735518,0.00013843,6632,236
mvtable_mutable_simd,baxter,bookshelf_tall_both_arms_medium,10,0.048,6971,true,0.007290389,0.000199004,6632,236
mvt_cpp_simd,baxter,bookshelf_tall_both_arms_medium,10,0.048,6971,true,0.01538584,0.000064911,6632,236
capt_simd,baxter,bookshelf_tall_both_arms_medium,10,0.048,6971,true,0.012481533,0.006997678,6632,236
primitive,baxter,bookshelf_tall_both_arms_medium,11,0.048,6487,true,0.056602404,0.000000351,148300,593
mvtable,baxter,bookshelf_tall_both_arms_medium,11,0.048,6487,true,0.016388283,0.000127229,18043,312
mvtable_mutable,baxter,bookshelf_tall_both_arms_medium,11,0.048,6487,true,0.016394154,0.000193494,18043,312
mvtable_cpp,baxter,bookshelf_tall_both_arms_medium,11,0.048,6487,true,0.068153458,0.000061395,18043,312
capt,baxter,bookshelf_tall_both_arms_medium,11,0.048,6487,true,0.033375742,0.006250364,18043,312
kiddo,baxter,bookshelf_tall_both_arms_medium,11,0.048,6487,true,0.067144973,0.000168807,18043,312
mvtable_simd,baxter,bookshelf_tall_both_arms_medium,11,0.048,6487,true,0.016259251,0.000130716,18043,312
mvtable_mutable_simd,baxter,bookshelf_tall_both_arms_medium,11,0.048,6487,true,0.016017447,0.000199866,18043,312
mvt_cpp_simd,baxter,bookshelf_tall_both_arms_medium,11,0.048,6487,true,0.048018816,0.000062287,18043,312
capt_simd,baxter,bookshelf_tall_both_arms_medium,11,0.048,6487,true,0.027332526,0.006350162,18043,312
primitive,baxter,bookshelf_tall_both_arms_medium,12,0.048,6500,true,0.007015773,0.000000441,7785,157
mvtable,baxter,bookshelf_tall_both_arms_medium,12,0.048,6500,true,0.004179133,0.000130455,1532,294
mvtable_mutable,baxter,bookshelf_tall_both_arms_medium,12,0.048,6500,true,0.004151019,0.000188504,1532,294
mvtable_cpp,baxter,bookshelf_tall_both_arms_medium,12,0.048,6500,true,0.007421685,0.000062337,1532,294
capt,baxter,bookshelf_tall_both_arms_medium,12,0.048,6500,true,0.010090169,0.006181604,1532,294
kiddo,baxter,bookshelf_tall_both_arms_medium,12,0.048,6500,true,0.029812787,0.000166413,1532,294
mvtable_simd,baxter,bookshelf_tall_both_arms_medium,12,0.048,6500,true,0.003810771,0.00012807,1532,294
mvtable_mutable_simd,baxter,bookshelf_tall_both_arms_medium,12,0.048,6500,true,0.003777909,0.000179307,1532,294
mvt_cpp_simd,baxter,bookshelf_tall_both_arms_medium,12,0.048,6500,true,0.004965641,0.000059091,1532,294
capt_simd,baxter,bookshelf_tall_both_arms_medium,12,0.048,6500,true,0.007421114,0.006236098,1532,294
primitive,baxter,bookshelf_tall_both_arms_medium,13,0.048,6496,true,0.011036467,0.00000031,17478,44
mvtable,baxter,bookshelf_tall_both_arms_medium,13,0.048,6496,true,0.021821471,0.000128983,25646,52
mvtable_mutable,baxter,bookshelf_tall_both_arms_medium,13,0.048,6496,true,0.021802395,0.000192802,25646,52
mvtable_cpp,baxter,bookshelf_tall_both_arms_medium,13,0.048,6496,true,0.074072961,0.000061936,25646,52
capt,baxter,bookshelf_tall_both_arms_medium,13,0.048,6496,true,0.046295277,0.006167478,25646,52
kiddo,baxter,bookshelf_tall_both_arms_medium,13,0.048,6496,true,0.099798538,0.000164359,25646,52
mvtable_simd,baxter,bookshelf_tall_both_arms_medium,13,0.048,6496,true,0.020737254,0.000131006,25646,52
mvtable_mutable_simd,baxter,bookshelf_tall_both_arms_medium,13,0.048,6496,true,0.02047409,0.000203823,25646,52
mvt_cpp_simd,baxter,bookshelf_tall_both_arms_medium,13,0.048,6496,true,0.051150891,0.000060584,25646,52
capt_simd,baxter,bookshelf_tall_both_arms_medium,13,0.048,6496,true,0.037827867,0.006314365,25646,52
primitive,baxter,bookshelf_tall_both_arms_medium,14,0.048,6975,true,0.046240184,0.000000551,65392,430
mvtable,baxter,bookshelf_tall_both_arms_medium,14,0.048,6975,true,0.016305898,0.000127119,19479,358
mvtable_mutable,baxter,bookshelf_tall_both_arms_medium,14,0.048,6975,true,0.016359519,0.000204634,19479,358
mvtable_cpp,baxter,bookshelf_tall_both_arms_medium,14,0.048,6975,true,0.038397938,0.000066244,19479,358
capt,baxter,bookshelf_tall_both_arms_medium,14,0.048,6975,true,0.038464183,0.006825905,19479,358
kiddo,baxter,bookshelf_tall_both_arms_medium,14,0.048,6975,true,0.069129001,0.000173696,19479,358
mvtable_simd,baxter,bookshelf_tall_both_arms_medium,14,0.048,6975,true,0.015931995,0.000141155,19479,358
mvtable_mutable_simd,baxter,bookshelf_tall_both_arms_medium,14,0.048,6975,true,0.015772877,0.00020237,19479,358
mvt_cpp_simd,baxter,bookshelf_tall_both_arms_medium,14,0.048,6975,true,0.02761092,0.000064982,19479,358
capt_simd,baxter,bookshelf_tall_both_arms_medium,14,0.048,6975,true,0.029604195,0.006987499,19479,358
primitive,baxter,bookshelf_tall_both_arms_medium,15,0.048,6501,true,0.008802329,0.00000036,10856,270
mvtable,baxter,bookshelf_tall_both_arms_medium,15,0.048,6501,true,0.021583885,0.000126908,21359,245
mvtable_mutable,baxter,bookshelf_tall_both_arms_medium,15,0.048,6501,true,0.021730671,0.000195508,21359,245
mvtable_cpp,baxter,bookshelf_tall_both_arms_medium,15,0.048,6501,true,0.082749824,0.000062598,21359,245
capt,baxter,bookshelf_tall_both_arms_medium,15,0.048,6501,true,0.043303907,0.006228483,21359,245
kiddo,baxter,bookshelf_tall_both_arms_medium,15,0.048,6501,true,0.077893018,0.000161995,21359,245
mvtable_simd,baxter,bookshelf_tall_both_arms_medium,15,0.048,6501,true,0.02124624,0.000129754,21359,245
mvtable_mutable_simd,baxter,bookshelf_tall_both_arms_medium,15,0.048,6501,true,0.020951547,0.000194135,21359,245
mvt_cpp_simd,baxter,bookshelf_tall_both_arms_medium,15,0.048,6501,true,0.057172324,0.000062678,21359,245
capt_simd,baxter,bookshelf_tall_both_arms_medium,15,0.048,6501,true,0.035433708,0.006629527,21359,245
primitive,baxter,bookshelf_tall_both_arms_medium,16,0.048,6498,true,0.005110633,0.000000581,3190,276
mvtable,baxter,bookshelf_tall_both_arms_medium,16,0.048,6498,true,0.006753871,0.000129283,2989,335
mvtable_mutable,baxter,bookshelf_tall_both_arms_medium,16,0.048,6498,true,0.006750344,0.000193895,2989,335
mvtable_cpp,baxter,bookshelf_tall_both_arms_medium,16,0.048,6498,true,0.024616373,0.000060063,2989,335
capt,baxter,bookshelf_tall_both_arms_medium,16,0.048,6498,true,0.013690624,0.006135729,2989,335
kiddo,baxter,bookshelf_tall_both_arms_medium,16,0.048,6498,true,0.038198814,0.000161343,2989,335
mvtable_simd,baxter,bookshelf_tall_both_arms_medium,16,0.048,6498,true,0.006437185,0.000132599,2989,335
mvtable_mutable_simd,baxter,bookshelf_tall_both_arms_medium,16,0.048,6498,true,0.00642414,0.000197722,2989,335
mvt_cpp_simd,baxter,bookshelf_tall_both_arms_medium,16,0.048,6498,true,0.01416761,0.000062998,2989,335
capt_simd,baxter,bookshelf_tall_both_arms_medium,16,0.048,6498,true,0.010951789,0.006412018,2989,335
primitive,baxter,bookshelf_tall_both_arms_medium,17,0.048,6505,true,0.013263161,0.00000032,39488,79
mvtable,baxter,bookshelf_tall_both_arms_medium,17,0.048,6505,true,0.018762264,0.000126056,24881,136
mvtable_mutable,baxter,bookshelf_tall_both_arms_medium,17,0.048,6505,true,0.019018394,0.000193724,24881,136
mvtable_cpp,baxter,bookshelf_tall_both_arms_medium,17,0.048,6505,true,0.06400875,0.000059652,24881,136
capt,baxter,bookshelf_tall_both_arms_medium,17,0.048,6505,true,0.031529072,0.006187255,24881,136
kiddo,baxter,bookshelf_tall_both_arms_medium,17,0.048,6505,true,0.053777967,0.000165241,24881,136
mvtable_simd,baxter,bookshelf_tall_both_arms_medium,17,0.048,6505,true,0.019006122,0.000135825,24881,136
mvtable_mutable_simd,baxter,bookshelf_tall_both_arms_medium,17,0.048,6505,true,0.018789014,0.000199445,24881,136
mvt_cpp_simd,baxter,bookshelf_tall_both_arms_medium,17,0.048,6505,true,0.048744298,0.000063349,24881,136
capt_simd,baxter,bookshelf_tall_both_arms_medium,17,0.048,6505,true,0.028427515,0.006352325,24881,136
primitive,baxter,bookshelf_tall_both_arms_medium,18,0.048,6485,true,0.000556746,0.000000551,489,29
mvtable,baxter,bookshelf_tall_both_arms_medium,18,0.048,6485,true,0.00200634,0.000124063,1307,75
mvtable_mutable,baxter,bookshelf_tall_both_arms_medium,18,0.048,6485,true,0.00200133,0.000189746,1307,75
mvtable_cpp,baxter,bookshelf_tall_both_arms_medium,18,0.048,6485,true,0.00551379,0.000060234,1307,75
capt,baxter,bookshelf_tall_both_arms_medium,18,0.048,6485,true,0.004620502,0.006308304,1307,75
kiddo,baxter,bookshelf_tall_both_arms_medium,18,0.048,6485,true,0.010438153,0.000165401,1307,75
mvtable_simd,baxter,bookshelf_tall_both_arms_medium,18,0.048,6485,true,0.001940726,0.000126437,1307,75
mvtable_mutable_simd,baxter,bookshelf_tall_both_arms_medium,18,0.048,6485,true,0.001919346,0.000187883,1307,75
mvt_cpp_simd,baxter,bookshelf_tall_both_arms_medium,18,0.048,6485,true,0.004085918,0.000059682,1307,75
capt_simd,baxter,bookshelf_tall_both_arms_medium,18,0.048,6485,true,0.003484968,0.006330715,1307,75
primitive,baxter,bookshelf_tall_both_arms_medium,19,0.048,6498,true,0.013550531,0.0000003,25374,193
mvtable,baxter,bookshelf_tall_both_arms_medium,19,0.048,6498,true,0.022435084,0.000124474,26812,205
mvtable_mutable,baxter,bookshelf_tall_both_arms_medium,19,0.048,6498,true,0.022799991,0.00020267,26812,205
mvtable_cpp,baxter,bookshelf_tall_both_arms_medium,19,0.048,6498,true,0.055017045,0.00006953,26812,205
capt,baxter,bookshelf_tall_both_arms_medium,19,0.048,6498,true,0.044457083,0.006207824,26812,205
kiddo,baxter,bookshelf_tall_both_arms_medium,19,0.048,6498,true,0.078840658,0.000168857,26812,205
mvtable_simd,baxter,bookshelf_tall_both_arms_medium,19,0.048,6498,true,0.022368098,0.000136336,26812,205
mvtable_mutable_simd,baxter,bookshelf_tall_both_arms_medium,19,0.048,6498,true,0.022134289,0.000197982,26812,205
mvt_cpp_simd,baxter,bookshelf_tall_both_arms_medium,19,0.048,6498,true,0.048085,0.000064842,26812,205
capt_simd,baxter,bookshelf_tall_both_arms_medium,19,0.048,6498,true,0.038745191,0.006481408,26812,205
primitive,baxter,bookshelf_tall_both_arms_medium,20,0.048,6971,true,0.001951396,0.000000391,1090,167
mvtable,baxter,bookshelf_tall_both_arms_medium,20,0.048,6971,true,0.001421921,0.000128972,493,123
mvtable_mutable,baxter,bookshelf_tall_both_arms_medium,20,0.048,6971,true,0.001444114,0.000194887,493,123
mvtable_cpp,baxter,bookshelf_tall_both_arms_medium,20,0.048,6971,true,0.002149469,0.000065112,493,123
capt,baxter,bookshelf_tall_both_arms_medium,20,0.048,6971,true,0.003881153,0.006862424,493,123
kiddo,baxter,bookshelf_tall_both_arms_medium,20,0.048,6971,true,0.012252892,0.000177203,493,123
mvtable_simd,baxter,bookshelf_tall_both_arms_medium,20,0.048,6971,true,0.001254677,0.000132769,493,123
mvtable_mutable_simd,baxter,bookshelf_tall_both_arms_medium,20,0.048,6971,true,0.001247444,0.000189667,493,123
mvt_cpp_simd,baxter,bookshelf_tall_both_arms_medium,20,0.048,6971,true,0.001880865,0.000064211,493,123
capt_simd,baxter,bookshelf_tall_both_arms_medium,20,0.048,6971,true,0.002681318,0.006934831,493,123
primitive,baxter,bookshelf_tall_both_arms_medium,21,0.048,6501,true,0.003655879,0.000000441,3626,52
mvtable,baxter,bookshelf_tall_both_arms_medium,21,0.048,6501,true,0.001780986,0.000122309,979,40
mvtable_mutable,baxter,bookshelf_tall_both_arms_medium,21,0.048,6501,true,0.001788541,0.000185238,979,40
mvtable_cpp,baxter,bookshelf_tall_both_arms_medium,21,0.048,6501,true,0.007208895,0.000060604,979,40
capt,baxter,bookshelf_tall_both_arms_medium,21,0.048,6501,true,0.004314657,0.006111103,979,40
kiddo,baxter,bookshelf_tall_both_arms_medium,21,0.048,6501,true,0.011123641,0.000164048,979,40
mvtable_simd,baxter,bookshelf_tall_both_arms_medium,21,0.048,6501,true,0.001584457,0.000123933,979,40
mvtable_mutable_simd,baxter,bookshelf_tall_both_arms_medium,21,0.048,6501,true,0.001600737,0.000176021,979,40
mvt_cpp_simd,baxter,bookshelf_tall_both_arms_medium,21,0.048,6501,true,0.004016336,0.000058971,979,40
capt_simd,baxter,bookshelf_tall_both_arms_medium,21,0.048,6501,true,0.003162011,0.006229405,979,40
primitive,baxter,bookshelf_tall_both_arms_medium,23,0.048,6495,true,0.006254963,0.000001113,5208,257
mvtable,baxter,bookshelf_tall_both_arms_medium,23,0.048,6495,true,0.001693292,0.000122961,887,120
mvtable_mutable,baxter,bookshelf_tall_both_arms_medium,23,0.048,6495,true,0.001678985,0.000184436,887,120
mvtable_cpp,baxter,bookshelf_tall_both_arms_medium,23,0.048,6495,true,0.006857716,0.000060013,887,120
capt,baxter,bookshelf_tall_both_arms_medium,23,0.048,6495,true,0.003907452,0.006082619,887,120
kiddo,baxter,bookshelf_tall_both_arms_medium,23,0.048,6495,true,0.011977785,0.000163968,887,120
mvtable_simd,baxter,bookshelf_tall_both_arms_medium,23,0.048,6495,true,0.001527019,0.000126017,887,120
mvtable_mutable_simd,baxter,bookshelf_tall_both_arms_medium,23,0.048,6495,true,0.001520257,0.000183595,887,120
mvt_cpp_simd,baxter,bookshelf_tall_both_arms_medium,23,0.048,6495,true,0.003376755,0.000060894,887,120
capt_simd,baxter,bookshelf_tall_both_arms_medium,23,0.048,6495,true,0.002826581,0.006279129,887,120
primitive,baxter,bookshelf_tall_both_arms_medium,24,0.048,6973,true,0.000642107,0.000000381,384,53
mvtable,baxter,bookshelf_tall_both_arms_medium,24,0.048,6973,true,0.00175633,0.000128511,818,108
mvtable_mutable,baxter,bookshelf_tall_both_arms_medium,24,0.048,6973,true,0.001736222,0.000183505,818,108
mvtable_cpp,baxter,bookshelf_tall_both_arms_medium,24,0.048,6973,true,0.003524302,0.000063148,818,108
capt,baxter,bookshelf_tall_both_arms_medium,24,0.048,6973,true,0.004588842,0.006632211,818,108
kiddo,baxter,bookshelf_tall_both_arms_medium,24,0.048,6973,true,0.013719549,0.000175419,818,108
mvtable_simd,baxter,bookshelf_tall_both_arms_medium,24,0.048,6973,true,0.001558097,0.000139222,818,108
mvtable_mutable_simd,baxter,bookshelf_tall_both_arms_medium,24,0.048,6973,true,0.001555233,0.000202871,818,108
mvt_cpp_simd,baxter,bookshelf_tall_both_arms_medium,24,0.048,6973,true,0.002505538,0.000070091,818,108
capt_simd,baxter,bookshelf_tall_both_arms_medium,24,0.048,6973,true,0.003232694,0.007106784,818,108
primitive,baxter,bookshelf_tall_both_arms_medium,25,0.048,6970,true,0.005875079,0.000000391,6429,218
mvtable,baxter,bookshelf_tall_both_arms_medium,25,0.048,6970,true,0.004982042,0.000130355,2040,311
mvtable_mutable,baxter,bookshelf_tall_both_arms_medium,25,0.048,6970,true,0.004925284,0.000192231,2040,311
mvtable_cpp,baxter,bookshelf_tall_both_arms_medium,25,0.048,6970,true,0.00943078,0.000065894,2040,311
capt,baxter,bookshelf_tall_both_arms_medium,25,0.048,6970,true,0.01166096,0.006715388,2040,311
kiddo,baxter,bookshelf_tall_both_arms_medium,25,0.048,6970,true,0.032239627,0.000178926,2040,311
mvtable_simd,baxter,bookshelf_tall_both_arms_medium,25,0.048,6970,true,0.00459802,0.000141716,2040,311
mvtable_mutable_simd,baxter,bookshelf_tall_both_arms_medium,25,0.048,6970,true,0.004559497,0.000225463,2040,311
mvt_cpp_simd,baxter,bookshelf_tall_both_arms_medium,25,0.048,6970,true,0.006611212,0.000067297,2040,311
capt_simd,baxter,bookshelf_tall_both_arms_medium,25,0.048,6970,true,0.008588327,0.007045688,2040,311
primitive,baxter,bookshelf_tall_both_arms_medium,27,0.048,6495,true,0.000732857,0.00000044,607,46
mvtable,baxter,bookshelf_tall_both_arms_medium,27,0.048,6495,true,0.000657215,0.000132299,214,47
mvtable_mutable,baxter,bookshelf_tall_both_arms_medium,27,0.048,6495,true,0.000645924,0.00021296,214,47
mvtable_cpp,baxter,bookshelf_tall_both_arms_medium,27,0.048,6495,true,0.003289772,0.000057518,214,47
capt,baxter,bookshelf_tall_both_arms_medium,27,0.048,6495,true,0.001620695,0.005865952,214,47
kiddo,baxter,bookshelf_tall_both_arms_medium,27,0.048,6495,true,0.005368347,0.000161002,214,47
mvtable_simd,baxter,bookshelf_tall_both_arms_medium,27,0.048,6495,true,0.000572927,0.000139582,214,47
mvtable_mutable_simd,baxter,bookshelf_tall_both_arms_medium,27,0.048,6495,true,0.000574459,0.000206508,214,47
mvt_cpp_simd,baxter,bookshelf_tall_both_arms_medium,27,0.048,6495,true,0.001435297,0.000057919,214,47
capt_simd,baxter,bookshelf_tall_both_arms_medium,27,0.048,6495,true,0.001115957,0.006106634,214,47
primitive,baxter,bookshelf_tall_both_arms_medium,28,0.048,6494,true,0.01537045,0.000000331,18899,390
mvtable,baxter,bookshelf_tall_both_arms_medium,28,0.048,6494,true,0.00117058,0.000124334,762,57
mvtable_mutable,baxter,bookshelf_tall_both_arms_medium,28,0.048,6494,true,0.001124162,0.000184065,762,57
mvtable_cpp,baxter,bookshelf_tall_both_arms_medium,28,0.048,6494,true,0.004689311,0.000060343,762,57
capt,baxter,bookshelf_tall_both_arms_medium,28,0.048,6494,true,0.002653025,0.006351384,762,57
kiddo,baxter,bookshelf_tall_both_arms_medium,28,0.048,6494,true,0.007092817,0.000177013,762,57
mvtable_simd,baxter,bookshelf_tall_both_arms_medium,28,0.048,6494,true,0.001035576,0.000128472,762,57
mvtable_mutable_simd,baxter,bookshelf_tall_both_arms_medium,28,0.048,6494,true,0.001026479,0.00018642,762,57
mvt_cpp_simd,baxter,bookshelf_tall_both_arms_medium,28,0.048,6494,true,0.00258625,0.000088556,762,57
capt_simd,baxter,bookshelf_tall_both_arms_medium,28,0.048,6494,true,0.001989478,0.00631709,762,57
primitive,baxter,bookshelf_tall_both_arms_medium,29,0.048,6974,true,0.030892896,0.000000421,69365,278
mvtable,baxter,bookshelf_tall_both_arms_medium,29,0.048,6974,true,0.007897108,0.000132449,8318,200
mvtable_mutable,baxter,bookshelf_tall_both_arms_medium,29,0.048,6974,true,0.00790299,0.000194936,8318,200
mvtable_cpp,baxter,bookshelf_tall_both_arms_medium,29,0.048,6974,true,0.027377711,0.000063199,8318,200
capt,baxter,bookshelf_tall_both_arms_medium,29,0.048,6974,true,0.017480516,0.006869988,8318,200
kiddo,baxter,bookshelf_tall_both_arms_medium,29,0.048,6974,true,0.035000916,0.000192181,8318,200
mvtable_simd,baxter,bookshelf_tall_both_arms_medium,29,0.048,6974,true,0.007702883,0.000145283,8318,200
mvtable_mutable_simd,baxter,bookshelf_tall_both_arms_medium,29,0.048,6974,true,0.007612914,0.000243958,8318,200
mvt_cpp_simd,baxter,bookshelf_tall_both_arms_medium,29,0.048,6974,true,0.019119555,0.000065052,8318,200
capt_simd,baxter,bookshelf_tall_both_arms_medium,29,0.048,6974,true,0.014059828,0.00699336,8318,200
primitive,baxter,bookshelf_tall_both_arms_medium,30,0.048,6974,true,0.001152645,0.000000501,1455,49
mvtable,baxter,bookshelf_tall_both_arms_medium,30,0.048,6974,true,0.001529354,0.000134413,893,60
mvtable_mutable,baxter,bookshelf_tall_both_arms_medium,30,0.048,6974,true,0.001519134,0.000197131,893,60
mvtable_cpp,baxter,bookshelf_tall_both_arms_medium,30,0.048,6974,true,0.008013087,0.000066215,893,60
capt,baxter,bookshelf_tall_both_arms_medium,30,0.048,6974,true,0.003811782,0.006771344,893,60
kiddo,baxter,bookshelf_tall_both_arms_medium,30,0.048,6974,true,0.008413619,0.000176382,893,60
mvtable_simd,baxter,bookshelf_tall_both_arms_medium,30,0.048,6974,true,0.001452299,0.00013302,893,60
mvtable_mutable_simd,baxter,bookshelf_tall_both_arms_medium,30,0.048,6974,true,0.001436098,0.000184737,893,60
mvt_cpp_simd,baxter,bookshelf_tall_both_arms_medium,30,0.048,6974,true,0.004150098,0.000062287,893,60
capt_simd,baxter,bookshelf_tall_both_arms_medium,30,0.048,6974,true,0.002681929,0.006882372,893,60
primitive,baxter,bookshelf_tall_both_arms_medium,31,0.048,6973,true,0.001085239,0.000000461,607,101
mvtable,baxter,bookshelf_tall_both_arms_medium,31,0.048,6973,true,0.00153313,0.000130946,607,117
mvtable_mutable,baxter,bookshelf_tall_both_arms_medium,31,0.048,6973,true,0.001530235,0.000188614,607,117
mvtable_cpp,baxter,bookshelf_tall_both_arms_medium,31,0.048,6973,true,0.003115614,0.00006411,607,117
capt,baxter,bookshelf_tall_both_arms_medium,31,0.048,6973,true,0.003984567,0.006608958,607,117
kiddo,baxter,bookshelf_tall_both_arms_medium,31,0.048,6973,true,0.011158587,0.000180268,607,117
mvtable_simd,baxter,bookshelf_tall_both_arms_medium,31,0.048,6973,true,0.001377258,0.000132128,607,117
mvtable_mutable_simd,baxter,bookshelf_tall_both_arms_medium,31,0.048,6973,true,0.001379712,0.000243037,607,117
mvt_cpp_simd,baxter,bookshelf_tall_both_arms_medium,31,0.048,6973,true,0.001816523,0.000070513,607,117
capt_simd,baxter,bookshelf_tall_both_arms_medium,31,0.048,6973,true,0.002745038,0.006822369,607,117
primitive,baxter,bookshelf_tall_both_arms_medium,34,0.048,6969,true,0.005322992,0.000000451,5641,179
mvtable,baxter,bookshelf_tall_both_arms_medium,34,0.048,6969,true,0.004098601,0.000130305,2036,244
mvtable_mutable,baxter,bookshelf_tall_both_arms_medium,34,0.048,6969,true,0.004070117,0.000180008,2036,244
mvtable_cpp,baxter,bookshelf_tall_both_arms_medium,34,0.048,6969,true,0.013592991,0.000063179,2036,244
capt,baxter,bookshelf_tall_both_arms_medium,34,0.048,6969,true,0.009911152,0.006746216,2036,244
kiddo,baxter,bookshelf_tall_both_arms_medium,34,0.048,6969,true,0.030502583,0.000177373,2036,244
mvtable_simd,baxter,bookshelf_tall_both_arms_medium,34,0.048,6969,true,0.003657552,0.000137238,2036,244
mvtable_mutable_simd,baxter,bookshelf_tall_both_arms_medium,34,0.048,6969,true,0.003659246,0.000191449,2036,244
mvt_cpp_simd,baxter,bookshelf_tall_both_arms_medium,34,0.048,6969,true,0.007075194,0.000062718,2036,244
capt_simd,baxter,bookshelf_tall_both_arms_medium,34,0.048,6969,true,0.007403281,0.006860992,2036,244
primitive,baxter,bookshelf_tall_both_arms_medium,35,0.048,6493,true,0.005196875,0.000000621,7212,65
mvtable,baxter,bookshelf_tall_both_arms_medium,35,0.048,6493,true,0.001647144,0.000126077,804,78
mvtable_mutable,baxter,bookshelf_tall_both_arms_medium,35,0.048,6493,true,0.001646995,0.000193143,804,78
mvtable_cpp,baxter,bookshelf_tall_both_arms_medium,35,0.048,6493,true,0.005531113,0.000062367,804,78
capt,baxter,bookshelf_tall_both_arms_medium,35,0.048,6493,true,0.003675416,0.00613627,804,78
kiddo,baxter,bookshelf_tall_both_arms_medium,35,0.048,6493,true,0.010088917,0.00016523,804,78
mvtable_simd,baxter,bookshelf_tall_both_arms_medium,35,0.048,6493,true,0.001542518,0.000124353,804,78
mvtable_mutable_simd,baxter,bookshelf_tall_both_arms_medium,35,0.048,6493,true,0.001522681,0.000179758,804,78
mvt_cpp_simd,baxter,bookshelf_tall_both_arms_medium,35,0.048,6493,true,0.003367006,0.000066996,804,78
capt_simd,baxter,bookshelf_tall_both_arms_medium,35,0.048,6493,true,0.002726704,0.006195471,804,78
primitive,baxter,bookshelf_tall_both_arms_medium,36,0.048,6495,true,0.027428977,0.000000301,64475,183
mvtable,baxter,bookshelf_tall_both_arms_medium,36,0.048,6495,true,0.009171843,0.000122651,8252,178
mvtable_mutable,baxter,bookshelf_tall_both_arms_medium,36,0.048,6495,true,0.009165472,0.000195618,8252,178
mvtable_cpp,baxter,bookshelf_tall_both_arms_medium,36,0.048,6495,true,0.049929776,0.00008031,8252,178
capt,baxter,bookshelf_tall_both_arms_medium,36,0.048,6495,true,0.023975489,0.006193608,8252,178
kiddo,baxter,bookshelf_tall_both_arms_medium,36,0.048,6495,true,0.04650962,0.000164829,8252,178
mvtable_simd,baxter,bookshelf_tall_both_arms_medium,36,0.048,6495,true,0.008774888,0.000126387,8252,178
mvtable_mutable_simd,baxter,bookshelf_tall_both_arms_medium,36,0.048,6495,true,0.008719433,0.000189125,8252,178
mvt_cpp_simd,baxter,bookshelf_tall_both_arms_medium,36,0.048,6495,true,0.027152248,0.000059772,8252,178
capt_simd,baxter,bookshelf_tall_both_arms_medium,36,0.048,6495,true,0.016756264,0.006412038,8252,178
primitive,baxter,bookshelf_tall_both_arms_medium,38,0.048,6509,true,0.013969989,0.00000038,13119,318
mvtable,baxter,bookshelf_tall_both_arms_medium,38,0.048,6509,true,0.006074714,0.000123602,6066,141
mvtable_mutable,baxter,bookshelf_tall_both_arms_medium,38,0.048,6509,true,0.006033647,0.000187863,6066,141
mvtable_cpp,baxter,bookshelf_tall_both_arms_medium,38,0.048,6509,true,0.0129858,0.000074871,6066,141
capt,baxter,bookshelf_tall_both_arms_medium,38,0.048,6509,true,0.012229338,0.005974967,6066,141
kiddo,baxter,bookshelf_tall_both_arms_medium,38,0.048,6509,true,0.026725957,0.000167004,6066,141
mvtable_simd,baxter,bookshelf_tall_both_arms_medium,38,0.048,6509,true,0.005764512,0.000133771,6066,141
mvtable_mutable_simd,baxter,bookshelf_tall_both_arms_medium,38,0.048,6509,true,0.005693277,0.00019727,6066,141
mvt_cpp_simd,baxter,bookshelf_tall_both_arms_medium,38,0.048,6509,true,0.008492748,0.000066696,6066,141
capt_simd,baxter,bookshelf_tall_both_arms_medium,38,0.048,6509,true,0.00955316,0.006337908,6066,141
primitive,baxter,bookshelf_tall_both_arms_medium,39,0.048,6981,true,0.000743357,0.00000039,600,45
mvtable,baxter,bookshelf_tall_both_arms_medium,39,0.048,6981,true,0.001709181,0.000131217,1020,69
mvtable_mutable,baxter,bookshelf_tall_both_arms_medium,39,0.048,6981,true,0.001693412,0.000188033,1020,69
mvtable_cpp,baxter,bookshelf_tall_both_arms_medium,39,0.048,6981,true,0.003077813,0.000070162,1020,69
capt,baxter,bookshelf_tall_both_arms_medium,39,0.048,6981,true,0.004554898,0.006734474,1020,69
kiddo,baxter,bookshelf_tall_both_arms_medium,39,0.048,6981,true,0.010164398,0.000180429,1020,69
mvtable_simd,baxter,bookshelf_tall_both_arms_medium,39,0.048,6981,true,0.001610827,0.000141817,1020,69
mvtable_mutable_simd,baxter,bookshelf_tall_both_arms_medium,39,0.048,6981,true,0.001601128,0.000191059,1020,69
mvt_cpp_simd,baxter,bookshelf_tall_both_arms_medium,39,0.048,6981,true,0.002659076,0.000062728,1020,69
capt_simd,baxter,bookshelf_tall_both_arms_medium,39,0.048,6981,true,0.003168664,0.006846404,1020,69
primitive,baxter,bookshelf_tall_both_arms_medium,40,0.048,6493,true,0.005665155,0.000000321,3352,391
mvtable,baxter,bookshelf_tall_both_arms_medium,40,0.048,6493,true,0.007042142,0.000124284,2078,556
mvtable_mutable,baxter,bookshelf_tall_both_arms_medium,40,0.048,6493,true,0.006994312,0.000182363,2078,556
mvtable_cpp,baxter,bookshelf_tall_both_arms_medium,40,0.048,6493,true,0.022883848,0.000074149,2078,556
capt,baxter,bookshelf_tall_both_arms_medium,40,0.048,6493,true,0.016270502,0.006160325,2078,556
kiddo,baxter,bookshelf_tall_both_arms_medium,40,0.048,6493,true,0.05015532,0.00017546,2078,556
mvtable_simd,baxter,bookshelf_tall_both_arms_medium,40,0.048,6493,true,0.006279098,0.000127249,2078,556
mvtable_mutable_simd,baxter,bookshelf_tall_both_arms_medium,40,0.048,6493,true,0.006352345,0.000204414,2078,556
mvt_cpp_simd,baxter,bookshelf_tall_both_arms_medium,40,0.048,6493,true,0.012057145,0.000072225,2078,556
capt_simd,baxter,bookshelf_tall_both_arms_medium,40,0.048,6493,true,0.012259294,0.006360782,2078,556
primitive,baxter,bookshelf_tall_both_arms_medium,43,0.048,6497,true,0.002911411,0.000000461,7790,78
mvtable,baxter,bookshelf_tall_both_arms_medium,43,0.048,6497,true,0.003923863,0.0001222,5731,79
mvtable_mutable,baxter,bookshelf_tall_both_arms_medium,43,0.048,6497,true,0.003823474,0.000175941,5731,79
mvtable_cpp,baxter,bookshelf_tall_both_arms_medium,43,0.048,6497,true,0.023712325,0.000073989,5731,79
capt,baxter,bookshelf_tall_both_arms_medium,43,0.048,6497,true,0.010174667,0.006240275,5731,79
kiddo,baxter,bookshelf_tall_both_arms_medium,43,0.048,6497,true,0.019785416,0.000167064,5731,79
mvtable_simd,baxter,bookshelf_tall_both_arms_medium,43,0.048,6497,true,0.003770555,0.000126778,5731,79
mvtable_mutable_simd,baxter,bookshelf_tall_both_arms_medium,43,0.048,6497,true,0.003731171,0.000185598,5731,79
mvt_cpp_simd,baxter,bookshelf_tall_both_arms_medium,43,0.048,6497,true,0.011553539,0.000060323,5731,79
capt_simd,baxter,bookshelf_tall_both_arms_medium,43,0.048,6497,true,0.006623105,0.006512827,5731,79
primitive,baxter,bookshelf_tall_both_arms_medium,44,0.048,6983,true,0.007899513,0.000000311,10320,196
mvtable,baxter,bookshelf_tall_both_arms_medium,44,0.048,6983,true,0.004957815,0.000129935,3844,141
mvtable_mutable,baxter,bookshelf_tall_both_arms_medium,44,0.048,6983,true,0.004958998,0.000190028,3844,141
mvtable_cpp,baxter,bookshelf_tall_both_arms_medium,44,0.048,6983,true,0.009117852,0.000062717,3844,141
capt,baxter,bookshelf_tall_both_arms_medium,44,0.048,6983,true,0.011183263,0.006835554,3844,141
kiddo,baxter,bookshelf_tall_both_arms_medium,44,0.048,6983,true,0.024872264,0.000195497,3844,141
mvtable_simd,baxter,bookshelf_tall_both_arms_medium,44,0.048,6983,true,0.004854151,0.000136536,3844,141
mvtable_mutable_simd,baxter,bookshelf_tall_both_arms_medium,44,0.048,6983,true,0.00468927,0.000198272,3844,141
mvt_cpp_simd,baxter,bookshelf_tall_both_arms_medium,44,0.048,6983,true,0.00653015,0.000067576,3844,141
capt_simd,baxter,bookshelf_tall_both_arms_medium,44,0.048,6983,true,0.008544104,0.007147129,3844,141
primitive,baxter,bookshelf_tall_both_arms_medium,45,0.048,6976,true,0.005027096,0.000000411,7215,81
mvtable,baxter,bookshelf_tall_both_arms_medium,45,0.048,6976,true,0.004024121,0.000134673,2008,229
mvtable_mutable,baxter,bookshelf_tall_both_arms_medium,45,0.048,6976,true,0.003998793,0.000193383,2008,229
mvtable_cpp,baxter,bookshelf_tall_both_arms_medium,45,0.048,6976,true,0.011082233,0.00006376,2008,229
capt,baxter,bookshelf_tall_both_arms_medium,45,0.048,6976,true,0.009760249,0.006608788,2008,229
kiddo,baxter,bookshelf_tall_both_arms_medium,45,0.048,6976,true,0.027632741,0.000177975,2008,229
mvtable_simd,baxter,bookshelf_tall_both_arms_medium,45,0.048,6976,true,0.003756399,0.000136196,2008,229
mvtable_mutable_simd,baxter,bookshelf_tall_both_arms_medium,45,0.048,6976,true,0.003687589,0.000200947,2008,229
mvt_cpp_simd,baxter,bookshelf_tall_both_arms_medium,45,0.048,6976,true,0.007261274,0.000066475,2008,229
capt_simd,baxter,bookshelf_tall_both_arms_medium,45,0.048,6976,true,0.007225236,0.007029919,2008,229
primitive,baxter,bookshelf_tall_both_arms_medium,47,0.048,6505,true,0.003941846,0.000000701,3716,121
mvtable,baxter,bookshelf_tall_both_arms_medium,47,0.048,6505,true,0.000385104,0.000121618,185,22
mvtable_mutable,baxter,bookshelf_tall_both_arms_medium,47,0.048,6505,true,0.000379393,0.000178084,185,22
mvtable_cpp,baxter,bookshelf_tall_both_arms_medium,47,0.048,6505,true,0.000595599,0.000058149,185,22
capt,baxter,bookshelf_tall_both_arms_medium,47,0.048,6505,true,0.000923686,0.005927537,185,22
kiddo,baxter,bookshelf_tall_both_arms_medium,47,0.048,6505,true,0.002997703,0.000171903,185,22
mvtable_simd,baxter,bookshelf_tall_both_arms_medium,47,0.048,6505,true,0.000336242,0.000122831,185,22
mvtable_mutable_simd,baxter,bookshelf_tall_both_arms_medium,47,0.048,6505,true,0.000331694,0.000174318,185,22
mvt_cpp_simd,baxter,bookshelf_tall_both_arms_medium,47,0.048,6505,true,0.00040952,0.000057207,185,22
capt_simd,baxter,bookshelf_tall_both_arms_medium,47,0.048,6505,true,0.000631797,0.006142531,185,22
primitive,baxter,bookshelf_tall_both_arms_medium,48,0.048,6494,true,0.002166551,0.000000531,2778,81
mvtable,baxter,bookshelf_tall_both_arms_medium,48,0.048,6494,true,0.002786276,0.000123933,1263,149
mvtable_mutable,baxter,bookshelf_tall_both_arms_medium,48,0.048,6494,true,0.00288437,0.000191881,1263,149
mvtable_cpp,baxter,bookshelf_tall_both_arms_medium,48,0.048,6494,true,0.006067691,0.000061966,1263,149
capt,baxter,bookshelf_tall_both_arms_medium,48,0.048,6494,true,0.006553634,0.006241347,1263,149
kiddo,baxter,bookshelf_tall_both_arms_medium,48,0.048,6494,true,0.017380036,0.000204384,1263,149
mvtable_simd,baxter,bookshelf_tall_both_arms_medium,48,0.048,6494,true,0.00252824,0.000126388,1263,149
mvtable_mutable_simd,baxter,bookshelf_tall_both_arms_medium,48,0.048,6494,true,0.002524293,0.000181281,1263,149
mvt_cpp_simd,baxter,bookshelf_tall_both_arms_medium,48,0.048,6494,true,0.003543047,0.000059151,1263,149
capt_simd,baxter,bookshelf_tall_both_arms_medium,48,0.048,6494,true,0.004616364,0.006404985,1263,149
primitive,baxter,bookshelf_tall_both_arms_medium,49,0.048,6501,true,0.005283818,0.000000311,4954,189
mvtable,baxter,bookshelf_tall_both_arms_medium,49,0.048,6501,true,0.000418095,0.000121408,172,30
mvtable_mutable,baxter,bookshelf_tall_both_arms_medium,49,0.048,6501,true,0.000459483,0.000189025,172,30
mvtable_cpp,baxter,bookshelf_tall_both_arms_medium,49,0.048,6501,true,0.001390252,0.000060133,172,30
capt,baxter,bookshelf_tall_both_arms_medium,49,0.048,6501,true,0.001023413,0.006000555,172,30
kiddo,baxter,bookshelf_tall_both_arms_medium,49,0.048,6501,true,0.002954201,0.000164288,172,30
mvtable_simd,baxter,bookshelf_tall_both_arms_medium,49,0.048,6501,true,0.000380816,0.000123202,172,30
mvtable_mutable_simd,baxter,bookshelf_tall_both_arms_medium,49,0.048,6501,true,0.000369564,0.000166423,172,30
mvt_cpp_simd,baxter,bookshelf_tall_both_arms_medium,49,0.048,6501,true,0.000802508,0.000057589,172,30
capt_simd,baxter,bookshelf_tall_both_arms_medium,49,0.048,6501,true,0.000721215,0.006173429,172,30
primitive,baxter,bookshelf_tall_both_arms_medium,50,0.048,6968,true,0.002638407,0.00000033,824,241
mvtable,baxter,bookshelf_tall_both_arms_medium,50,0.048,6968,true,0.001305553,0.000131236,388,128
mvtable_mutable,baxter,bookshelf_tall_both_arms_medium,50,0.048,6968,true,0.001258905,0.000188515,388,128
mvtable_cpp,baxter,bookshelf_tall_both_arms_medium,50,0.048,6968,true,0.002277519,0.000065172,388,128
capt,baxter,bookshelf_tall_both_arms_medium,50,0.048,6968,true,0.00306001,0.006833891,388,128
kiddo,baxter,bookshelf_tall_both_arms_medium,50,0.048,6968,true,0.01158642,0.000175339,388,128
mvtable_simd,baxter,bookshelf_tall_both_arms_medium,50,0.048,6968,true,0.001105637,0.00013339,388,128
mvtable_mutable_simd,baxter,bookshelf_tall_both_arms_medium,50,0.048,6968,true,0.001096811,0.000193734,388,128
mvt_cpp_simd,baxter,bookshelf_tall_both_arms_medium,50,0.048,6968,true,0.001403557,0.000064651,388,128
capt_simd,baxter,bookshelf_tall_both_arms_medium,50,0.048,6968,true,0.002329988,0.006925252,388,128
